Results from heasarc_actszclust: Atacama Cosmology Telescope DR5 Sunyaev-Zeldovich Cluster Catalog
Coordinate system: Equatorial
|name               |ra         |dec        |snr     |y_c       |y_c_error |redshift|redshift_error|mass_500c|mass_500c_pos_err|mass_500c_neg_err|mass_200m|mass_200m_pos_err|mass_200m_neg_err|
|ACT-CL J2232.5-5959|22 32 33.14|-59 59 13.4| 7.13786|1.3559e-04|1.8996e-05|0.594800|      0.000000|  3.47218|          0.65505|          0.55108|  6.06031|          1.14332|          0.96186|
|ACT-CL J0115.3-5958|01 15 19.27|-59 58 48.3| 6.69532|8.6118e-05|1.2862e-05|0.395649|      0.010703|  3.21006|          0.66651|          0.55191|  5.77569|          1.19921|          0.99303|
|ACT-CL J0000.7-5957|00 00 43.96|-59 57 30.0| 4.30735|1.7397e-04|4.0389e-05|0.489200|      0.020849|  2.01960|          0.52395|          0.41602|  3.53286|          0.91654|          0.72774|
|ACT-CL J2201.8-5956|22 01 52.37|-59 56 55.4|13.22822|1.2700e-04|9.6010e-06|0.097200|      0.000000|  6.15737|          1.60276|          1.27173| 12.52507|          3.26028|          2.58691|
|ACT-CL J0522.5-5956|05 22 33.96|-59 56 44.6| 4.60400|1.4381e-04|3.1235e-05|0.570800|      0.021991|  2.28765|          0.53459|          0.43333|  3.96715|          0.92706|          0.75146|
|ACT-CL J0535.0-5956|05 35 04.41|-59 56 18.0| 4.43115|1.8897e-04|4.2647e-05|0.620000|      0.042130|  2.35315|          0.55790|          0.45098|  4.06137|          0.96290|          0.77836|
|ACT-CL J0151.4-5954|01 51 28.55|-59 54 13.3| 6.01806|6.0145e-05|9.9940e-06|0.948200|      0.027275|  2.66915|          0.50574|          0.42518|  4.55448|          0.86296|          0.72550|
|ACT-CL J2154.8-5953|21 54 48.62|-59 53 15.7| 5.80705|1.0154e-04|1.7485e-05|0.907400|      0.026704|  2.98411|          0.57521|          0.48225|  5.10471|          0.98396|          0.82495|
|ACT-CL J0641.5-5950|06 41 33.65|-59 50 04.8| 6.39767|2.2300e-04|3.4856e-05|0.518100|      0.039070|  3.34545|          0.67796|          0.56372|  5.89209|          1.19404|          0.99284|
|ACT-CL J0209.0-5946|02 09 00.50|-59 46 22.7| 4.27958|7.8213e-05|1.8276e-05|0.886252|      0.015928|  2.07600|          0.46755|          0.38161|  3.52468|          0.79383|          0.64790|
|ACT-CL J0240.6-5946|02 40 37.99|-59 46 00.4|10.02581|1.1673e-04|1.1643e-05|0.400000|      0.000000|  4.52926|          0.85818|          0.72148|  8.20916|          1.55544|          1.30767|
|ACT-CL J0106.4-5942|01 06 27.96|-59 42 59.7| 7.90477|9.1804e-05|1.1614e-05|0.348100|      0.000000|  3.50581|          0.71046|          0.59074|  6.39282|          1.29552|          1.07722|
|ACT-CL J0052.8-5942|00 52 51.69|-59 42 37.7| 5.30637|5.7424e-05|1.0822e-05|1.040000|      0.028560|  2.40723|          0.47590|          0.39734|  4.10293|          0.81112|          0.67724|
|ACT-CL J2337.4-5942|23 37 24.62|-59 42 25.1|16.85087|5.5226e-04|3.2773e-05|0.775000|      0.000000|  6.16585|          0.99858|          0.85940| 10.75724|          1.74217|          1.49934|
|ACT-CL J0611.3-5937|06 11 18.00|-59 37 45.1| 4.75444|4.8723e-05|1.0248e-05|0.390000|      0.030160|  2.41387|          0.60330|          0.48267|  4.31986|          1.07966|          0.86378|
|ACT-CL J0124.7-5937|01 24 46.89|-59 37 39.9| 4.43114|4.5429e-05|1.0252e-05|0.207810|      0.004086|  1.99885|          0.56404|          0.43991|  3.75513|          1.05963|          0.82643|
|ACT-CL J2154.7-5936|21 54 46.12|-59 36 27.6| 5.62868|2.5360e-04|4.5055e-05|0.434067|      0.009705|  3.02758|          0.65642|          0.53945|  5.39679|          1.17009|          0.96160|
|ACT-CL J2034.1-5936|20 34 11.74|-59 36 08.8| 7.01242|9.9890e-05|1.4245e-05|0.894020|      0.015380|  3.44361|          0.62157|          0.52653|  5.90993|          1.06675|          0.90364|
|ACT-CL J0243.9-5936|02 43 58.01|-59 36 07.4| 4.13686|3.9918e-05|9.6494e-06|0.226634|      0.004835|  1.88133|          0.56601|          0.43511|  3.50529|          1.05459|          0.81069|
|ACT-CL J0317.2-5935|03 17 15.62|-59 35 10.7| 5.79520|8.0257e-05|1.3849e-05|0.469000|      0.000000|  2.69872|          0.57158|          0.47168|  4.76725|          1.00968|          0.83321|
|ACT-CL J0231.8-5934|02 31 53.61|-59 34 18.4| 4.84157|1.5228e-04|3.1453e-05|0.948626|      0.024058|  2.36778|          0.49162|          0.40710|  4.02994|          0.83674|          0.69288|
|ACT-CL J0243.4-5931|02 43 24.44|-59 31 02.2| 6.55022|1.0460e-04|1.5968e-05|0.635200|      0.000000|  3.27931|          0.63750|          0.53374|  5.69284|          1.10669|          0.92656|
|ACT-CL J1914.6-5928|19 14 38.24|-59 28 02.2|11.54140|1.3767e-04|1.1929e-05|0.263600|      0.000000|  5.56082|          1.12691|          0.93702| 10.51565|          2.13102|          1.77193|
|ACT-CL J2205.0-5927|22 05 02.49|-59 27 13.2| 5.97777|6.9756e-05|1.1669e-05|0.353072|      0.008853|  3.03593|          0.67607|          0.55294|  5.50993|          1.22701|          1.00353|
|ACT-CL J0342.9-5925|03 42 58.83|-59 25 54.6| 5.02090|1.1331e-04|2.2567e-05|0.968600|      0.027560|  2.30981|          0.47383|          0.39318|  3.92956|          0.80611|          0.66889|
|ACT-CL J0422.7-5922|04 22 47.58|-59 22 48.2| 4.51883|1.6257e-04|3.5975e-05|0.764600|      0.024704|  2.09178|          0.47111|          0.38451|  3.56443|          0.80278|          0.65521|
|ACT-CL J0131.4-5921|01 31 27.84|-59 21 10.2| 6.25178|2.2900e-04|3.6630e-05|1.040000|      0.028560|  2.38743|          0.46215|          0.38720|  4.06845|          0.78756|          0.65983|
|ACT-CL J0119.7-5919|01 19 42.78|-59 19 43.4| 5.90324|8.1743e-05|1.3847e-05|0.581511|      0.008138|  2.70802|          0.54879|          0.45631|  4.70751|          0.95399|          0.79324|
|ACT-CL J0345.5-5913|03 45 35.00|-59 13 44.8| 4.23210|9.3617e-05|2.2121e-05|0.764600|      0.024704|  2.04479|          0.47263|          0.38390|  3.48270|          0.80499|          0.65386|
|ACT-CL J2337.5-5911|23 37 35.60|-59 11 59.8| 4.87966|1.4401e-04|2.9513e-05|0.609868|      0.009500|  2.43222|          0.53959|          0.44162|  4.20512|          0.93290|          0.76352|
|ACT-CL J0238.6-5911|02 38 36.36|-59 11 30.1| 4.97991|1.0660e-04|2.1406e-05|0.525231|      0.007094|  2.38250|          0.52856|          0.43259|  4.16003|          0.92290|          0.75533|
|ACT-CL J0135.9-5905|01 35 55.16|-59 05 26.3| 5.19895|7.5170e-05|1.4459e-05|0.495000|      0.037590|  2.51395|          0.55349|          0.45362|  4.41476|          0.97199|          0.79660|
|ACT-CL J0442.6-5905|04 42 37.01|-59 05 18.5| 7.33351|2.7592e-04|3.7625e-05|1.488800|      0.034843|  2.50531|          0.42182|          0.36103|  4.37757|          0.73706|          0.63084|
|ACT-CL J0354.2-5904|03 54 15.98|-59 04 46.4| 6.58548|6.2564e-05|9.5003e-06|0.405171|      0.010673|  2.80674|          0.59914|          0.49374|  5.02384|          1.07242|          0.88376|
|ACT-CL J0131.0-5904|01 31 03.75|-59 04 32.0| 5.94025|1.3115e-04|2.2078e-05|0.413628|      0.010678|  2.67467|          0.57318|          0.47203|  4.77365|          1.02300|          0.84246|
|ACT-CL J0121.3-5903|01 21 21.00|-59 03 30.0| 4.27301|1.6135e-04|3.7761e-05|0.540774|      0.009699|  1.99198|          0.50300|          0.40160|  3.45727|          0.87301|          0.69701|
|ACT-CL J0512.9-5902|05 12 59.00|-59 03 00.0| 4.12612|1.6291e-04|3.9483e-05|0.570800|      0.021991|  2.04760|          0.51705|          0.41281|  3.54243|          0.89451|          0.71417|
|ACT-CL J0135.1-5902|01 35 09.60|-59 02 09.1| 4.43255|4.0194e-05|9.0679e-06|0.508500|      0.038670|  2.10623|          0.51556|          0.41418|  3.67675|          0.89998|          0.72301|
|ACT-CL J0040.5-5858|00 40 31.70|-58 58 43.7| 5.89326|5.5705e-05|9.4523e-06|0.382408|      0.010016|  2.56642|          0.56289|          0.46164|  4.60718|          1.01048|          0.82872|
|ACT-CL J0254.3-5857|02 54 19.53|-58 57 02.3|16.75567|1.4571e-04|8.6961e-06|0.438000|      0.000000|  5.67688|          1.01085|          0.85806| 10.26493|          1.82782|          1.55155|
|ACT-CL J2248.0-5855|22 48 05.98|-58 55 45.0| 4.73688|6.7812e-05|1.4316e-05|0.840293|      0.012574|  2.31459|          0.49215|          0.40585|  3.94204|          0.83820|          0.69122|
|ACT-CL J0026.2-5854|00 26 16.40|-58 54 41.9| 4.16500|3.6748e-05|8.8231e-06|0.589115|      0.008375|  1.97151|          0.49784|          0.39747|  3.40085|          0.85876|          0.68563|
|ACT-CL J2132.3-5854|21 32 23.91|-58 54 26.7| 5.00323|7.6098e-05|1.5210e-05|0.502148|      0.007549|  2.57705|          0.57388|          0.46936|  4.52300|          1.00723|          0.82378|
|ACT-CL J2024.4-5853|20 24 26.00|-58 53 15.0| 4.17844|4.8586e-05|1.1628e-05|0.568761|      0.007964|  2.31459|          0.56854|          0.45643|  4.01587|          0.98643|          0.79191|
|ACT-CL J0446.0-5850|04 46 05.21|-58 50 01.8| 6.32254|1.1934e-04|1.8875e-05|1.190000|      0.098550|  2.63990|          0.48725|          0.41133|  4.53129|          0.83635|          0.70603|
|ACT-CL J0151.2-5848|01 51 17.33|-58 48 50.0| 4.12184|5.9040e-05|1.4324e-05|0.761663|      0.013729|  2.06175|          0.48005|          0.38939|  3.51268|          0.81788|          0.66341|
|ACT-CL J0310.7-5844|03 10 46.00|-58 44 40.7| 4.83691|1.7139e-04|3.5434e-05|0.666104|      0.014003|  2.20264|          0.49051|          0.40117|  3.78065|          0.84192|          0.68858|
|ACT-CL J2106.0-5844|21 06 04.70|-58 44 37.8|19.01234|4.8748e-04|2.5640e-05|1.132000|      0.000000|  6.00248|          0.90997|          0.79018| 10.47179|          1.58751|          1.37853|
|ACT-CL J2319.2-5843|23 19 17.00|-58 43 30.0| 4.03213|3.4532e-05|8.5642e-06|0.299312|      0.007179|  1.50515|          0.48409|          0.36628|  2.72647|          0.87689|          0.66350|
|ACT-CL J0257.5-5842|02 57 32.42|-58 42 29.4| 6.86062|6.5921e-05|9.6086e-06|0.432864|      0.009530|  2.95142|          0.60056|          0.49902|  5.25918|          1.07014|          0.88920|
|ACT-CL J0333.2-5842|03 33 16.92|-58 42 18.1| 5.03914|8.5578e-05|1.6983e-05|0.389689|      0.010819|  2.30981|          0.53193|          0.43236|  4.12976|          0.95105|          0.77303|
|ACT-CL J0600.7-5836|06 00 45.37|-58 36 32.1| 4.98456|1.1273e-04|2.2616e-05|0.036900|      0.000000|  4.02341|          1.61839|          1.15415|  8.35953|          3.36257|          2.39799|
|ACT-CL J0107.6-5832|01 07 36.16|-58 32 51.6| 5.38004|1.9759e-04|3.6726e-05|1.230000|      0.100400|  2.18151|          0.43307|          0.36134|  3.73623|          0.74171|          0.61886|
|ACT-CL J2329.9-5831|23 29 55.31|-58 31 18.8| 6.34394|9.3126e-05|1.4680e-05|0.800884|      0.011298|  2.90305|          0.54768|          0.46076|  4.97412|          0.93840|          0.78946|
|ACT-CL J0234.7-5831|02 34 42.80|-58 31 16.7|12.22763|2.1801e-04|1.7830e-05|0.415000|      0.000000|  4.94316|          0.90431|          0.76446|  8.94961|          1.63726|          1.38406|
|ACT-CL J2050.3-5830|20 50 20.00|-58 31 00.0| 4.10593|4.5100e-05|1.0984e-05|0.421829|      0.010554|  2.17851|          0.55951|          0.44518|  3.86364|          0.99231|          0.78953|
|ACT-CL J0205.7-5829|02 05 45.72|-58 29 03.3| 9.57045|2.5242e-04|2.6375e-05|1.322000|      0.000000|  3.05480|          0.48497|          0.41853|  5.29837|          0.84115|          0.72591|
|ACT-CL J0647.9-5828|06 47 56.16|-58 28 31.0| 8.09636|9.7127e-05|1.1996e-05|0.441100|      0.036640|  3.69415|          0.71207|          0.59700|  6.60671|          1.27348|          1.06768|
|ACT-CL J2228.8-5828|22 28 52.71|-58 28 24.7| 5.72212|6.1314e-05|1.0715e-05|0.760539|      0.012516|  2.72111|          0.54019|          0.45072|  4.66367|          0.92583|          0.77248|
|ACT-CL J0218.5-5826|02 18 33.00|-58 26 30.0| 4.10048|6.5103e-05|1.5877e-05|0.574210|      0.008079|  1.97559|          0.48019|          0.38630|  3.41385|          0.82978|          0.66753|
|ACT-CL J2051.7-5824|20 51 42.99|-58 25 00.0| 4.08382|5.3171e-05|1.3020e-05|0.881246|      0.018884|  2.15316|          0.49403|          0.40183|  3.65870|          0.83947|          0.68280|
|ACT-CL J2243.8-5820|22 43 54.00|-58 21 00.0| 4.12103|6.0521e-05|1.4686e-05|1.026627|      0.078256|  1.99061|          0.44832|          0.36591|  3.37839|          0.76088|          0.62101|
|ACT-CL J0157.2-5820|01 57 14.83|-58 20 55.8| 5.70340|5.4801e-05|9.6084e-06|0.219109|      0.004096|  2.37104|          0.58241|          0.46756|  4.45465|          1.09421|          0.87844|
|ACT-CL J0233.0-5819|02 33 00.24|-58 19 41.7| 7.74145|1.4099e-04|1.8212e-05|0.663700|      0.000000|  3.41998|          0.62566|          0.52890|  5.92776|          1.08443|          0.91673|
|ACT-CL J2220.0-5816|22 20 04.00|-58 16 30.0| 4.54279|1.1082e-04|2.4394e-05|0.274121|      0.006115|  2.18602|          0.57092|          0.45269|  4.02409|          1.05097|          0.83333|
|ACT-CL J0524.8-5814|05 24 48.44|-58 14 13.2| 5.01112|4.2346e-05|8.4504e-06|0.285200|      0.017993|  1.97967|          0.52047|          0.41212|  3.62351|          0.95264|          0.75433|
|ACT-CL J0234.9-5810|02 34 58.23|-58 10 27.9| 4.90674|6.0029e-05|1.2234e-05|0.668187|      0.013483|  2.43055|          0.52494|          0.43170|  4.17992|          0.90276|          0.74241|
|ACT-CL J2206.5-5807|22 06 35.93|-58 07 37.8| 6.20421|1.9506e-04|3.1439e-05|0.587795|      0.007527|  3.06111|          0.61528|          0.51230|  5.33194|          1.07170|          0.89235|
|ACT-CL J0619.7-5802|06 19 42.24|-58 02 20.0| 5.24154|7.7024e-05|1.4695e-05|0.391274|      0.023865|  2.55408|          0.57954|          0.47236|  4.57541|          1.03820|          0.84619|
|ACT-CL J0106.6-5759|01 06 37.00|-58 00 00.0| 4.05422|3.9461e-05|9.7333e-06|0.284127|      0.006058|  1.80147|          0.50199|          0.39259|  3.29115|          0.91710|          0.71724|
|ACT-CL J0516.9-5754|05 16 58.41|-57 54 39.0| 4.47152|3.7560e-05|8.3998e-06|0.924359|      0.018302|  1.94455|          0.44617|          0.36290|  3.29604|          0.75626|          0.61512|
|ACT-CL J0342.2-5752|03 42 16.44|-57 52 18.0| 4.50293|1.5558e-04|3.4550e-05|0.917600|      0.026846|  1.99885|          0.43840|          0.35955|  3.39011|          0.74355|          0.60980|
|ACT-CL J2154.0-5751|21 54 05.73|-57 51 37.4| 5.70104|5.9031e-05|1.0354e-05|0.075900|      0.000000|  2.62179|          0.91067|          0.67590|  5.26216|          1.82780|          1.35659|
|ACT-CL J0411.3-5751|04 11 22.02|-57 51 35.6| 5.41826|5.4653e-05|1.0087e-05|0.809135|      0.010144|  2.41221|          0.49084|          0.40785|  4.11556|          0.83744|          0.69585|
|ACT-CL J0544.4-5750|05 44 29.43|-57 50 17.3| 4.46667|5.8873e-05|1.3181e-05|0.407093|      0.013644|  2.08172|          0.50599|          0.40705|  3.69937|          0.89918|          0.72336|
|ACT-CL J0000.9-5748|00 00 58.97|-57 48 34.3| 6.34743|7.3409e-05|1.1565e-05|0.701900|      0.000000|  2.96772|          0.57205|          0.47960|  5.11315|          0.98559|          0.82631|
|ACT-CL J0517.4-5747|05 17 29.00|-57 47 30.0| 4.10852|1.5183e-04|3.6955e-05|0.843341|      0.013338|  1.91005|          0.45610|          0.36818|  3.23981|          0.77364|          0.62451|
|ACT-CL J2337.5-5747|23 37 31.60|-57 47 11.8| 4.19180|5.0179e-05|1.1971e-05|0.683699|      0.017429|  2.12079|          0.49740|          0.40290|  3.63233|          0.85191|          0.69006|
|ACT-CL J0615.8-5746|06 15 50.89|-57 46 36.8|27.49465|8.4282e-04|3.0654e-05|0.971800|      0.000000|  7.96585|          1.23291|          1.06766| 13.93738|          2.15715|          1.86803|
|ACT-CL J0555.7-5745|05 55 45.04|-57 45 15.1| 4.88570|8.7810e-05|1.7973e-05|0.740397|      0.022801|  2.34830|          0.50324|          0.41443|  4.01617|          0.86067|          0.70878|
|ACT-CL J0653.3-5745|06 53 18.19|-57 45 08.0| 8.59091|1.7443e-04|2.0304e-05|0.240000|      0.034310|  3.93032|          0.84227|          0.69363|  7.42415|          1.59101|          1.31022|
|ACT-CL J0539.9-5744|05 39 58.85|-57 44 26.0| 7.18979|2.0641e-04|2.8709e-05|0.761400|      0.000000|  3.04640|          0.56476|          0.47644|  5.23378|          0.97028|          0.81853|
|ACT-CL J0412.0-5743|04 12 04.63|-57 43 48.4| 4.95368|4.3137e-05|8.7081e-06|0.326794|      0.008761|  2.03076|          0.51630|          0.41164|  3.67587|          0.93455|          0.74512|
|ACT-CL J0454.1-5740|04 54 07.80|-57 40 17.1| 5.63217|1.0147e-04|1.8016e-05|1.121600|      0.029702|  2.39896|          0.45651|          0.38353|  4.09789|          0.77981|          0.65514|
|ACT-CL J0336.2-5740|03 36 14.38|-57 40 03.5| 4.84354|4.8256e-05|9.9629e-06|0.525358|      0.007213|  2.25171|          0.51093|          0.41644|  3.92674|          0.89101|          0.72622|
|ACT-CL J2331.7-5737|23 31 43.29|-57 37 04.3| 4.30613|3.9182e-05|9.0991e-06|0.294157|      0.006152|  1.66089|          0.50118|          0.38500|  3.01976|          0.91122|          0.69999|
|ACT-CL J2146.8-5736|21 46 48.20|-57 36 49.4| 7.36496|3.2539e-04|4.4181e-05|0.602500|      0.000000|  3.54465|          0.67453|          0.56669|  6.18448|          1.17688|          0.98873|
|ACT-CL J0054.9-5731|00 54 54.74|-57 31 52.3| 4.48201|5.4080e-05|1.2066e-05|0.786020|      0.012275|  2.23318|          0.49355|          0.40422|  3.80710|          0.84140|          0.68910|
|ACT-CL J0341.5-5731|03 41 33.10|-57 31 21.4| 5.82441|7.5487e-05|1.2960e-05|0.683256|      0.013645|  2.58950|          0.51620|          0.43040|  4.45418|          0.88792|          0.74033|
|ACT-CL J0434.5-5726|04 34 32.06|-57 26 44.7| 6.60312|1.8683e-04|2.8294e-05|0.480205|      0.008122|  2.90105|          0.59031|          0.49050|  5.12329|          1.04249|          0.86623|
|ACT-CL J2135.6-5726|21 35 40.61|-57 26 19.0| 8.68654|1.4206e-04|1.6354e-05|0.427000|      0.000000|  4.16434|          0.79587|          0.66817|  7.48963|          1.43138|          1.20171|
|ACT-CL J2040.2-5725|20 40 12.98|-57 25 30.0| 4.68635|2.1370e-04|4.5600e-05|0.930000|      0.000000|  2.39896|          0.51410|          0.42337|  4.08413|          0.87523|          0.72077|
|ACT-CL J2341.4-5725|23 41 24.42|-57 25 06.9| 7.77325|7.9882e-05|1.0277e-05|1.259000|      0.000000|  2.90505|          0.48913|          0.41864|  5.01431|          0.84426|          0.72260|
|ACT-CL J2011.4-5724|20 11 29.01|-57 24 30.0| 4.47694|2.0855e-04|4.6583e-05|0.278600|      0.000000|  2.24397|          0.60561|          0.47690|  4.12766|          1.11398|          0.87723|
|ACT-CL J0622.1-5721|06 22 07.00|-57 21 30.0| 4.05614|5.2028e-05|1.2827e-05|0.425111|      0.011631|  2.12517|          0.54398|          0.43311|  3.76450|          0.96360|          0.76721|
|ACT-CL J0557.2-5720|05 57 16.96|-57 20 14.9| 4.94796|1.8350e-04|3.7087e-05|0.907400|      0.026704|  2.24397|          0.47339|          0.39092|  3.81528|          0.80488|          0.66466|
|ACT-CL J0403.8-5719|04 03 51.58|-57 19 36.1| 6.17092|1.0552e-04|1.7100e-05|0.467000|      0.000000|  2.86532|          0.59255|          0.49101|  5.07019|          1.04851|          0.86884|
|ACT-CL J2304.4-5718|23 04 27.61|-57 18 41.8| 4.42185|1.3817e-04|3.1246e-05|0.958400|      0.027418|  2.15167|          0.47735|          0.39068|  3.65487|          0.81083|          0.66361|
|ACT-CL J2210.5-5709|22 10 32.02|-57 09 14.7| 4.33813|1.8078e-04|4.1672e-05|0.300577|      0.006258|  2.14428|          0.56748|          0.44872|  3.91448|          1.03595|          0.81916|
|ACT-CL J0551.6-5709|05 51 37.31|-57 09 11.5| 7.95622|9.4656e-05|1.1897e-05|0.423000|      0.000000|  3.47457|          0.67546|          0.56552|  6.22722|          1.21057|          1.01354|
|ACT-CL J2219.8-5708|22 19 48.68|-57 08 07.7| 7.94265|9.3463e-05|1.1767e-05|0.302495|      0.006326|  3.66375|          0.76071|          0.62992|  6.77179|          1.40603|          1.16429|
|ACT-CL J0329.1-5707|03 29 07.98|-57 07 15.1| 4.49523|1.2753e-04|2.8369e-05|0.585487|      0.009301|  2.17102|          0.50549|          0.41002|  3.75422|          0.87412|          0.70903|
|ACT-CL J2320.6-5703|23 20 37.00|-57 03 30.0| 4.19836|1.0197e-04|2.4287e-05|0.833475|      0.015704|  2.11641|          0.48918|          0.39734|  3.59837|          0.83172|          0.67557|
|ACT-CL J0026.8-5700|00 26 53.99|-57 00 45.1| 4.57435|1.7635e-04|3.8553e-05|0.787597|      0.018420|  1.99885|          0.47901|          0.38641|  3.39952|          0.81468|          0.65719|
|ACT-CL J0301.8-5657|03 01 51.00|-56 57 30.0| 4.18813|1.4898e-04|3.5572e-05|0.912591|      0.017596|  1.80893|          0.43350|          0.34970|  3.06176|          0.73374|          0.59189|
|ACT-CL J0052.5-5657|00 52 33.25|-56 57 27.4| 5.16289|1.9569e-04|3.7903e-05|0.312697|      0.007110|  2.29712|          0.55835|          0.44917|  4.18594|          1.01745|          0.81850|
|ACT-CL J0521.5-5656|05 21 34.01|-56 56 45.0| 4.53501|4.9620e-05|1.0941e-05|0.311975|      0.007079|  2.07600|          0.52780|          0.42081|  3.77481|          0.95971|          0.76517|
|ACT-CL J0151.1-5654|01 51 08.03|-56 54 49.8| 4.96432|4.3171e-05|8.6963e-06|0.287700|      0.023120|  2.07886|          0.52494|          0.41911|  3.80657|          0.96122|          0.76743|
|ACT-CL J2012.4-5649|20 12 26.57|-56 49 52.0| 7.22622|7.4293e-05|1.0281e-05|0.055200|      0.000000|  4.02341|          1.38634|          1.03107|  8.26972|          2.84948|          2.11926|
|ACT-CL J0352.9-5647|03 52 57.75|-56 47 52.6| 8.36552|1.4507e-04|1.7342e-05|0.649000|      0.000000|  3.49376|          0.62779|          0.53216|  6.06612|          1.09001|          0.92398|
|ACT-CL J2145.8-5645|21 45 52.83|-56 45 03.4|12.42369|1.6602e-04|1.3363e-05|0.480000|      0.000000|  5.56848|          0.99155|          0.84168|  9.98660|          1.77826|          1.50948|
|ACT-CL J0313.0-5645|03 13 01.12|-56 45 03.2| 4.50467|6.0730e-05|1.3482e-05|0.694022|      0.014697|  2.17701|          0.48847|          0.39895|  3.72792|          0.83646|          0.68317|
|ACT-CL J0210.3-5644|02 10 18.03|-56 44 30.0| 4.51290|1.6554e-04|3.6682e-05|0.809188|      0.010868|  2.03496|          0.47381|          0.38433|  3.45952|          0.80550|          0.65337|
|ACT-CL J0551.7-5644|05 51 44.84|-56 44 27.6| 4.77895|6.7110e-05|1.4043e-05|0.206807|      0.003907|  2.11350|          0.56486|          0.44573|  3.97743|          1.06301|          0.83883|
|ACT-CL J2036.6-5644|20 36 36.92|-56 44 24.9| 5.55590|6.4760e-05|1.1656e-05|0.417815|      0.011878|  2.99647|          0.66981|          0.54744|  5.35743|          1.19756|          0.97877|
|ACT-CL J0556.1-5642|05 56 07.00|-56 42 45.3| 4.32920|1.6386e-04|3.7849e-05|0.673209|      0.015788|  2.15316|          0.50499|          0.40905|  3.69187|          0.86587|          0.70137|
|ACT-CL J2019.1-5642|20 19 07.36|-56 42 23.3| 5.68343|9.8329e-05|1.7301e-05|0.230000|      0.015990|  2.85154|          0.69311|          0.55758|  5.36121|          1.30312|          1.04831|
|ACT-CL J0359.5-5641|03 59 31.00|-56 41 59.6| 4.54504|1.6682e-04|3.6703e-05|0.377000|      0.019278|  2.15761|          0.53554|          0.42905|  3.86268|          0.95876|          0.76811|
|ACT-CL J0429.3-5638|04 29 23.50|-56 38 22.6| 4.14138|3.8626e-05|9.3267e-06|0.679240|      0.021477|  1.99472|          0.48655|          0.39115|  3.41315|          0.83254|          0.66928|
|ACT-CL J2030.8-5638|20 30 52.31|-56 38 01.2| 5.25108|1.4136e-04|2.6920e-05|0.393700|      0.000000|  2.77981|          0.63311|          0.51567|  4.98689|          1.13578|          0.92509|
|ACT-CL J0118.1-5637|01 18 07.00|-56 38 00.0| 4.63322|6.2654e-05|1.3523e-05|0.207227|      0.004117|  1.98924|          0.53860|          0.42384|  3.73744|          1.01194|          0.79633|
|ACT-CL J0351.7-5637|03 51 45.95|-56 37 29.6| 5.35321|6.3120e-05|1.1791e-05|0.393587|      0.010657|  2.49155|          0.56115|          0.45800|  4.45858|          1.00416|          0.81957|
|ACT-CL J2354.8-5633|23 54 53.42|-56 33 08.7| 5.59077|8.6086e-05|1.5398e-05|0.559214|      0.006697|  2.79517|          0.58501|          0.48376|  4.87554|          1.02043|          0.84382|
|ACT-CL J0523.5-5632|05 23 31.43|-56 32 47.2| 4.15566|3.5930e-05|8.6461e-06|0.827837|      0.011336|  1.75374|          0.45346|          0.36030|  2.97064|          0.76811|          0.61030|
|ACT-CL J0323.1-5631|03 23 09.62|-56 31 48.1| 4.45451|1.5992e-04|3.5900e-05|0.632613|      0.011137|  2.11933|          0.49345|          0.40026|  3.64522|          0.84874|          0.68844|
|ACT-CL J0432.9-5630|04 32 56.02|-56 30 15.2| 4.61017|1.7085e-04|3.7060e-05|0.692000|      0.000000|  2.24243|          0.50693|          0.41346|  3.84290|          0.86874|          0.70856|
|ACT-CL J0345.8-5628|03 45 49.01|-56 29 00.0| 4.09734|1.5683e-04|3.8276e-05|0.467125|      0.008915|  1.97287|          0.52040|          0.41178|  3.46203|          0.91320|          0.72260|
|ACT-CL J0613.7-5627|06 13 46.71|-56 27 41.0| 7.13228|2.7422e-04|3.8447e-05|0.809338|      0.010104|  3.12716|          0.57463|          0.48543|  5.36523|          0.98590|          0.83285|
|ACT-CL J2032.3-5627|20 32 18.16|-56 27 27.6| 6.97881|7.4069e-05|1.0613e-05|0.284000|      0.000000|  2.96568|          0.69303|          0.56176|  5.48307|          1.28131|          1.03860|
|ACT-CL J0456.6-5623|04 56 41.39|-56 23 02.3| 5.69462|1.6419e-04|2.8833e-05|0.671700|      0.046490|  2.69686|          0.55323|          0.45906|  4.64703|          0.95329|          0.79102|
|ACT-CL J0147.8-5622|01 47 50.31|-56 22 17.6| 5.78539|1.5865e-04|2.7423e-05|0.640600|      0.042680|  2.64901|          0.53902|          0.44789|  4.57480|          0.93088|          0.77349|
|ACT-CL J0025.4-5619|00 25 28.81|-56 19 05.7| 4.46464|1.3463e-04|3.0156e-05|0.814079|      0.014522|  2.18903|          0.49117|          0.40116|  3.72655|          0.83615|          0.68292|
|ACT-CL J0154.5-5618|01 54 33.00|-56 19 00.0| 4.28853|1.5709e-04|3.6630e-05|0.801179|      0.011417|  1.96880|          0.46510|          0.37622|  3.34567|          0.79037|          0.63933|
|ACT-CL J0540.1-5617|05 40 11.03|-56 17 57.3| 4.94774|1.5345e-04|3.1015e-05|0.447400|      0.008738|  2.51049|          0.57814|          0.46993|  4.44469|          1.02357|          0.83198|
|ACT-CL J0256.3-5617|02 56 22.98|-56 17 51.5| 8.35356|1.4479e-04|1.7333e-05|0.594739|      0.007770|  3.65619|          0.66589|          0.56330|  6.38900|          1.16361|          0.98434|
|ACT-CL J2300.0-5617|23 00 00.62|-56 17 29.9| 5.26609|6.8958e-05|1.3095e-05|0.152800|      0.000000|  2.45578|          0.67353|          0.52856|  4.74108|          1.30029|          1.02043|
|ACT-CL J0330.1-5616|03 30 11.33|-56 16 00.7| 6.40341|1.7732e-04|2.7691e-05|0.839518|      0.011351|  2.77599|          0.52144|          0.43898|  4.74632|          0.89154|          0.75056|
|ACT-CL J2058.3-5608|20 58 21.01|-56 08 30.0| 4.11488|1.4283e-04|3.4711e-05|0.606000|      0.000000|  2.33058|          0.56847|          0.45700|  4.02729|          0.98234|          0.78971|
|ACT-CL J0356.0-5607|03 56 04.04|-56 07 30.5| 5.48433|9.2580e-05|1.6881e-05|0.414293|      0.010489|  2.55057|          0.56584|          0.46310|  4.54659|          1.00866|          0.82552|
|ACT-CL J0131.7-5604|01 31 44.51|-56 04 45.3| 6.66252|1.4864e-04|2.2310e-05|0.748300|      0.046240|  2.91707|          0.55271|          0.46467|  5.01013|          0.94930|          0.79808|
|ACT-CL J2004.8-5603|20 04 53.00|-56 03 44.8| 4.59212|2.1436e-04|4.6681e-05|0.760756|      0.014865|  2.30822|          0.54725|          0.44237|  3.94211|          0.93462|          0.75550|
|ACT-CL J0444.4-5603|04 44 27.32|-56 03 10.3| 6.43213|1.0859e-04|1.6883e-05|1.050200|      0.028703|  2.63809|          0.48047|          0.40644|  4.50624|          0.82071|          0.69426|
|ACT-CL J0002.0-5557|00 02 03.13|-55 57 25.7| 4.80708|5.4592e-05|1.1357e-05|1.150000|      0.096750|  2.16803|          0.44835|          0.37152|  3.69932|          0.76502|          0.63392|
|ACT-CL J0658.5-5557|06 58 32.35|-55 57 10.9|31.37343|1.3137e-03|4.1873e-05|0.296000|      0.000000| 11.40320|          2.20740|          1.84940| 21.76470|          4.21316|          3.52986|
|ACT-CL J0613.0-5550|06 13 04.33|-55 50 55.1| 4.32672|6.6891e-05|1.5460e-05|0.576606|      0.007246|  2.28450|          0.53968|          0.43655|  3.95885|          0.93522|          0.75651|
|ACT-CL J0547.3-5549|05 47 23.77|-55 49 05.1| 4.33363|3.8147e-05|8.8027e-06|0.644304|      0.011768|  1.67121|          0.46717|          0.36511|  2.85722|          0.79870|          0.62421|
|ACT-CL J1959.2-5548|19 59 17.82|-55 48 29.3| 7.24179|1.0749e-04|1.4844e-05|0.211911|      0.003927|  3.59627|          0.82210|          0.66914|  6.84671|          1.56515|          1.27393|
|ACT-CL J2001.2-5546|20 01 15.28|-55 46 38.9| 4.77184|7.3121e-05|1.5323e-05|0.734992|      0.015504|  2.76645|          0.59980|          0.49293|  4.74937|          1.02972|          0.84624|
|ACT-CL J2121.0-5546|21 21 05.99|-55 46 30.0| 4.36919|2.0494e-04|4.6905e-05|0.999200|      0.027989|  2.20264|          0.50725|          0.41230|  3.74459|          0.86235|          0.70093|
|ACT-CL J0156.1-5542|01 56 10.27|-55 42 00.4| 9.08206|1.8278e-04|2.0125e-05|1.288000|      0.000000|  2.97181|          0.47654|          0.41069|  5.14062|          0.82432|          0.71040|
|ACT-CL J0655.6-5541|06 55 40.73|-55 41 41.9| 6.47534|1.3035e-04|2.0130e-05|0.287700|      0.023910|  3.25009|          0.72377|          0.59194|  6.01572|          1.33965|          1.09566|
|ACT-CL J2101.2-5541|21 01 12.57|-55 41 28.6| 5.71188|1.2129e-04|2.1235e-05|0.250743|      0.004949|  2.96568|          0.70818|          0.57167|  5.54161|          1.32329|          1.06821|
|ACT-CL J0328.6-5541|03 28 40.91|-55 41 25.7| 6.87257|7.4165e-05|1.0792e-05|0.085600|      0.000000|  3.46979|          1.02221|          0.78959|  6.98318|          2.05726|          1.58910|
|ACT-CL J0628.2-5541|06 28 17.44|-55 41 17.3| 4.66461|1.9365e-04|4.1514e-05|0.707005|      0.017571|  2.44061|          0.54761|          0.44726|  4.18581|          0.93920|          0.76708|
|ACT-CL J2023.3-5535|20 23 20.26|-55 35 26.8|15.38951|1.8650e-04|1.2118e-05|0.232000|      0.000000|  6.74321|          1.36653|          1.13626| 12.96012|          2.62640|          2.18384|
|ACT-CL J0440.0-5533|04 40 01.00|-55 33 30.0| 4.24215|1.5230e-04|3.5902e-05|0.575450|      0.007519|  2.01266|          0.49956|          0.40022|  3.47878|          0.86347|          0.69176|
|ACT-CL J2218.1-5532|22 18 06.02|-55 33 00.0| 4.55558|1.8999e-04|4.1706e-05|0.981484|      0.028640|  2.03636|          0.47068|          0.38231|  3.45554|          0.79871|          0.64876|
|ACT-CL J0019.3-5527|00 19 18.21|-55 27 24.0| 5.28603|2.0314e-04|3.8430e-05|0.910643|      0.017491|  2.25016|          0.47657|          0.39328|  3.82594|          0.81032|          0.66869|
|ACT-CL J2217.8-5524|22 17 52.00|-55 24 40.9| 4.91736|2.0637e-04|4.1969e-05|0.962570|      0.024038|  2.16654|          0.48247|          0.39460|  3.68072|          0.81966|          0.67038|
|ACT-CL J2055.8-5524|20 55 51.00|-55 24 30.0| 4.18588|1.9410e-04|4.6369e-05|0.666900|      0.014564|  2.31937|          0.56574|          0.45481|  3.98514|          0.97205|          0.78144|
|ACT-CL J0111.4-5518|01 11 26.51|-55 18 50.1| 4.75647|4.6715e-05|9.8214e-06|0.499001|      0.007240|  2.20567|          0.53046|          0.42762|  3.85980|          0.92828|          0.74831|
|ACT-CL J2148.6-5518|21 48 41.01|-55 18 41.9| 4.72176|9.9311e-05|2.1033e-05|0.404177|      0.010763|  2.62179|          0.62383|          0.50392|  4.68641|          1.11508|          0.90075|
|ACT-CL J2114.9-5518|21 14 58.66|-55 18 29.9| 4.36984|9.1345e-05|2.0904e-05|0.407352|      0.011657|  2.34991|          0.58125|          0.46599|  4.18714|          1.03569|          0.83031|
|ACT-CL J0343.0-5517|03 43 02.19|-55 17 53.8| 4.93235|1.8551e-04|3.7610e-05|0.545170|      0.006641|  2.35640|          0.53867|          0.43844|  4.10223|          0.93776|          0.76328|
|ACT-CL J0529.8-5516|05 29 50.99|-55 16 30.0| 4.21492|1.5233e-04|3.6141e-05|0.674938|      0.015315|  1.79775|          0.47264|          0.37425|  3.07046|          0.80724|          0.63920|
|ACT-CL J0617.1-5507|06 17 06.54|-55 07 38.3| 6.92930|2.6449e-04|3.8170e-05|1.019600|      0.028274|  2.86335|          0.51916|          0.43948|  4.89669|          0.88784|          0.75157|
|ACT-CL J1956.9-5502|19 56 58.00|-55 02 45.1| 4.75893|2.1197e-04|4.4541e-05|0.581000|      0.022134|  2.61638|          0.59589|          0.48535|  4.54504|          1.03514|          0.84312|
|ACT-CL J2056.8-5459|20 56 52.48|-54 59 22.7| 4.27112|1.1895e-04|2.7849e-05|0.718000|      0.000000|  2.40061|          0.56099|          0.45472|  4.11288|          0.96112|          0.77906|
|ACT-CL J2055.9-5456|20 55 59.04|-54 56 12.1| 6.92291|8.2733e-05|1.1951e-05|0.139000|      0.000000|  3.43414|          0.89093|          0.70740|  6.73053|          1.74612|          1.38643|
|ACT-CL J0035.2-5456|00 35 17.44|-54 56 00.3| 4.59380|4.9004e-05|1.0667e-05|0.336200|      0.018707|  2.13397|          0.53702|          0.42905|  3.85758|          0.97077|          0.77559|
|ACT-CL J0406.7-5455|04 06 47.55|-54 55 17.3| 7.87721|8.4764e-05|1.0761e-05|0.720771|      0.017091|  3.30197|          0.59332|          0.50295|  5.69547|          1.02341|          0.86752|
|ACT-CL J0426.0-5455|04 26 02.76|-54 55 09.4|10.10531|2.1110e-04|2.0890e-05|0.642000|      0.000000|  3.94930|          0.68724|          0.58538|  6.88039|          1.19730|          1.01983|
|ACT-CL J2316.9-5454|23 16 55.32|-54 54 14.8| 5.68509|5.6638e-05|9.9626e-06|0.370577|      0.009576|  2.57882|          0.60921|          0.49279|  4.64264|          1.09676|          0.88717|
|ACT-CL J0344.3-5453|03 44 21.96|-54 53 00.4| 8.38921|2.4665e-04|2.9401e-05|1.040000|      0.028560|  3.26354|          0.55474|          0.47414|  5.59927|          0.95177|          0.81349|
|ACT-CL J2351.6-5452|23 51 36.41|-54 52 51.4| 6.45223|1.1762e-04|1.8230e-05|0.383800|      0.000000|  3.06956|          0.64500|          0.53300|  5.53173|          1.16237|          0.96053|
|ACT-CL J0249.8-5446|02 49 53.00|-54 47 00.0| 4.17687|1.5198e-04|3.6386e-05|0.454896|      0.009304|  1.93520|          0.50878|          0.40286|  3.40180|          0.89435|          0.70817|
|ACT-CL J0001.6-5440|00 01 40.55|-54 40 13.0| 4.89405|4.9325e-05|1.0078e-05|0.882726|      0.014221|  2.35477|          0.50660|          0.41691|  4.00876|          0.86243|          0.70974|
|ACT-CL J0516.0-5438|05 16 00.67|-54 38 39.9| 4.17262|4.5744e-05|1.0963e-05|0.737417|      0.019002|  2.01543|          0.47269|          0.38289|  3.43638|          0.80595|          0.65284|
|ACT-CL J0346.9-5438|03 46 55.16|-54 38 34.8| 8.54509|7.6703e-05|8.9762e-06|0.529700|      0.000000|  3.50340|          0.66094|          0.55604|  6.16643|          1.16334|          0.97870|
|ACT-CL J2039.6-5436|20 39 37.99|-54 37 00.0| 4.15336|4.1715e-05|1.0044e-05|0.775064|      0.019539|  2.23318|          0.54089|          0.43543|  3.80883|          0.92253|          0.74265|
|ACT-CL J2355.3-5436|23 55 21.98|-54 36 30.0| 4.42016|1.7658e-04|3.9950e-05|0.396710|      0.012891|  1.99747|          0.53908|          0.42451|  3.55420|          0.95921|          0.75536|
|ACT-CL J0352.9-5434|03 52 59.01|-54 34 30.0| 4.10538|5.6445e-05|1.3749e-05|0.587755|      0.008707|  2.00851|          0.48820|          0.39274|  3.46655|          0.84259|          0.67784|
|ACT-CL J2259.8-5431|22 59 54.00|-54 31 45.0| 4.47824|4.6996e-05|1.0494e-05|0.418784|      0.011948|  2.36615|          0.58730|          0.47052|  4.20681|          1.04417|          0.83653|
|ACT-CL J0516.6-5430|05 16 36.18|-54 30 36.5|12.32393|1.0949e-04|8.8843e-06|0.295000|      0.000000|  4.37298|          0.86812|          0.72433|  8.13682|          1.61531|          1.34776|
|ACT-CL J0530.5-5429|05 30 35.02|-54 29 14.8| 5.04842|1.0667e-04|2.1129e-05|0.883046|      0.020225|  2.26259|          0.47167|          0.39030|  3.84856|          0.80228|          0.66389|
|ACT-CL J0111.0-5424|01 11 03.99|-54 24 50.4| 6.56725|8.0307e-05|1.2228e-05|0.480881|      0.007288|  3.06744|          0.62416|          0.51863|  5.42342|          1.10356|          0.91697|
|ACT-CL J0156.4-5424|01 56 27.34|-54 24 40.0| 4.29035|7.5419e-05|1.7579e-05|0.406839|      0.012165|  2.05750|          0.51777|          0.41367|  3.65555|          0.91993|          0.73497|
|ACT-CL J0307.4-5424|03 07 25.98|-54 24 30.0| 4.27152|7.4216e-05|1.7375e-05|1.050200|      0.028703|  1.94455|          0.42976|          0.35197|  3.30018|          0.72937|          0.59735|
|ACT-CL J0439.7-5424|04 39 44.00|-54 24 30.0| 4.53434|1.5467e-04|3.4111e-05|0.683071|      0.015188|  2.00989|          0.48166|          0.38855|  3.43867|          0.82406|          0.66476|
|ACT-CL J2357.0-5421|23 57 01.00|-54 22 00.0| 4.23320|1.3140e-04|3.1039e-05|0.927221|      0.019208|  2.05608|          0.47176|          0.38372|  3.48909|          0.80055|          0.65115|
|ACT-CL J0438.2-5419|04 38 17.31|-54 19 32.7|22.29457|6.0114e-04|2.6964e-05|0.421200|      0.000000|  7.56493|          1.35933|          1.15228| 13.82558|          2.48429|          2.10589|
|ACT-CL J0005.0-5415|00 05 03.67|-54 15 25.0| 4.48077|5.6991e-05|1.2719e-05|0.525290|      0.006575|  2.32257|          0.54867|          0.44383|  4.05309|          0.95748|          0.77452|
|ACT-CL J2239.6-5414|22 39 39.66|-54 14 27.2| 4.86035|6.5085e-05|1.3391e-05|0.452847|      0.009852|  2.57173|          0.59443|          0.48283|  4.55102|          1.05192|          0.85443|
|ACT-CL J0645.4-5413|06 45 28.54|-54 13 23.6|19.47588|1.9063e-04|9.7881e-06|0.167000|      0.000000|  7.93847|          1.78120|          1.45478| 15.73327|          3.53017|          2.88324|
|ACT-CL J2103.0-5411|21 03 03.75|-54 11 32.8| 4.87720|5.7330e-05|1.1755e-05|0.561050|      0.008055|  2.69686|          0.60511|          0.49422|  4.69925|          1.05440|          0.86117|
|ACT-CL J2342.7-5411|23 42 45.62|-54 11 11.5| 4.64477|1.3789e-04|2.9687e-05|1.075000|      0.000000|  2.12371|          0.44802|          0.36997|  3.61310|          0.76223|          0.62944|
|ACT-CL J0449.8-5406|04 49 52.45|-54 06 13.1| 4.36342|3.7970e-05|8.7020e-06|0.614782|      0.009938|  1.85432|          0.47465|          0.37792|  3.18593|          0.81550|          0.64930|
|ACT-CL J2050.1-5404|20 50 06.11|-54 04 31.9| 5.04938|6.8330e-05|1.3532e-05|0.660940|      0.013251|  2.79902|          0.60452|          0.49715|  4.83115|          1.04341|          0.85808|
|ACT-CL J0304.9-5404|03 04 55.29|-54 04 13.9| 5.24128|6.1099e-05|1.1657e-05|0.794744|      0.013104|  2.42053|          0.50056|          0.41479|  4.13214|          0.85453|          0.70809|
|ACT-CL J0231.0-5404|02 31 05.53|-54 04 12.1| 6.39103|5.3598e-05|8.3865e-06|0.608652|      0.009231|  2.66364|          0.54200|          0.45036|  4.61492|          0.93905|          0.78027|
|ACT-CL J0118.6-5404|01 18 36.77|-54 04 07.5| 4.74897|6.8908e-05|1.4510e-05|0.240298|      0.004752|  2.17102|          0.57077|          0.45195|  4.03991|          1.06212|          0.84101|
|ACT-CL J0556.8-5403|05 56 48.76|-54 03 53.1| 6.90323|1.2188e-04|1.7655e-05|0.978800|      0.027703|  2.84762|          0.51400|          0.43541|  4.86662|          0.87843|          0.74412|
|ACT-CL J0202.2-5401|02 02 15.82|-54 01 28.1| 5.39751|5.5332e-05|1.0251e-05|0.685939|      0.016186|  2.40061|          0.50044|          0.41411|  4.12176|          0.85923|          0.71101|
|ACT-CL J0002.4-5400|00 02 27.00|-54 01 00.0| 4.06345|4.4755e-05|1.1014e-05|0.632065|      0.010914|  2.13838|          0.52893|          0.42404|  3.67888|          0.90997|          0.72953|
|ACT-CL J0100.0-5358|01 00 03.00|-53 58 57.5| 4.79348|4.8021e-05|1.0018e-05|1.193000|      0.030702|  2.01127|          0.41928|          0.34695|  3.43262|          0.71557|          0.59213|
|ACT-CL J2332.4-5358|23 32 25.23|-53 58 27.7| 9.82999|9.4809e-05|9.6449e-06|0.402000|      0.000000|  4.01235|          0.78000|          0.65305|  7.24769|          1.40895|          1.17963|
|ACT-CL J0638.7-5358|06 38 47.14|-53 58 23.7|24.12476|2.2396e-04|9.2835e-06|0.226000|      0.000000|  8.90584|          1.84913|          1.53120| 17.28934|          3.58980|          2.97260|
|ACT-CL J2232.8-5357|22 32 50.98|-53 58 00.0| 4.27943|1.3784e-04|3.2211e-05|0.435804|      0.010559|  2.26103|          0.56705|          0.45335|  4.00237|          1.00376|          0.80250|
|ACT-CL J2317.3-5357|23 17 20.00|-53 57 44.9| 4.19058|6.4690e-05|1.5437e-05|0.385402|      0.010325|  2.19054|          0.56261|          0.44764|  3.91553|          1.00564|          0.80014|
|ACT-CL J0258.0-5355|02 58 02.00|-53 55 22.9| 4.56234|1.7031e-04|3.7328e-05|1.029800|      0.028417|  2.00023|          0.44375|          0.36318|  3.39525|          0.75323|          0.61647|
|ACT-CL J0106.2-5355|01 06 17.95|-53 55 15.0| 6.02027|5.1018e-05|8.4744e-06|0.489572|      0.006959|  2.60022|          0.55940|          0.46036|  4.57365|          0.98396|          0.80976|
|ACT-CL J0342.0-5354|03 42 05.55|-53 54 45.0| 6.23794|6.2928e-05|1.0088e-05|0.510400|      0.006146|  2.85547|          0.58814|          0.48769|  5.01686|          1.03332|          0.85684|
|ACT-CL J2045.0-5353|20 45 02.37|-53 53 32.0| 5.46595|6.2535e-05|1.1441e-05|0.415149|      0.010373|  2.98001|          0.67116|          0.54778|  5.33024|          1.20047|          0.97980|
|ACT-CL J0012.3-5352|00 12 21.00|-53 52 30.0| 4.13900|4.0249e-05|9.7243e-06|0.343121|      0.008038|  1.98513|          0.54968|          0.43048|  3.57626|          0.99025|          0.77552|
|ACT-CL J2336.0-5352|23 36 03.68|-53 52 19.9| 5.90859|6.0755e-05|1.0282e-05|0.520560|      0.006266|  2.78173|          0.58684|          0.48460|  4.87709|          1.02888|          0.84964|
|ACT-CL J0348.0-5349|03 48 05.45|-53 49 30.1| 5.26858|1.4803e-04|2.8098e-05|0.287294|      0.006823|  2.39236|          0.57945|          0.46647|  4.39577|          1.06469|          0.85710|
|ACT-CL J0546.6-5345|05 46 37.66|-53 45 33.2|12.92992|1.4950e-04|1.1562e-05|1.066800|      0.000000|  4.23956|          0.66968|          0.57833|  7.32125|          1.15646|          0.99871|
|ACT-CL J2040.9-5343|20 40 55.00|-53 43 00.1| 4.45042|4.5354e-05|1.0191e-05|0.533486|      0.007307|  1.99885|          0.56051|          0.43776|  3.47287|          0.97386|          0.76058|
|ACT-CL J2012.3-5342|20 12 19.00|-53 42 44.9| 4.37207|8.3278e-05|1.9048e-05|0.522303|      0.007409|  2.64536|          0.63395|          0.51139|  4.63164|          1.10995|          0.89538|
|ACT-CL J2008.1-5342|20 08 08.01|-53 42 37.2| 4.49224|2.1022e-04|4.6797e-05|0.685215|      0.016428|  2.35153|          0.56956|          0.45851|  4.03592|          0.97753|          0.78693|
|ACT-CL J0509.3-5342|05 09 20.28|-53 42 08.4|10.85753|1.2117e-04|1.1160e-05|0.460100|      0.000000|  4.22790|          0.77002|          0.65138|  7.55867|          1.37664|          1.16455|
|ACT-CL J0501.7-5340|05 01 44.40|-53 40 11.7| 4.29035|4.4397e-05|1.0348e-05|0.917600|      0.026846|  1.91268|          0.43239|          0.35266|  3.24100|          0.73267|          0.59758|
|ACT-CL J0609.5-5339|06 09 30.07|-53 39 57.0| 7.50405|1.3513e-04|1.8007e-05|0.870270|      0.013032|  3.15310|          0.56401|          0.47843|  5.40262|          0.96640|          0.81976|
|ACT-CL J2241.3-5339|22 41 21.94|-53 39 07.2| 4.63652|1.9453e-04|4.1956e-05|0.943364|      0.020498|  2.22091|          0.49084|          0.40200|  3.77484|          0.83427|          0.68326|
|ACT-CL J2111.7-5339|21 11 45.66|-53 39 02.7| 4.58401|4.5421e-05|9.9085e-06|0.446928|      0.009382|  2.45240|          0.59819|          0.48089|  4.33994|          1.05860|          0.85102|
|ACT-CL J2331.2-3630|23 31 14.00|-36 30 22.8| 4.35549|3.5804e-05|8.2205e-06|0.095500|      0.000000|  1.75978|          0.62107|          0.45906|  3.45917|          1.22083|          0.90237|
|ACT-CL J2233.3-5338|22 33 19.95|-53 38 48.7| 9.06097|9.1812e-05|1.0133e-05|0.439800|      0.000000|  4.10173|          0.78054|          0.65575|  7.35574|          1.39976|          1.17598|
|ACT-CL J0342.9-5337|03 42 58.03|-53 37 48.4| 5.52746|4.9595e-05|8.9725e-06|0.059700|      0.000000|  3.21448|          1.18265|          0.86457|  6.54700|          2.40873|          1.76088|
|ACT-CL J0356.3-5337|03 56 19.66|-53 37 45.8| 6.05944|2.2240e-04|3.6703e-05|1.036000|      0.000000|  2.44229|          0.47077|          0.39469|  4.16363|          0.80257|          0.67287|
|ACT-CL J0222.7-5335|02 22 47.35|-53 35 40.0| 4.92305|6.6945e-05|1.3598e-05|0.479282|      0.008210|  2.33540|          0.53189|          0.43323|  4.10496|          0.93492|          0.76149|
|ACT-CL J2002.0-5335|20 02 00.57|-53 35 17.3| 4.27768|4.7077e-05|1.1005e-05|0.482817|      0.008293|  2.45578|          0.61166|          0.48969|  4.31885|          1.07570|          0.86120|
|ACT-CL J0233.3-5334|02 33 18.32|-53 34 55.1| 4.68275|1.0170e-04|2.1717e-05|0.381065|      0.010151|  2.16952|          0.53105|          0.42662|  3.88091|          0.94996|          0.76315|
|ACT-CL J0313.9-5334|03 13 54.61|-53 34 25.4| 5.40155|2.0046e-04|3.7112e-05|1.474000|      0.000000|  1.97831|          0.38133|          0.31971|  3.43469|          0.66206|          0.55507|
|ACT-CL J2300.6-5331|23 00 41.85|-53 31 27.7| 7.19563|6.8662e-05|9.5422e-06|0.262000|      0.000000|  3.20785|          0.71976|          0.58786|  5.98365|          1.34259|          1.09655|
|ACT-CL J0458.4-5331|04 58 27.59|-53 31 27.2| 5.36185|4.6320e-05|8.6388e-06|0.876911|      0.015327|  2.25171|          0.45818|          0.38071|  3.83000|          0.77933|          0.64756|
|ACT-CL J0439.7-5330|04 39 42.51|-53 30 03.9| 5.29668|5.3016e-05|1.0009e-05|0.425669|      0.010410|  2.40392|          0.54141|          0.44189|  4.26960|          0.96160|          0.78484|
|ACT-CL J2031.6-5327|20 31 41.78|-53 27 27.9| 5.06351|5.9656e-05|1.1781e-05|0.531238|      0.007411|  2.73802|          0.61666|          0.50330|  4.79147|          1.07913|          0.88077|
|ACT-CL J0404.8-5325|04 04 51.60|-53 25 41.8| 4.19149|4.1024e-05|9.7875e-06|0.315134|      0.007436|  1.83654|          0.49565|          0.39031|  3.32709|          0.89792|          0.70709|
|ACT-CL J0517.4-5325|05 17 24.64|-53 25 19.9| 5.69874|4.9080e-05|8.6125e-06|0.338867|      0.008207|  2.39566|          0.54764|          0.44575|  4.33928|          0.99195|          0.80739|
|ACT-CL J1959.0-5319|19 59 01.34|-53 19 20.0| 4.23346|1.1408e-04|2.6948e-05|0.833635|      0.012735|  2.33862|          0.53658|          0.43644|  3.98450|          0.91422|          0.74361|
|ACT-CL J0134.9-5319|01 34 55.01|-53 19 15.1| 4.19905|3.5732e-05|8.5096e-06|1.070600|      0.028988|  1.74891|          0.40721|          0.33030|  2.96311|          0.68992|          0.55962|
|ACT-CL J0049.5-5315|00 49 30.78|-53 15 02.9| 7.36321|9.4335e-05|1.2812e-05|0.702582|      0.014558|  3.41527|          0.63315|          0.53413|  5.90222|          1.09420|          0.92307|
|ACT-CL J0343.7-5314|03 43 43.01|-53 14 06.2| 5.25511|1.8966e-04|3.6090e-05|0.714904|      0.015917|  2.36127|          0.50997|          0.41940|  4.04483|          0.87358|          0.71842|
|ACT-CL J2012.1-5308|20 12 07.27|-53 08 40.0| 5.21260|5.5653e-05|1.0677e-05|0.227116|      0.005998|  2.56642|          0.68591|          0.54125|  4.81737|          1.28750|          1.01597|
|ACT-CL J0152.9-5303|01 52 56.10|-53 03 14.5| 7.03553|1.5908e-04|2.2611e-05|0.586707|      0.007397|  3.21891|          0.62311|          0.52205|  5.61380|          1.08671|          0.91046|
|ACT-CL J0245.5-5302|02 45 30.08|-53 02 09.1|22.34314|2.2999e-04|1.0293e-05|0.298389|      0.005865|  7.56493|          1.46440|          1.22690| 14.26558|          2.76150|          2.31363|
|ACT-CL J0418.0-5301|04 18 03.47|-53 01 42.2| 4.83787|1.6473e-04|3.4050e-05|0.702385|      0.017483|  2.22397|          0.48965|          0.40130|  3.80789|          0.83838|          0.68710|
|ACT-CL J2350.9-5301|23 50 55.66|-53 01 28.3| 5.76156|2.3509e-04|4.0803e-05|0.541089|      0.007154|  2.86729|          0.60250|          0.49788|  5.01605|          1.05401|          0.87099|
|ACT-CL J0659.0-5301|06 59 01.68|-53 01 27.5| 4.77512|5.7348e-05|1.2010e-05|0.480000|      0.038300|  2.54355|          0.60304|          0.48747|  4.47880|          1.06187|          0.85836|
|ACT-CL J0144.9-5301|01 44 58.80|-53 01 19.4| 8.59779|6.9179e-05|8.0461e-06|0.118300|      0.000000|  3.00680|          0.81411|          0.64065|  5.92889|          1.60529|          1.26325|
|ACT-CL J0528.1-5259|05 28 06.27|-52 59 56.4| 5.85826|1.0471e-04|1.7873e-05|0.767600|      0.000000|  2.68204|          0.53022|          0.44270|  4.59378|          0.90816|          0.75826|
|ACT-CL J2355.8-5258|23 55 48.02|-52 59 00.0| 4.41208|6.6590e-05|1.5093e-05|0.757992|      0.014039|  2.23318|          0.50484|          0.41176|  3.81180|          0.86171|          0.70282|
|ACT-CL J0254.9-5258|02 54 55.34|-52 58 20.0| 4.16837|3.5049e-05|8.4083e-06|0.935150|      0.024355|  1.79528|          0.43176|          0.34806|  3.03795|          0.73062|          0.58897|
|ACT-CL J2251.2-5257|22 51 15.33|-52 57 50.3| 4.39077|1.9002e-04|4.3277e-05|1.131800|      0.029845|  1.96609|          0.45611|          0.37022|  3.34553|          0.77612|          0.62997|
|ACT-CL J0232.7-5257|02 32 47.51|-52 57 25.7| 8.51268|8.5186e-05|1.0007e-05|0.556100|      0.000000|  3.59627|          0.66670|          0.56244|  6.31110|          1.17000|          0.98702|
|ACT-CL J2245.8-5254|22 45 50.67|-52 54 20.2| 4.30016|8.6467e-05|2.0108e-05|0.463824|      0.008360|  2.27979|          0.56391|          0.45208|  4.01566|          0.99328|          0.79631|
|ACT-CL J0253.1-5253|02 53 11.00|-52 54 00.0| 4.01242|3.3757e-05|8.4131e-06|1.013488|      0.084554|  1.53339|          0.40982|          0.32339|  2.58796|          0.69166|          0.54579|
|ACT-CL J0232.3-5252|02 32 23.32|-52 52 50.5| 4.66733|1.6908e-04|3.6227e-05|0.809942|      0.015478|  1.98377|          0.47033|          0.38019|  3.37063|          0.79913|          0.64598|
|ACT-CL J2035.1-5251|20 35 10.98|-52 51 11.4| 8.84459|9.2321e-05|1.0438e-05|0.528000|      0.000000|  4.31317|          0.81018|          0.68206|  7.63027|          1.43326|          1.20661|
|ACT-CL J0559.7-5249|05 59 42.70|-52 49 46.6| 9.98789|9.6506e-05|9.6623e-06|0.609400|      0.000000|  3.87656|          0.69028|          0.58594|  6.77239|          1.20592|          1.02365|
|ACT-CL J0609.6-5249|06 09 40.99|-52 49 30.3| 5.59136|1.2500e-04|2.2356e-05|0.439108|      0.010252|  2.67099|          0.58807|          0.48195|  4.74287|          1.04423|          0.85581|
|ACT-CL J2240.7-5246|22 40 44.15|-52 46 41.7| 4.77278|4.7080e-05|9.8643e-06|0.224674|      0.004689|  2.14723|          0.58326|          0.45867|  4.01632|          1.09096|          0.85792|
|ACT-CL J0421.0-5246|04 21 01.70|-52 46 38.1| 5.14147|5.9097e-05|1.1494e-05|0.292887|      0.006586|  2.30029|          0.55912|          0.44979|  4.21564|          1.02467|          0.82431|
|ACT-CL J0048.3-5244|00 48 19.97|-52 44 59.7| 6.68611|2.6402e-04|3.9488e-05|0.917600|      0.026846|  2.90105|          0.54256|          0.45707|  4.95928|          0.92749|          0.78136|
|ACT-CL J2110.1-5244|21 10 11.52|-52 44 59.4| 5.70680|9.8727e-05|1.7300e-05|0.616982|      0.009252|  3.12500|          0.64106|          0.53194|  5.42874|          1.11364|          0.92408|
|ACT-CL J0217.1-5244|02 17 11.85|-52 44 41.3| 6.53213|5.4204e-05|8.2981e-06|0.343200|      0.000000|  2.40723|          0.55641|          0.45194|  4.35590|          1.00682|          0.81779|
|ACT-CL J2348.9-5243|23 48 55.57|-52 43 39.2| 4.78222|5.7793e-05|1.2085e-05|0.941524|      0.020384|  2.32737|          0.49293|          0.40677|  3.95968|          0.83864|          0.69207|
|ACT-CL J0655.8-5234|06 55 53.83|-52 34 31.7| 6.53169|1.1034e-04|1.6893e-05|0.470300|      0.000000|  3.42233|          0.70205|          0.58255|  6.07712|          1.24665|          1.03445|
|ACT-CL J0158.5-5232|01 58 33.00|-52 33 00.0| 4.00613|5.4305e-05|1.3555e-05|0.978800|      0.027703|  1.86714|          0.43157|          0.35054|  3.16262|          0.73100|          0.59376|
|ACT-CL J0245.4-5228|02 45 24.03|-52 28 41.3| 4.49621|3.6554e-05|8.1299e-06|0.440319|      0.010748|  1.91928|          0.48796|          0.38905|  3.38222|          0.85990|          0.68559|
|ACT-CL J0330.9-5228|03 30 54.84|-52 28 11.3|10.87635|9.7530e-05|8.9671e-06|0.441700|      0.000000|  4.12723|          0.77188|          0.65027|  7.39984|          1.38393|          1.16588|
|ACT-CL J2223.4-5228|22 23 26.01|-52 28 07.3| 4.29737|4.2012e-05|9.7763e-06|0.264288|      0.005161|  2.09322|          0.57593|          0.45166|  3.86117|          1.06236|          0.83313|
|ACT-CL J2011.1-5228|20 11 08.81|-52 28 05.7| 4.55413|1.6039e-04|3.5219e-05|1.064000|      0.000000|  2.31299|          0.49568|          0.40820|  3.94113|          0.84459|          0.69553|
|ACT-CL J0616.5-5227|06 16 34.28|-52 27 22.1|11.10422|1.3753e-04|1.2386e-05|0.683700|      0.000000|  4.48890|          0.77027|          0.65745|  7.81623|          1.34121|          1.14478|
|ACT-CL J2155.5-5224|21 55 33.59|-52 24 58.0| 4.68000|4.8001e-05|1.0257e-05|0.916931|      0.018387|  2.30504|          0.51525|          0.42112|  3.92111|          0.87650|          0.71637|
|ACT-CL J0238.0-5224|02 38 01.35|-52 24 26.5| 4.48205|3.9917e-05|8.9060e-06|0.135000|      0.000000|  1.84668|          0.58722|          0.44554|  3.56708|          1.13428|          0.86062|
|ACT-CL J0057.3-5223|00 57 22.67|-52 23 20.0| 4.17087|7.4622e-05|1.7891e-05|0.344484|      0.008405|  2.06886|          0.54572|          0.43181|  3.72933|          0.98371|          0.77839|
|ACT-CL J0431.0-5221|04 31 04.65|-52 21 26.4| 4.88194|8.0786e-05|1.6548e-05|0.644125|      0.013928|  2.27665|          0.50125|          0.41080|  3.91769|          0.86255|          0.70691|
|ACT-CL J0359.3-5218|03 59 20.69|-52 18 45.1| 8.12823|1.3100e-04|1.6116e-05|0.682241|      0.014390|  3.35699|          0.60594|          0.51329|  5.80770|          1.04829|          0.88801|
|ACT-CL J2137.6-5215|21 37 40.43|-52 15 18.1| 4.56145|2.1651e-04|4.7465e-05|0.721094|      0.015620|  2.36941|          0.56984|          0.45936|  4.05753|          0.97583|          0.78664|
|ACT-CL J0329.8-5215|03 29 52.56|-52 15 17.2| 4.36465|3.7898e-05|8.6830e-06|0.609545|      0.010828|  1.90217|          0.48525|          0.38662|  3.27162|          0.83460|          0.66497|
|ACT-CL J0215.1-5212|02 15 10.37|-52 12 02.5| 5.70706|4.8352e-05|8.4723e-06|0.480300|      0.000000|  2.35964|          0.52945|          0.43242|  4.14782|          0.93067|          0.76012|
|ACT-CL J0139.5-5204|01 39 33.60|-52 04 17.9| 4.33506|9.5953e-05|2.2134e-05|0.920661|      0.018199|  2.05608|          0.46134|          0.37679|  3.48917|          0.78289|          0.63942|
|ACT-CL J0329.4-5201|03 29 27.31|-52 01 27.8| 4.99862|4.6685e-05|9.3396e-06|0.932247|      0.020091|  2.15909|          0.45009|          0.37245|  3.66760|          0.76456|          0.63267|
|ACT-CL J2220.8-5159|22 20 48.71|-51 59 26.3| 5.27006|1.7798e-04|3.3771e-05|0.488824|      0.008183|  2.72673|          0.61181|          0.49969|  4.80188|          1.07743|          0.87998|
|ACT-CL J0254.1-5159|02 54 10.00|-51 59 14.9| 4.10460|3.9881e-05|9.7162e-06|0.845886|      0.016918|  1.96068|          0.45652|          0.37030|  3.32730|          0.77471|          0.62840|
|ACT-CL J2235.3-5156|22 35 23.02|-51 57 00.0| 4.33987|1.7211e-04|3.9658e-05|1.009400|      0.028132|  2.05325|          0.45897|          0.37512|  3.48597|          0.77923|          0.63687|
|ACT-CL J2355.3-5156|23 55 22.97|-51 56 35.9| 5.26586|1.9630e-04|3.7279e-05|0.724507|      0.017988|  2.29554|          0.51120|          0.41809|  3.92758|          0.87464|          0.71534|
|ACT-CL J0118.3-5156|01 18 20.33|-51 56 16.5| 5.11978|4.9522e-05|9.6727e-06|0.705000|      0.000000|  2.46425|          0.53222|          0.43769|  4.22779|          0.91309|          0.75092|
|ACT-CL J0511.6-5154|05 11 39.99|-51 54 10.4| 5.50031|5.1248e-05|9.3172e-06|0.645000|      0.000000|  2.42053|          0.51064|          0.42168|  4.17043|          0.87980|          0.72653|
|ACT-CL J0147.7-5150|01 47 46.84|-51 50 05.8| 4.36338|7.4628e-05|1.7103e-05|0.836889|      0.013719|  2.07171|          0.46484|          0.37966|  3.52050|          0.78992|          0.64516|
|ACT-CL J1946.1-5148|19 46 10.76|-51 48 36.2| 6.25611|7.1064e-05|1.1359e-05|0.315800|      0.018421|  3.15310|          0.72613|          0.59021|  5.78445|          1.33211|          1.08276|
|ACT-CL J2209.3-5147|22 09 22.99|-51 47 45.2| 5.08107|5.0099e-05|9.8600e-06|0.110000|      0.000000|  2.22244|          0.74528|          0.55812|  4.36425|          1.46352|          1.09599|
|ACT-CL J2249.9-5146|22 49 57.56|-51 46 47.9| 4.60338|1.8277e-04|3.9704e-05|0.109132|      0.005223|  2.04760|          0.68665|          0.51421|  4.01392|          1.34604|          1.00801|
|ACT-CL J0015.5-5146|00 15 34.80|-51 46 20.8| 4.89816|4.2718e-05|8.7213e-06|0.414974|      0.010969|  2.12517|          0.52384|          0.42025|  3.77218|          0.92981|          0.74594|
|ACT-CL J2242.2-5145|22 42 17.34|-51 45 56.7| 4.38764|3.9394e-05|8.9785e-06|0.718206|      0.019525|  2.05891|          0.49341|          0.39802|  3.51600|          0.84259|          0.67970|
|ACT-CL J0012.8-5143|00 12 51.00|-51 44 00.0| 4.15614|9.4578e-05|2.2756e-05|0.329133|      0.007437|  1.97695|          0.52836|          0.41693|  3.57405|          0.95521|          0.75376|
|ACT-CL J0447.5-5143|04 47 30.45|-51 43 35.1| 4.66947|4.1580e-05|8.9046e-06|0.401917|      0.010724|  2.01266|          0.51518|          0.41018|  3.57784|          0.91582|          0.72917|
|ACT-CL J0025.0-5141|00 25 02.40|-51 41 41.8| 4.32826|6.0446e-05|1.3965e-05|0.826894|      0.013847|  2.06602|          0.46531|          0.37977|  3.51155|          0.79087|          0.64549|
|ACT-CL J2250.1-5140|22 50 08.01|-51 40 45.0| 4.38221|6.5690e-05|1.4990e-05|0.106851|      0.005416|  2.10044|          0.70051|          0.52531|  4.12483|          1.37565|          1.03160|
|ACT-CL J0512.6-5139|05 12 39.62|-51 39 41.0| 6.13447|8.6501e-05|1.4101e-05|0.643240|      0.011902|  2.84370|          0.56688|          0.47265|  4.91747|          0.98027|          0.81734|
|ACT-CL J0013.8-5139|00 13 50.00|-51 39 15.6| 4.86204|1.7657e-04|3.6316e-05|0.775656|      0.021133|  2.05467|          0.47666|          0.38690|  3.49816|          0.81153|          0.65871|
|ACT-CL J0549.5-5135|05 49 32.99|-51 35 30.0| 4.24113|1.5684e-04|3.6980e-05|0.328346|      0.007537|  1.94991|          0.53479|          0.41968|  3.52479|          0.96671|          0.75865|
|ACT-CL J0259.1-5128|02 59 06.68|-51 28 20.3| 4.24387|4.4227e-05|1.0421e-05|0.374199|      0.011528|  2.04057|          0.52585|          0.41811|  3.65089|          0.94083|          0.74806|
|ACT-CL J2156.0-5126|21 56 01.61|-51 26 11.6| 4.30419|5.3390e-05|1.2404e-05|0.754568|      0.040174|  2.39236|          0.55500|          0.45049|  4.09014|          0.94886|          0.77019|
|ACT-CL J2054.2-5123|20 54 17.00|-51 23 30.0| 4.16137|1.1425e-04|2.7455e-05|0.725456|      0.017411|  2.36289|          0.55820|          0.45153|  4.04508|          0.95559|          0.77298|
|ACT-CL J0110.1-5121|01 10 07.54|-51 21 38.1| 4.51652|4.1330e-05|9.1509e-06|0.797810|      0.010996|  1.95394|          0.43842|          0.35807|  3.32030|          0.74500|          0.60847|
|ACT-CL J2110.8-5121|21 10 52.00|-51 21 08.6| 4.37542|4.8545e-05|1.1095e-05|0.836798|      0.011743|  2.40227|          0.54915|          0.44698|  4.09494|          0.93610|          0.76192|
|ACT-CL J0235.7-5120|02 35 47.84|-51 20 49.1|12.74896|1.0101e-04|7.9230e-06|0.277500|      0.000000|  4.13861|          0.82843|          0.69026|  7.73136|          1.54759|          1.28947|
|ACT-CL J0033.8-5119|00 33 51.00|-51 20 00.0| 4.25482|1.3620e-04|3.2011e-05|0.361207|      0.010360|  1.75615|          0.47703|          0.37513|  3.14104|          0.85321|          0.67095|
|ACT-CL J0545.3-5119|05 45 23.00|-51 20 00.0| 4.23894|8.0693e-05|1.9036e-05|0.680000|      0.040000|  2.21481|          0.52510|          0.42447|  3.79788|          0.90043|          0.72786|
|ACT-CL J2336.0-5119|23 36 03.34|-51 19 50.1| 4.12699|3.8553e-05|9.3417e-06|0.569019|      0.009248|  1.87229|          0.46150|          0.37024|  3.23366|          0.79707|          0.63945|
|ACT-CL J2341.2-5119|23 41 12.09|-51 19 40.2|13.28116|3.0487e-04|2.2955e-05|1.003000|      0.000000|  3.97659|          0.62814|          0.54245|  6.84825|          1.08175|          0.93418|
|ACT-CL J0338.3-5118|03 38 22.53|-51 18 35.7| 4.54426|4.5358e-05|9.9813e-06|0.219816|      0.004763|  1.82519|          0.50218|          0.39382|  3.40643|          0.93724|          0.73501|
|ACT-CL J2123.5-5118|21 23 31.68|-51 18 32.6| 5.08689|1.1870e-04|2.3335e-05|0.720749|      0.015594|  2.88313|          0.61304|          0.50555|  4.95826|          1.05427|          0.86941|
|ACT-CL J0413.3-5117|04 13 20.03|-51 17 54.6| 6.60505|2.4297e-04|3.6785e-05|0.938000|      0.027132|  2.63083|          0.50279|          0.42212|  4.48766|          0.85766|          0.72005|
|ACT-CL J0122.9-5117|01 22 57.04|-51 17 26.1| 5.41853|5.8235e-05|1.0747e-05|0.729207|      0.021981|  2.37268|          0.48673|          0.40388|  4.06129|          0.83313|          0.69131|
|ACT-CL J2025.9-5117|20 25 57.77|-51 17 17.9| 8.53463|1.5169e-04|1.7773e-05|0.230466|      0.004140|  4.31317|          0.94238|          0.77340|  8.19479|          1.79047|          1.46942|
|ACT-CL J0456.4-5116|04 56 27.77|-51 16 43.7| 7.56838|7.7419e-05|1.0229e-05|0.561900|      0.000000|  3.33855|          0.63805|          0.53567|  5.84459|          1.11699|          0.93777|
|ACT-CL J0219.4-5116|02 19 27.99|-51 16 22.9| 4.56719|1.5063e-04|3.2982e-05|0.543398|      0.007823|  1.98650|          0.47775|          0.38513|  3.44636|          0.82884|          0.66815|
|ACT-CL J0500.9-5116|05 00 57.11|-51 16 10.1| 4.40100|4.0969e-05|9.3090e-06|0.150876|      0.004381|  1.75736|          0.57803|          0.43497|  3.36672|          1.10739|          0.83330|
|ACT-CL J0010.0-5113|00 10 03.99|-51 13 15.1| 4.52638|5.4352e-05|1.2008e-05|0.277142|      0.007343|  1.86585|          0.48245|          0.38333|  3.41875|          0.88397|          0.70237|
|ACT-CL J0640.2-5113|06 40 16.91|-51 13 02.0| 7.82368|1.0172e-04|1.3002e-05|1.316000|      0.000000|  2.97181|          0.49798|          0.42651|  5.14932|          0.86286|          0.73902|
|ACT-CL J0010.8-5111|00 10 52.35|-51 11 50.2| 4.23924|3.2603e-05|7.6908e-06|0.216229|      0.004115|  1.57730|          0.46608|          0.35977|  2.93733|          0.86796|          0.66999|
|ACT-CL J0159.5-5110|01 59 30.16|-51 10 53.1| 5.17156|3.9785e-05|7.6930e-06|0.673375|      0.013481|  2.13544|          0.46478|          0.38170|  3.66080|          0.79677|          0.65435|
|ACT-CL J0041.1-5107|00 41 09.66|-51 07 44.5| 6.09850|6.3611e-05|1.0431e-05|0.518387|      0.006704|  2.57350|          0.52579|          0.43659|  4.50563|          0.92054|          0.76437|
|ACT-CL J2153.6-5107|21 53 36.42|-51 07 11.9| 4.34804|9.7410e-05|2.2403e-05|0.853145|      0.016689|  2.51568|          0.56658|          0.46243|  4.29086|          0.96639|          0.78874|
|ACT-CL J0249.8-5104|02 49 49.21|-51 04 54.5| 5.01773|1.2047e-04|2.4009e-05|0.576562|      0.009113|  2.16952|          0.48313|          0.39514|  3.75544|          0.83630|          0.68399|
|ACT-CL J0059.0-5104|00 59 03.00|-51 04 45.1| 4.12390|3.4110e-05|8.2713e-06|0.619718|      0.010133|  1.72975|          0.45928|          0.36292|  2.96615|          0.78757|          0.62233|
|ACT-CL J0521.2-5104|05 21 12.64|-51 04 18.7| 8.57692|8.3828e-05|9.7737e-06|0.674200|      0.000000|  3.65871|          0.66337|          0.56156|  6.34579|          1.15058|          0.97398|
|ACT-CL J0252.9-5101|02 52 58.27|-51 01 54.0| 6.82398|6.0273e-05|8.8326e-06|0.444480|      0.009090|  2.74557|          0.55867|          0.46421|  4.87342|          0.99164|          0.82398|
|ACT-CL J2300.5-5100|23 00 30.30|-51 00 23.0| 5.55918|6.9820e-05|1.2559e-05|0.407600|      0.019706|  2.62540|          0.59129|          0.48260|  4.68962|          1.05619|          0.86204|
|ACT-CL J0159.3-5100|01 59 21.13|-51 00 10.1| 4.48883|3.5713e-05|7.9560e-06|0.621896|      0.013159|  1.89694|          0.45136|          0.36460|  3.25842|          0.77531|          0.62629|
|ACT-CL J0451.8-5057|04 51 50.43|-50 57 46.7| 4.92864|8.4481e-05|1.7141e-05|0.731552|      0.014161|  2.31140|          0.49727|          0.40923|  3.95368|          0.85059|          0.69999|
|ACT-CL J2356.5-5056|23 56 30.01|-50 57 00.0| 4.18986|3.2291e-05|7.7069e-06|0.311599|      0.006466|  1.65063|          0.45560|          0.35705|  2.98595|          0.82417|          0.64590|
|ACT-CL J2016.3-5056|20 16 19.02|-50 56 30.0| 4.40446|2.0429e-04|4.6383e-05|0.580841|      0.008431|  2.31937|          0.57370|          0.45993|  4.01861|          0.99401|          0.79689|
|ACT-CL J2354.9-5055|23 54 57.00|-50 56 00.0| 4.08083|1.2497e-04|3.0625e-05|0.318865|      0.007182|  1.46023|          0.44194|          0.33926|  2.62910|          0.79569|          0.61083|
|ACT-CL J2355.7-5055|23 55 44.70|-50 55 58.8| 6.22550|1.8928e-04|3.0404e-05|0.319600|      0.000000|  2.38578|          0.53330|          0.43587|  4.34311|          0.97083|          0.79346|
|ACT-CL J0447.3-5055|04 47 22.63|-50 55 00.3| 5.19138|7.4722e-05|1.4394e-05|0.386899|      0.010231|  2.45747|          0.56802|          0.46138|  4.40273|          1.01764|          0.82659|
|ACT-CL J2331.9-5052|23 31 55.62|-50 52 15.2| 9.32068|7.7572e-05|8.3226e-06|0.576000|      0.000000|  3.55932|          0.64535|          0.54630|  6.22937|          1.12947|          0.95611|
|ACT-CL J1934.9-5050|19 34 58.43|-50 50 53.1| 7.44503|9.3157e-05|1.2513e-05|0.237000|      0.000000|  3.78687|          0.86247|          0.70248|  7.15380|          1.62930|          1.32706|
|ACT-CL J2028.9-5050|20 28 56.28|-50 50 13.4| 5.05348|7.7042e-05|1.5245e-05|0.983640|      0.025978|  2.71923|          0.55556|          0.46131|  4.64280|          0.94857|          0.78764|
|ACT-CL J0037.7-5047|00 37 45.71|-50 47 30.1| 6.00864|6.0869e-05|1.0130e-05|1.026000|      0.000000|  2.37595|          0.44629|          0.37572|  4.04737|          0.76025|          0.64003|
|ACT-CL J2203.2-5047|22 03 12.77|-50 47 17.1| 5.86168|6.2647e-05|1.0687e-05|0.900560|      0.024745|  2.86927|          0.56251|          0.47031|  4.90434|          0.96148|          0.80388|
|ACT-CL J0337.4-5046|03 37 26.80|-50 46 47.6| 5.05357|4.6974e-05|9.2952e-06|0.736470|      0.018843|  2.19205|          0.46427|          0.38312|  3.74429|          0.79302|          0.65442|
|ACT-CL J0116.6-5046|01 16 39.65|-50 46 24.7| 4.56018|7.6595e-05|1.6797e-05|0.395774|      0.010695|  2.10914|          0.51446|          0.41358|  3.75821|          0.91670|          0.73695|
|ACT-CL J0211.2-5045|02 11 14.01|-50 45 44.9| 4.31408|1.1071e-04|2.5662e-05|0.622006|      0.027294|  2.00574|          0.48067|          0.38775|  3.44932|          0.82661|          0.66681|
|ACT-CL J0307.8-5042|03 07 51.42|-50 42 16.8|11.03430|1.2770e-04|1.1573e-05|0.560263|      0.006422|  3.88725|          0.67959|          0.57846|  6.83028|          1.19410|          1.01641|
|ACT-CL J2115.8-5040|21 15 52.42|-50 40 12.0| 4.72593|2.2963e-04|4.8589e-05|0.682901|      0.020467|  2.50704|          0.58799|          0.47628|  4.30945|          1.01071|          0.81870|
|ACT-CL J2043.2-5035|20 43 16.72|-50 35 30.9| 8.24401|1.2254e-04|1.4864e-05|0.723400|      0.000000|  4.13007|          0.73877|          0.62667|  7.15845|          1.28048|          1.08618|
|ACT-CL J0025.4-5034|00 25 27.94|-50 34 29.5| 7.25474|6.9408e-05|9.5673e-06|0.365449|      0.009543|  2.69686|          0.54876|          0.45598|  4.86613|          0.99016|          0.82275|
|ACT-CL J0332.9-5032|03 32 58.15|-50 32 56.9| 5.80907|4.3807e-05|7.5412e-06|0.968600|      0.027560|  2.15909|          0.41973|          0.35141|  3.66794|          0.71305|          0.59699|
|ACT-CL J0142.1-5032|01 42 10.92|-50 32 28.9|11.28897|1.3076e-04|1.1583e-05|0.679300|      0.000000|  3.88993|          0.65808|          0.56286|  6.75348|          1.14253|          0.97721|
|ACT-CL J0005.2-5027|00 05 15.60|-50 27 18.3| 4.32365|6.5638e-05|1.5181e-05|0.608742|      0.012929|  1.70492|          0.39986|          0.32390|  2.92590|          0.68622|          0.55586|
|ACT-CL J0522.0-5026|05 22 03.60|-50 26 39.4| 7.30409|7.5318e-05|1.0312e-05|0.554003|      0.006324|  3.27480|          0.63662|          0.53300|  5.73627|          1.11513|          0.93363|
|ACT-CL J2231.9-5024|22 31 54.79|-50 24 05.9| 4.29560|4.3046e-05|1.0021e-05|0.344248|      0.008905|  1.81142|          0.46054|          0.36718|  3.25562|          0.82771|          0.65993|
|ACT-CL J0514.1-5023|05 14 07.99|-50 23 36.9| 4.63449|1.3120e-04|2.8310e-05|0.581525|      0.008978|  2.16058|          0.51041|          0.41287|  3.73747|          0.88292|          0.71420|
|ACT-CL J2116.5-5022|21 16 34.00|-50 22 59.9| 4.72159|6.4941e-05|1.3754e-05|0.418187|      0.010291|  2.74368|          0.66220|          0.53345|  4.89511|          1.18145|          0.95174|
|ACT-CL J0346.2-5018|03 46 14.77|-50 18 37.3| 4.87619|1.4319e-04|2.9365e-05|0.645298|      0.012406|  1.93653|          0.44105|          0.35923|  3.32068|          0.75629|          0.61600|
|ACT-CL J0002.5-5017|00 02 33.02|-50 17 20.7| 4.86983|1.2091e-04|2.4829e-05|0.961541|      0.024550|  1.69672|          0.36787|          0.30232|  2.86801|          0.62182|          0.51102|
|ACT-CL J0027.3-5014|00 27 20.04|-50 14 45.1| 6.62586|4.8157e-05|7.2680e-06|0.144800|      0.000000|  2.12810|          0.55394|          0.43953|  4.10763|          1.06922|          0.84838|
|ACT-CL J0217.0-5013|02 17 04.02|-50 13 59.9| 5.04624|4.4622e-05|8.8427e-06|0.538118|      0.006443|  2.13544|          0.47554|          0.38893|  3.71313|          0.82688|          0.67628|
|ACT-CL J2311.2-5010|23 11 17.99|-50 10 25.1| 4.44791|3.7255e-05|8.3758e-06|0.822013|      0.014840|  1.75012|          0.43440|          0.34802|  2.96487|          0.73591|          0.58957|
|ACT-CL J2359.7-5010|23 59 43.17|-50 10 11.5| 8.92419|1.4392e-04|1.6127e-05|0.775000|      0.000000|  2.98001|          0.51375|          0.43821|  5.11410|          0.88167|          0.75202|
|ACT-CL J2304.0-5006|23 04 00.57|-50 06 17.2| 4.40404|4.3004e-05|9.7647e-06|0.620290|      0.011139|  1.98377|          0.46021|          0.37355|  3.41131|          0.79138|          0.64236|
|ACT-CL J2351.3-5005|23 51 18.84|-50 05 26.0| 4.82320|1.2965e-04|2.6881e-05|0.565040|      0.008882|  1.80023|          0.42528|          0.34401|  3.10813|          0.73425|          0.59394|
|ACT-CL J0015.1-5004|00 15 06.26|-50 04 41.5| 5.23069|1.3657e-04|2.6110e-05|0.968600|      0.027560|  1.83907|          0.38032|          0.31515|  3.11387|          0.64395|          0.53360|
|ACT-CL J0231.1-5004|02 31 09.12|-50 04 19.9| 4.70714|4.4633e-05|9.4821e-06|0.630726|      0.010720|  1.96880|          0.43843|          0.35858|  3.38165|          0.75306|          0.61591|
|ACT-CL J0326.9-5004|03 26 55.19|-50 04 05.9| 4.59881|1.3369e-04|2.9071e-05|0.271829|      0.006309|  1.73691|          0.45967|          0.36348|  3.18239|          0.84221|          0.66596|
|ACT-CL J2131.8-5003|21 31 50.67|-50 03 40.0| 4.13502|7.2661e-05|1.7572e-05|0.460020|      0.008515|  2.41553|          0.60579|          0.48433|  4.26310|          1.06915|          0.85478|
|ACT-CL J0150.5-5003|01 50 35.09|-50 03 08.7| 5.12051|7.0855e-05|1.3838e-05|0.800976|      0.011610|  2.10478|          0.43527|          0.36068|  3.58175|          0.74070|          0.61378|
|ACT-CL J2317.2-5000|23 17 14.57|-50 00 16.4| 4.95587|7.0064e-05|1.4138e-05|1.050200|      0.028703|  1.97559|          0.40199|          0.33403|  3.35397|          0.68247|          0.56708|
|ACT-CL J0126.7-5000|01 26 43.59|-50 00 11.9| 4.21038|3.3740e-05|8.0135e-06|0.126639|      0.004928|  1.53445|          0.50612|          0.38059|  2.96136|          0.97677|          0.73450|
|ACT-CL J0309.0-4957|03 09 02.96|-49 57 57.2| 8.53153|8.5595e-05|1.0033e-05|0.554252|      0.006488|  3.22113|          0.59190|          0.50002|  5.63997|          1.03638|          0.87550|
|ACT-CL J0326.2-4957|03 26 14.67|-49 57 50.0| 4.40302|1.2333e-04|2.8010e-05|0.698109|      0.017091|  1.82771|          0.41781|          0.34007|  3.11748|          0.71265|          0.58005|
|ACT-CL J0059.1-4955|00 59 10.72|-49 55 32.9| 4.88906|4.9818e-05|1.0190e-05|0.442259|      0.009662|  2.10623|          0.48505|          0.39425|  3.71793|          0.85621|          0.69594|
|ACT-CL J0014.8-4952|00 14 48.29|-49 52 30.8|11.31928|2.8960e-04|2.5584e-05|0.752000|      0.000000|  3.41527|          0.57229|          0.49015|  5.88501|          0.98613|          0.84460|
|ACT-CL J2233.2-4951|22 33 13.98|-49 51 30.0| 4.48486|1.2920e-04|2.8808e-05|0.720860|      0.015681|  1.78541|          0.41722|          0.33819|  3.03944|          0.71027|          0.57573|
|ACT-CL J2310.1-4951|23 10 09.00|-49 51 20.3| 4.46454|6.2193e-05|1.3930e-05|0.578076|      0.008168|  1.92060|          0.44392|          0.36058|  3.31534|          0.76630|          0.62243|
|ACT-CL J0012.2-4948|00 12 15.00|-49 49 00.0| 4.20534|1.0223e-04|2.4311e-05|0.707972|      0.015368|  1.48252|          0.37692|          0.30051|  2.51628|          0.63974|          0.51006|
|ACT-CL J0154.8-4947|01 54 53.81|-49 47 23.9| 4.33781|3.2406e-05|7.4707e-06|0.493595|      0.008093|  1.70257|          0.42992|          0.34325|  2.96532|          0.74879|          0.59783|
|ACT-CL J0459.6-4946|04 59 40.57|-49 46 50.0| 5.93855|1.0600e-04|1.7850e-05|1.700000|      0.000000|  2.04338|          0.36385|          0.30886|  3.61930|          0.64447|          0.54706|
|ACT-CL J0242.2-4944|02 42 12.08|-49 44 10.5| 8.90907|1.0459e-04|1.1740e-05|0.806604|      0.010225|  3.21669|          0.55456|          0.47301|  5.52277|          0.95213|          0.81212|
|ACT-CL J0433.5-4942|04 33 30.99|-49 43 00.0| 4.13614|1.5542e-04|3.7577e-05|0.396894|      0.011504|  1.95529|          0.52770|          0.41555|  3.47734|          0.93847|          0.73902|
|ACT-CL J0636.6-4942|06 36 40.92|-49 42 11.3| 7.63894|7.9307e-05|1.0382e-05|0.351800|      0.034390|  3.59875|          0.75620|          0.62489|  6.56031|          1.37850|          1.13914|
|ACT-CL J0236.9-4937|02 36 58.87|-49 37 46.0| 6.73485|5.4543e-05|8.0986e-06|0.334300|      0.000000|  2.52784|          0.54807|          0.45041|  4.58991|          0.99515|          0.81783|
|ACT-CL J0516.9-4937|05 16 55.02|-49 37 45.0| 4.45649|4.1752e-05|9.3689e-06|0.249369|      0.009604|  2.02936|          0.56549|          0.44226|  3.75873|          1.04739|          0.81914|
|ACT-CL J0408.6-4936|04 08 40.89|-49 36 26.8| 4.88956|9.0722e-05|1.8554e-05|0.304418|      0.006743|  2.32417|          0.57888|          0.46345|  4.24626|          1.05762|          0.84672|
|ACT-CL J0219.2-4934|02 19 14.21|-49 34 46.4| 7.88444|7.6811e-05|9.7421e-06|0.525500|      0.007047|  2.98617|          0.56336|          0.47395|  5.24014|          0.98859|          0.83168|
|ACT-CL J0248.3-4931|02 48 18.60|-49 31 17.0| 4.87787|1.3988e-04|2.8676e-05|0.964404|      0.023011|  1.74651|          0.38159|          0.31317|  2.95394|          0.64540|          0.52968|
|ACT-CL J0503.9-4929|05 03 58.01|-49 29 04.7| 4.51200|6.7952e-05|1.5060e-05|0.200000|      0.033480|  2.15612|          0.61414|          0.47799|  4.07005|          1.15929|          0.90229|
|ACT-CL J0337.8-4928|03 37 50.86|-49 28 51.3| 5.31068|4.4312e-05|8.3440e-06|0.498606|      0.006891|  2.16803|          0.47551|          0.38998|  3.79274|          0.83185|          0.68222|
|ACT-CL J0210.4-4925|02 10 29.96|-49 26 00.0| 4.64691|1.4233e-04|3.0630e-05|0.927800|      0.026989|  1.72618|          0.40338|          0.32697|  2.91872|          0.68206|          0.55286|
|ACT-CL J0038.7-4923|00 38 47.58|-49 23 42.9| 5.37244|6.7841e-05|1.2628e-05|0.551911|      0.007601|  2.02378|          0.43032|          0.35486|  3.50853|          0.74602|          0.61521|
|ACT-CL J0023.7-4923|00 23 42.40|-49 23 41.9| 4.75178|3.7788e-05|7.9524e-06|0.709178|      0.021265|  1.88133|          0.40790|          0.33522|  3.20852|          0.69565|          0.57170|
|ACT-CL J2349.6-4922|23 49 37.59|-49 22 48.3| 5.15047|1.2696e-04|2.4650e-05|0.662600|      0.023276|  1.84541|          0.40475|          0.33195|  3.15663|          0.69234|          0.56780|
|ACT-CL J0304.2-4921|03 04 14.65|-49 21 27.4|15.84148|1.2498e-04|7.8896e-06|0.391700|      0.000000|  4.90586|          0.88950|          0.75297|  8.92577|          1.61836|          1.36997|
|ACT-CL J0102.9-4916|01 02 58.04|-49 16 02.6|48.87476|7.5834e-04|1.5516e-05|0.870000|      0.000000| 10.65179|          1.69955|          1.46569| 18.77701|          2.99597|          2.58372|
|ACT-CL J0405.9-4915|04 05 58.16|-49 15 45.7| 8.20429|7.8539e-05|9.5729e-06|0.325000|      0.000000|  3.60867|          0.74927|          0.62045|  6.62529|          1.37561|          1.13910|
|ACT-CL J0309.5-4915|03 09 31.40|-49 15 38.8| 5.15119|3.6014e-05|6.9914e-06|0.730528|      0.016147|  1.88392|          0.42112|          0.34418|  3.20888|          0.71729|          0.58625|
|ACT-CL J2254.2-4913|22 54 17.39|-49 13 12.8| 5.03820|1.1865e-04|2.3549e-05|0.776214|      0.018228|  2.06459|          0.43899|          0.36202|  3.51533|          0.74747|          0.61640|
|ACT-CL J2317.8-4912|23 17 49.19|-49 12 53.6| 4.86560|3.6787e-05|7.5607e-06|0.326239|      0.007221|  1.79651|          0.46452|          0.36908|  3.24325|          0.83859|          0.66631|
|ACT-CL J0331.2-4908|03 31 15.74|-49 08 32.3| 5.49462|7.3975e-05|1.3463e-05|0.989000|      0.027846|  2.08459|          0.40696|          0.34049|  3.53939|          0.69097|          0.57811|
|ACT-CL J2134.7-4907|21 34 42.25|-49 07 26.4| 5.99631|2.8843e-04|4.8102e-05|0.567605|      0.007457|  3.31336|          0.67970|          0.56400|  5.79539|          1.18886|          0.98649|
|ACT-CL J2254.3-4907|22 54 18.78|-49 07 05.5| 6.19113|4.7352e-05|7.6484e-06|0.765971|      0.012241|  2.38250|          0.46512|          0.38915|  4.07071|          0.79469|          0.66489|
|ACT-CL J0013.3-4906|00 13 18.61|-49 06 45.4|17.30739|1.4377e-04|8.3068e-06|0.407500|      0.000000|  4.85545|          0.87641|          0.74241|  8.80101|          1.58859|          1.34569|
|ACT-CL J0233.4-4906|02 33 29.32|-49 06 26.5| 4.36572|3.1184e-05|7.1430e-06|0.672227|      0.015017|  1.57404|          0.41109|          0.32596|  2.68162|          0.70035|          0.55532|
|ACT-CL J0456.4-4905|04 56 28.11|-49 05 48.3| 7.26840|1.4126e-04|1.9435e-05|0.917600|      0.026846|  3.18584|          0.57246|          0.48526|  5.45723|          0.98060|          0.83124|
|ACT-CL J0238.7-4904|02 38 47.52|-49 04 23.8| 7.50591|7.0700e-05|9.4193e-06|0.500596|      0.006782|  2.94736|          0.56812|          0.47631|  5.18980|          1.00037|          0.83870|
|ACT-CL J0348.8-4902|03 48 53.01|-49 03 00.0| 4.51198|3.8433e-05|8.5181e-06|0.622338|      0.010209|  1.94455|          0.46932|          0.37807|  3.34179|          0.80655|          0.64974|
|ACT-CL J0103.0-4902|01 03 05.43|-49 02 38.3| 6.96673|1.0368e-04|1.4882e-05|0.702584|      0.014920|  2.82030|          0.52976|          0.44599|  4.85353|          0.91168|          0.76751|
|ACT-CL J0142.1-4902|01 42 06.14|-49 02 18.5| 5.18803|6.1177e-05|1.1792e-05|0.938969|      0.020219|  2.09899|          0.42363|          0.35249|  3.56339|          0.71918|          0.59841|
|ACT-CL J0021.5-4902|00 21 33.28|-49 02 01.7| 7.11127|4.5435e-05|6.3891e-06|0.668000|      0.000000|  2.35640|          0.45034|          0.37808|  4.04976|          0.77397|          0.64979|
|ACT-CL J0449.0-4901|04 49 04.85|-49 01 28.8| 8.60185|1.2781e-04|1.4858e-05|0.792000|      0.000000|  3.63361|          0.63524|          0.54071|  6.25869|          1.09417|          0.93135|
|ACT-CL J0003.6-4900|00 03 37.35|-49 00 20.0| 4.50461|1.0459e-04|2.3219e-05|0.642676|      0.015131|  1.64269|          0.37830|          0.30749|  2.80786|          0.64663|          0.52559|
|ACT-CL J0357.8-4859|03 57 53.47|-48 59 42.5| 4.88728|8.8614e-05|1.8132e-05|0.381581|      0.019438|  2.02238|          0.47432|          0.38421|  3.61154|          0.84703|          0.68611|
|ACT-CL J0152.2-4859|01 52 13.20|-48 59 24.0| 4.49058|1.3070e-04|2.9106e-05|0.385577|      0.011262|  1.76950|          0.44683|          0.35674|  3.14775|          0.79485|          0.63461|
|ACT-CL J0244.0-4857|02 44 05.61|-48 57 49.7| 8.28784|6.3980e-05|7.7197e-06|0.455201|      0.008522|  2.94330|          0.56251|          0.47225|  5.22235|          0.99807|          0.83793|
|ACT-CL J0441.8-4855|04 41 48.56|-48 55 12.5| 8.22673|9.2501e-05|1.1244e-05|0.799887|      0.009955|  3.59875|          0.63789|          0.54185|  6.19550|          1.09818|          0.93283|
|ACT-CL J0107.4-4854|01 07 29.98|-48 54 59.8| 5.50258|1.0236e-04|1.8602e-05|0.578918|      0.007552|  2.31459|          0.48829|          0.40322|  4.01103|          0.84617|          0.69876|
|ACT-CL J0516.1-4854|05 16 11.00|-48 54 59.8| 5.06692|5.5613e-05|1.0976e-05|0.598298|      0.009361|  2.60739|          0.57187|          0.46901|  4.52031|          0.99143|          0.81310|
|ACT-CL J0200.5-4852|02 00 33.39|-48 52 15.7| 9.10381|6.9432e-05|7.6267e-06|0.498500|      0.000000|  3.28609|          0.60920|          0.51393|  5.80252|          1.07572|          0.90748|
|ACT-CL J0317.8-4849|03 17 50.76|-48 49 42.9| 4.98084|3.4929e-05|7.0127e-06|0.164200|      0.000000|  1.47844|          0.45409|          0.34739|  2.80458|          0.86140|          0.65900|
|ACT-CL J0339.1-4849|03 39 06.99|-48 49 30.0| 4.13068|9.5418e-05|2.3100e-05|0.501340|      0.007440|  1.74410|          0.43741|          0.34970|  3.03556|          0.76129|          0.60865|
|ACT-CL J2251.1-4848|22 51 08.18|-48 48 27.2| 7.40682|8.1625e-05|1.1020e-05|0.940669|      0.021695|  2.58593|          0.45418|          0.38633|  4.40945|          0.77445|          0.65875|
|ACT-CL J2314.1-4847|23 14 11.73|-48 47 43.8| 7.18288|5.9151e-05|8.2349e-06|0.371327|      0.009682|  2.68389|          0.55726|          0.46145|  4.83544|          1.00399|          0.83137|
|ACT-CL J2146.1-4846|21 46 11.69|-48 46 21.1| 5.37071|6.7964e-05|1.2655e-05|0.623000|      0.000000|  3.05059|          0.64865|          0.53491|  5.29347|          1.12555|          0.92819|
|ACT-CL J0026.9-4845|00 26 55.39|-48 45 04.9| 5.57338|1.0671e-04|1.9147e-05|0.090095|      0.006113|  1.89303|          0.60884|          0.46068|  3.73837|          1.20234|          0.90975|
|ACT-CL J2312.0-4844|23 12 02.82|-48 44 31.8| 7.07727|6.5079e-05|9.1955e-06|0.677509|      0.014260|  2.71736|          0.51043|          0.42971|  4.68102|          0.87928|          0.74023|
|ACT-CL J0234.6-4843|02 34 36.02|-48 43 45.0| 4.80310|1.4212e-04|2.9590e-05|0.769651|      0.016311|  1.96474|          0.42598|          0.35008|  3.34281|          0.72476|          0.59562|
|ACT-CL J0022.5-4843|00 22 30.56|-48 43 17.6| 4.76838|1.1703e-04|2.4542e-05|0.855023|      0.015238|  1.71434|          0.37169|          0.30546|  2.90067|          0.62890|          0.51684|
|ACT-CL J0001.2-4843|00 01 12.22|-48 43 10.2| 8.60553|5.4979e-05|6.3888e-06|0.346400|      0.018850|  2.54005|          0.51685|          0.42946|  4.59827|          0.93566|          0.77746|
|ACT-CL J0043.8-4843|00 43 51.97|-48 43 06.6| 7.92181|1.6653e-04|2.1022e-05|0.838765|      0.012317|  2.68389|          0.47573|          0.40410|  4.58561|          0.81282|          0.69043|
|ACT-CL J0213.8-4839|02 13 48.99|-48 39 30.0| 4.12645|3.4906e-05|8.4590e-06|0.222166|      0.004524|  1.62246|          0.46788|          0.36315|  3.01707|          0.87005|          0.67531|
|ACT-CL J0120.1-4836|01 20 11.52|-48 36 13.4| 4.64643|5.2432e-05|1.1284e-05|0.215702|      0.004743|  1.77072|          0.47634|          0.37536|  3.30726|          0.88968|          0.70108|
|ACT-CL J2222.8-4834|22 22 49.39|-48 34 55.0| 7.48195|7.5486e-05|1.0089e-05|0.652100|      0.000000|  3.52275|          0.66747|          0.56115|  6.11593|          1.15882|          0.97423|
|ACT-CL J0051.1-4834|00 51 09.67|-48 34 51.8| 7.53838|5.6555e-05|7.5023e-06|0.187300|      0.000000|  2.42888|          0.60078|          0.48165|  4.62131|          1.14308|          0.91641|
|ACT-CL J2211.2-4833|22 11 17.56|-48 33 39.3| 7.92453|8.3510e-05|1.0538e-05|0.240000|      0.026740|  3.53977|          0.81818|          0.66457|  6.66840|          1.54133|          1.25195|
|ACT-CL J0243.5-4833|02 43 35.54|-48 33 28.6|17.23601|1.3049e-04|7.5706e-06|0.498400|      0.000000|  5.15165|          0.89647|          0.76359|  9.19348|          1.59981|          1.36268|
|ACT-CL J0325.5-4833|03 25 33.46|-48 33 17.4| 4.49822|3.9031e-05|8.6770e-06|0.730322|      0.015342|  1.84287|          0.41350|          0.33772|  3.13756|          0.70399|          0.57498|
|ACT-CL J0022.7-4832|00 22 45.31|-48 32 14.7| 6.51313|6.4372e-05|9.8834e-06|0.668000|      0.000000|  2.27352|          0.43823|          0.36741|  3.90435|          0.75259|          0.63096|
|ACT-CL J0216.3-4830|02 16 18.24|-48 30 48.6| 8.29469|7.3617e-05|8.8752e-06|0.434062|      0.010951|  3.12285|          0.60451|          0.50647|  5.57063|          1.07835|          0.90346|
|ACT-CL J2313.1-4830|23 13 07.00|-48 30 30.0| 4.05289|3.0725e-05|7.5810e-06|0.473505|      0.007496|  1.71552|          0.44506|          0.35338|  2.99810|          0.77781|          0.61758|
|ACT-CL J2220.0-4829|22 20 05.56|-48 29 17.6| 4.64435|2.2105e-04|4.7596e-05|0.877688|      0.013789|  2.48299|          0.55085|          0.45083|  4.23208|          0.93888|          0.76841|
|ACT-CL J0637.3-4829|06 37 22.65|-48 29 03.1| 9.65387|1.0237e-04|1.0604e-05|0.202600|      0.000000|  3.83409|          0.87322|          0.71124|  7.33775|          1.67119|          1.36118|
|ACT-CL J0150.7-4828|01 50 43.00|-48 28 15.2| 4.42936|1.3219e-04|2.9844e-05|0.568772|      0.009149|  1.80519|          0.43723|          0.35198|  3.11547|          0.75459|          0.60746|
|ACT-CL J2303.0-4826|23 03 02.89|-48 26 24.8| 7.28356|6.8964e-05|9.4685e-06|0.274457|      0.005885|  2.66731|          0.57831|          0.47526|  4.93315|          1.06957|          0.87899|
|ACT-CL J0028.2-4826|00 28 14.96|-48 26 20.7| 4.90214|1.1556e-04|2.3574e-05|0.386855|      0.010358|  1.70023|          0.41036|          0.33057|  3.02101|          0.72913|          0.58737|
|ACT-CL J0252.7-4824|02 52 45.86|-48 24 43.3| 9.45165|9.0554e-05|9.5807e-06|0.420700|      0.000000|  3.40353|          0.63932|          0.53822|  6.09979|          1.14578|          0.96459|
|ACT-CL J0154.3-4824|01 54 20.52|-48 24 42.8|12.83151|1.7596e-04|1.3713e-05|1.280000|      0.102600|  3.49136|          0.55706|          0.48041|  6.05847|          0.96666|          0.83365|
|ACT-CL J0123.1-4821|01 23 09.33|-48 21 28.6|10.72705|1.0455e-04|9.7461e-06|0.655000|      0.000000|  3.73250|          0.64047|          0.54667|  6.48690|          1.11311|          0.95008|
|ACT-CL J0350.0-4819|03 50 00.00|-48 19 44.8| 4.75873|5.5520e-05|1.1667e-05|1.376600|      0.033272|  1.69672|          0.33963|          0.28299|  2.91558|          0.58361|          0.48627|
|ACT-CL J0411.2-4819|04 11 15.41|-48 19 15.2|13.95061|1.4022e-04|1.0051e-05|0.423500|      0.000000|  5.79536|          1.06021|          0.89625| 10.51528|          1.92368|          1.62619|
|ACT-CL J0353.0-4818|03 53 04.56|-48 18 43.6| 5.06148|7.1060e-05|1.4039e-05|0.927800|      0.026989|  2.05750|          0.42037|          0.34905|  3.49154|          0.71335|          0.59233|
|ACT-CL J0522.2-4818|05 22 16.73|-48 18 32.8| 4.61087|4.7252e-05|1.0248e-05|0.296000|      0.000000|  2.25792|          0.58970|          0.46758|  4.13241|          1.07925|          0.85576|
|ACT-CL J0257.7-4817|02 57 46.21|-48 17 22.7| 5.98948|8.4300e-05|1.4075e-05|0.458153|      0.008217|  2.42220|          0.50897|          0.42059|  4.27654|          0.89862|          0.74258|
|ACT-CL J0216.2-4816|02 16 16.34|-48 16 37.3| 6.78924|9.6630e-05|1.4233e-05|0.170900|      0.000000|  2.57705|          0.62859|          0.50533|  4.94333|          1.20578|          0.96934|
|ACT-CL J0334.8-4815|03 34 50.76|-48 15 39.9| 9.43432|1.0446e-04|1.1072e-05|0.622926|      0.010103|  3.27254|          0.57742|          0.49082|  5.68752|          1.00353|          0.85302|
|ACT-CL J2236.9-4809|22 36 56.02|-48 09 37.3| 4.40602|4.7639e-05|1.0812e-05|0.264800|      0.017707|  1.67006|          0.43907|          0.34767|  3.06383|          0.80550|          0.63781|
|ACT-CL J2149.7-4808|21 49 47.59|-48 08 47.9| 4.32772|9.9334e-05|2.2953e-05|0.498588|      0.008094|  2.62179|          0.63726|          0.51265|  4.60585|          1.11951|          0.90061|
|ACT-CL J2250.6-4808|22 50 41.60|-48 08 40.7| 9.30473|2.5871e-04|2.7804e-05|0.980000|      0.089100|  2.79517|          0.47963|          0.40938|  4.77512|          0.81938|          0.69937|
|ACT-CL J0144.6-4807|01 44 39.41|-48 07 42.7| 4.34608|3.2651e-05|7.5128e-06|0.318016|      0.006835|  1.65861|          0.45198|          0.35519|  2.99546|          0.81629|          0.64148|
|ACT-CL J0452.0-4805|04 52 02.75|-48 05 59.9| 4.86717|4.6092e-05|9.4699e-06|0.412771|      0.011031|  2.22091|          0.56081|          0.44775|  3.94780|          0.99688|          0.79590|
|ACT-CL J0322.8-4805|03 22 49.46|-48 05 09.4| 7.11153|6.3964e-05|8.9945e-06|0.515872|      0.007405|  2.63083|          0.50927|          0.42668|  4.60996|          0.89239|          0.74766|
|ACT-CL J0406.8-4804|04 06 52.95|-48 04 57.7| 8.39120|1.0678e-04|1.2725e-05|0.736900|      0.000000|  3.85527|          0.68962|          0.58498|  6.66653|          1.19248|          1.01154|
|ACT-CL J2337.7-4803|23 37 46.99|-48 03 14.7| 4.41582|1.1193e-04|2.5348e-05|0.733832|      0.026249|  1.67352|          0.38965|          0.31606|  2.84304|          0.66196|          0.53694|
|ACT-CL J0204.4-4802|02 04 29.81|-48 02 37.7| 5.24351|5.8639e-05|1.1183e-05|0.265987|      0.006079|  1.97016|          0.47887|          0.38524|  3.62700|          0.88159|          0.70921|
|ACT-CL J0535.8-4801|05 35 48.03|-48 01 32.6| 7.08343|3.0269e-04|4.2732e-05|0.968600|      0.027560|  3.19023|          0.57843|          0.48965|  5.46523|          0.99092|          0.83883|
|ACT-CL J0339.1-4800|03 39 11.52|-48 00 32.4| 6.77154|5.0800e-05|7.5020e-06|0.480940|      0.007309|  2.52436|          0.51157|          0.42537|  4.44356|          0.90050|          0.74876|
|ACT-CL J0520.5-4758|05 20 33.01|-47 59 00.0| 4.16122|1.7701e-04|4.2539e-05|0.316542|      0.008469|  2.17102|          0.59352|          0.46610|  3.94674|          1.07898|          0.84733|
|ACT-CL J0022.4-4758|00 22 25.99|-47 58 30.0| 4.40316|1.0472e-04|2.3783e-05|0.924497|      0.019156|  1.48252|          0.34518|          0.27999|  2.49905|          0.58187|          0.47198|
|ACT-CL J0027.3-4757|00 27 19.02|-47 57 45.1| 4.46144|1.0751e-04|2.4098e-05|0.733019|      0.021076|  1.60137|          0.37966|          0.30690|  2.71816|          0.64444|          0.52093|
|ACT-CL J0127.0-4757|01 27 01.00|-47 57 39.6| 4.61192|1.4109e-04|3.0593e-05|0.679075|      0.016610|  1.96609|          0.44778|          0.36472|  3.36318|          0.76597|          0.62388|
|ACT-CL J0041.6-4755|00 41 37.96|-47 55 37.1| 4.63450|1.1941e-04|2.5766e-05|0.849579|      0.015999|  1.60911|          0.37602|          0.30480|  2.71943|          0.63549|          0.51512|
|ACT-CL J0407.0-4753|04 07 05.03|-47 53 45.3| 4.68659|1.9285e-04|4.1149e-05|0.912214|      0.018453|  2.15167|          0.48823|          0.39794|  3.65501|          0.82935|          0.67597|
|ACT-CL J0546.1-4752|05 46 11.21|-47 52 24.0| 4.21251|4.4838e-05|1.0644e-05|0.459002|      0.009095|  2.25636|          0.57951|          0.46109|  3.97686|          1.02139|          0.81267|
|ACT-CL J0354.4-4751|03 54 26.15|-47 51 20.4| 4.59599|5.2414e-05|1.1404e-05|0.290204|      0.006816|  1.83148|          0.46406|          0.37024|  3.34125|          0.84660|          0.67545|
|ACT-CL J0100.5-4749|01 00 30.64|-47 49 03.4| 5.27565|1.6198e-04|3.0702e-05|0.422756|      0.011531|  2.16654|          0.49160|          0.40069|  3.84123|          0.87160|          0.71041|
|ACT-CL J0417.3-4748|04 17 21.34|-47 48 46.4|12.25742|1.4393e-04|1.1742e-05|0.579400|      0.000000|  5.20513|          0.90998|          0.77457|  9.18676|          1.60607|          1.36707|
|ACT-CL J0306.9-4748|03 06 57.88|-47 48 37.5| 5.49536|7.9486e-05|1.4464e-05|0.470864|      0.008128|  2.24088|          0.48397|          0.39801|  3.94082|          0.85112|          0.69995|
|ACT-CL J0304.5-4748|03 04 34.73|-47 48 31.4| 6.18737|8.8760e-05|1.4345e-05|0.515770|      0.006621|  2.55408|          0.51759|          0.43037|  4.47260|          0.90638|          0.75365|
|ACT-CL J0339.4-4747|03 39 27.01|-47 48 00.0| 4.86325|5.5413e-05|1.1394e-05|0.443138|      0.009670|  2.03076|          0.46767|          0.38013|  3.58123|          0.82473|          0.67035|
|ACT-CL J2309.2-4744|23 09 12.47|-47 44 21.0| 5.20063|3.8623e-05|7.4266e-06|0.278245|      0.005890|  2.00989|          0.49715|          0.39856|  3.68785|          0.91219|          0.73130|
|ACT-CL J0440.9-4743|04 40 57.07|-47 43 56.3| 7.25677|9.7771e-05|1.3473e-05|0.310252|      0.006483|  3.50340|          0.74785|          0.61630|  6.45378|          1.37766|          1.13531|
|ACT-CL J0027.6-4742|00 27 39.54|-47 42 40.2|11.00883|2.1026e-04|1.9099e-05|0.774000|      0.000000|  3.23001|          0.54384|          0.46547|  5.55316|          0.93499|          0.80025|
|ACT-CL J0050.2-4741|00 50 12.98|-47 41 47.9| 6.12110|4.7870e-05|7.8205e-06|0.389943|      0.010466|  2.34668|          0.51469|          0.42211|  4.19696|          0.92051|          0.75493|
|ACT-CL J0349.1-4741|03 49 11.33|-47 41 39.5| 4.52244|1.3547e-04|2.9956e-05|0.403527|      0.012154|  1.84033|          0.45679|          0.36596|  3.26390|          0.81013|          0.64904|
|ACT-CL J0125.5-4740|01 25 30.41|-47 40 48.3| 4.59537|1.4072e-04|3.0623e-05|0.598212|      0.008596|  1.91136|          0.45316|          0.36631|  3.29166|          0.78041|          0.63085|
|ACT-CL J0441.9-4740|04 41 54.99|-47 40 30.0| 4.17723|8.1323e-05|1.9468e-05|0.566710|      0.009394|  2.28923|          0.55643|          0.44763|  3.97191|          0.96543|          0.77665|
|ACT-CL J0231.9-4738|02 31 56.47|-47 38 59.6| 5.72480|9.3668e-05|1.6362e-05|0.545453|      0.006762|  2.51915|          0.52725|          0.43599|  4.39182|          0.91919|          0.76010|
|ACT-CL J2353.4-4737|23 53 24.12|-47 37 12.7| 5.93424|7.0635e-05|1.1903e-05|0.819496|      0.012613|  2.04479|          0.39415|          0.33045|  3.47546|          0.66992|          0.56165|
|ACT-CL J0256.9-4736|02 56 57.82|-47 36 34.3| 4.99306|3.7492e-05|7.5088e-06|0.211653|      0.004110|  1.70257|          0.48044|          0.37470|  3.18165|          0.89781|          0.70022|
|ACT-CL J2306.9-4735|23 06 55.96|-47 35 44.6| 5.02338|1.5139e-04|3.0138e-05|0.609609|      0.009061|  2.11641|          0.46064|          0.37830|  3.64830|          0.79405|          0.65212|
|ACT-CL J0049.0-4729|00 49 00.65|-47 29 33.7| 4.96970|4.2906e-05|8.6335e-06|0.391449|      0.013489|  1.93254|          0.45489|          0.36822|  3.44004|          0.80973|          0.65545|
|ACT-CL J2120.6-4728|21 20 38.98|-47 28 30.0| 4.20933|2.1627e-04|5.1378e-05|0.999200|      0.027989|  2.37104|          0.54001|          0.43984|  4.03717|          0.91948|          0.74891|
|ACT-CL J2048.2-4727|20 48 17.00|-47 27 30.0| 4.34173|2.1734e-04|5.0059e-05|0.490971|      0.007124|  2.34668|          0.60881|          0.48340|  4.11737|          1.06818|          0.84814|
|ACT-CL J0119.2-4722|01 19 12.32|-47 22 31.1| 5.72631|5.1124e-05|8.9279e-06|0.889206|      0.015294|  2.20264|          0.43000|          0.35977|  3.74419|          0.73095|          0.61156|
|ACT-CL J0107.2-4722|01 07 16.26|-47 22 00.2| 5.46860|4.2380e-05|7.7497e-06|0.540293|      0.006888|  2.21023|          0.48106|          0.39507|  3.84492|          0.83685|          0.68726|
|ACT-CL J2356.2-4717|23 56 15.35|-47 17 09.9| 4.85551|1.2201e-04|2.5129e-05|0.304180|      0.006588|  1.68276|          0.42492|          0.33925|  3.05170|          0.77060|          0.61524|
|ACT-CL J2319.9-4716|23 19 54.32|-47 16 30.4| 6.48475|4.8970e-05|7.5516e-06|0.417029|      0.010939|  2.43222|          0.51716|          0.42648|  4.32852|          0.92037|          0.75899|
|ACT-CL J0525.8-4715|05 25 49.16|-47 15 14.6|10.27795|1.1892e-04|1.1571e-05|0.191300|      0.000000|  4.83876|          1.07755|          0.88129|  9.36027|          2.08445|          1.70480|
|ACT-CL J2342.9-4714|23 42 59.94|-47 14 41.5| 6.78844|8.4508e-05|1.2449e-05|0.391925|      0.010461|  2.44903|          0.50442|          0.41827|  4.38236|          0.90263|          0.74847|
|ACT-CL J0603.9-4714|06 03 57.76|-47 14 00.5| 7.71706|7.6430e-05|9.9040e-06|0.274400|      0.000000|  3.44124|          0.75476|          0.61900|  6.40485|          1.40476|          1.15208|
|ACT-CL J0338.0-4710|03 38 00.97|-47 10 00.6| 4.92824|6.9473e-05|1.4097e-05|1.152200|      0.030131|  1.87745|          0.37892|          0.31528|  3.19407|          0.64464|          0.53639|
|ACT-CL J0018.5-4708|00 18 35.98|-47 08 30.1| 4.48855|3.1330e-05|6.9801e-06|0.741183|      0.018654|  1.62358|          0.36566|          0.29845|  2.75540|          0.62057|          0.50650|
|ACT-CL J2355.6-4708|23 55 41.00|-47 08 30.0| 4.07596|4.8459e-05|1.1889e-05|0.413718|      0.011585|  1.53762|          0.39358|          0.31337|  2.71068|          0.69385|          0.55244|
|ACT-CL J2311.8-4707|23 11 52.98|-47 08 00.0| 4.20419|1.2626e-04|3.0032e-05|1.142000|      0.029988|  1.52918|          0.36385|          0.29392|  2.58955|          0.61615|          0.49773|
|ACT-CL J2332.3-4706|23 32 22.65|-47 06 51.4| 6.35334|4.9508e-05|7.7924e-06|0.610997|      0.009067|  2.32417|          0.45947|          0.38363|  4.01390|          0.79352|          0.66254|
|ACT-CL J0007.0-4706|00 07 00.61|-47 06 21.3| 7.18652|4.9167e-05|6.8415e-06|0.480376|      0.007170|  2.42721|          0.48185|          0.40203|  4.26921|          0.84752|          0.70714|
|ACT-CL J0217.8-4705|02 17 48.79|-47 05 26.5| 5.54032|1.6559e-04|2.9889e-05|0.666142|      0.013909|  2.25016|          0.46907|          0.38816|  3.86395|          0.80549|          0.66654|
|ACT-CL J2131.4-4704|21 31 29.01|-47 04 14.9| 4.10712|4.5219e-05|1.1010e-05|0.427407|      0.012524|  2.25326|          0.60614|          0.47765|  3.99481|          1.07464|          0.84683|
|ACT-CL J0336.4-4703|03 36 27.19|-47 03 39.7| 5.87371|1.0746e-04|1.8294e-05|0.857934|      0.013502|  2.32577|          0.45213|          0.37854|  3.95996|          0.76981|          0.64452|
|ACT-CL J0630.5-4702|06 30 32.66|-47 02 50.4| 4.54125|2.0613e-04|4.5391e-05|0.468800|      0.020563|  2.53830|          0.61046|          0.49211|  4.47785|          1.07692|          0.86813|
|ACT-CL J0110.0-4700|01 10 02.01|-47 01 00.0| 4.28641|6.8006e-05|1.5866e-05|0.960585|      0.024490|  1.85688|          0.41351|          0.33820|  3.14452|          0.70026|          0.57272|
|ACT-CL J0334.2-4659|03 34 12.84|-46 59 43.4| 9.10020|7.7139e-05|8.4767e-06|0.485300|      0.000000|  3.33855|          0.62165|          0.52407|  5.90988|          1.10044|          0.92770|
|ACT-CL J0108.5-4659|01 08 32.72|-46 59 42.1| 6.76812|8.1817e-05|1.2089e-05|1.325600|      0.032558|  2.25481|          0.39420|          0.33554|  3.88551|          0.67928|          0.57820|
|ACT-CL J2115.2-4658|21 15 17.27|-46 58 26.7| 5.06535|1.0191e-04|2.0118e-05|0.298800|      0.000000|  2.97386|          0.72793|          0.58479|  5.47435|          1.33999|          1.07649|
|ACT-CL J0353.8-4658|03 53 49.21|-46 58 23.0| 4.99751|3.8739e-05|7.7516e-06|0.390000|      0.020000|  1.90873|          0.46885|          0.37639|  3.39781|          0.83462|          0.67003|
|ACT-CL J0440.9-4658|04 40 54.06|-46 58 04.7| 7.04346|7.7411e-05|1.0991e-05|0.315875|      0.006893|  3.21669|          0.69203|          0.56951|  5.90386|          1.27014|          1.04527|
|ACT-CL J2352.2-4657|23 52 15.80|-46 57 21.9|12.13814|1.4350e-04|1.1822e-05|0.919266|      0.017576|  3.31336|          0.53131|          0.45789|  5.68051|          0.91089|          0.78501|
|ACT-CL J0212.4-4656|02 12 25.57|-46 56 56.0|12.52923|1.4333e-04|1.1440e-05|0.653500|      0.000000|  4.17295|          0.70260|          0.60135|  7.27171|          1.22434|          1.04791|
|ACT-CL J0255.9-4655|02 55 56.04|-46 55 45.1| 4.43671|3.8853e-05|8.7571e-06|0.393407|      0.011527|  1.88004|          0.46503|          0.37281|  3.34311|          0.82692|          0.66294|
|ACT-CL J2302.7-3432|23 02 44.00|-34 32 55.5| 5.20130|4.8384e-05|9.3023e-06|0.377000|      0.000000|  2.18301|          0.50458|          0.40985|  3.90920|          0.90357|          0.73393|
|ACT-CL J2342.5-4652|23 42 35.50|-46 52 28.6| 5.58891|3.8070e-05|6.8118e-06|0.279486|      0.005595|  1.85688|          0.45293|          0.36412|  3.39951|          0.82921|          0.66661|
|ACT-CL J2344.1-4651|23 44 10.93|-46 51 52.6| 5.01705|3.5313e-05|7.0387e-06|0.537114|      0.008325|  1.90217|          0.42841|          0.34966|  3.29977|          0.74317|          0.60656|
|ACT-CL J0027.4-4650|00 27 25.91|-46 50 03.0| 7.11397|5.0848e-05|7.1476e-06|0.342725|      0.007895|  2.34023|          0.49175|          0.40636|  4.23238|          0.88934|          0.73492|
|ACT-CL J2240.8-4648|22 40 52.20|-46 48 56.0| 4.94819|1.0833e-04|2.1892e-05|0.672800|      0.023419|  1.99335|          0.43218|          0.35518|  3.41243|          0.73986|          0.60803|
|ACT-CL J0405.1-4648|04 05 08.08|-46 48 39.6| 6.00595|7.1844e-05|1.1962e-05|0.378875|      0.009600|  2.91105|          0.63603|          0.52199|  5.24546|          1.14607|          0.94057|
|ACT-CL J0252.5-4648|02 52 35.00|-46 48 30.0| 4.04522|3.0996e-05|7.6623e-06|0.383335|      0.010074|  1.56432|          0.44280|          0.34511|  2.77662|          0.78596|          0.61257|
|ACT-CL J0310.5-4647|03 10 32.70|-46 47 02.2| 9.24144|1.3030e-04|1.4099e-05|0.706700|      0.000000|  3.33855|          0.58096|          0.49485|  5.76513|          1.00322|          0.85452|
|ACT-CL J2020.7-4646|20 20 47.01|-46 46 30.0| 4.15574|5.6220e-05|1.3528e-05|0.190000|      0.015470|  2.25947|          0.67371|          0.51897|  4.28661|          1.27815|          0.98458|
|ACT-CL J0110.4-4645|01 10 26.39|-46 45 59.5| 4.75938|4.1689e-05|8.7592e-06|0.617209|      0.010422|  2.10044|          0.47306|          0.38610|  3.61741|          0.81471|          0.66495|
|ACT-CL J0012.0-4644|00 12 04.99|-46 44 30.0| 4.59770|1.1248e-04|2.4464e-05|0.747968|      0.015612|  1.72262|          0.38361|          0.31374|  2.92598|          0.65159|          0.53291|
|ACT-CL J2214.8-4642|22 14 52.44|-46 42 10.7| 6.45635|6.6882e-05|1.0359e-05|1.160000|      0.097200|  2.86532|          0.53822|          0.45311|  4.92061|          0.92428|          0.77812|
|ACT-CL J0621.4-4640|06 21 29.01|-46 40 30.0| 4.36830|1.5111e-04|3.4592e-05|0.457091|      0.008842|  2.39236|          0.59175|          0.47441|  4.22350|          1.04469|          0.83752|
|ACT-CL J0214.8-4639|02 14 48.96|-46 39 26.9| 7.10632|5.4692e-05|7.6963e-06|0.312750|      0.006555|  2.46256|          0.54425|          0.44573|  4.49470|          0.99337|          0.81356|
|ACT-CL J0038.3-4637|00 38 24.00|-46 37 52.7| 4.65407|1.1562e-04|2.4843e-05|0.703450|      0.020093|  1.73333|          0.39184|          0.31959|  2.95222|          0.66739|          0.54433|
|ACT-CL J0122.2-4636|01 22 14.85|-46 36 40.4| 6.20116|7.3660e-05|1.1878e-05|0.999200|      0.027989|  2.33058|          0.43396|          0.36584|  3.96682|          0.73864|          0.62269|
|ACT-CL J0255.9-4635|02 55 57.33|-46 35 40.0| 4.09303|2.9045e-05|7.0963e-06|0.312533|      0.006815|  1.52707|          0.43091|          0.33608|  2.75690|          0.77795|          0.60674|
|ACT-CL J0326.9-4633|03 26 57.02|-46 33 30.0| 4.27944|1.2575e-04|2.9386e-05|0.800431|      0.019005|  1.60800|          0.40327|          0.32241|  2.72132|          0.68248|          0.54564|
|ACT-CL J2146.5-4633|21 46 32.10|-46 33 06.1| 9.55234|2.0872e-04|2.1851e-05|0.933000|      0.000000|  4.34596|          0.72824|          0.62372|  7.49581|          1.25605|          1.07578|
|ACT-CL J0022.4-4631|00 22 27.39|-46 31 59.1| 7.64442|8.7486e-05|1.1444e-05|0.872647|      0.013718|  2.43222|          0.43112|          0.36621|  4.14406|          0.73455|          0.62395|
|ACT-CL J2333.7-4631|23 33 43.52|-46 31 22.2| 5.12585|8.2197e-05|1.6036e-05|0.387916|      0.010297|  1.93920|          0.44494|          0.36190|  3.45485|          0.79270|          0.64476|
|ACT-CL J0020.5-4630|00 20 35.43|-46 30 46.9| 7.82803|9.0226e-05|1.1526e-05|0.836074|      0.013364|  2.51049|          0.44296|          0.37652|  4.28351|          0.75580|          0.64244|
|ACT-CL J0616.3-4630|06 16 23.76|-46 30 01.3| 5.02681|5.1435e-05|1.0232e-05|0.519765|      0.006562|  2.37268|          0.58281|          0.46788|  4.14576|          1.01834|          0.81753|
|ACT-CL J0216.4-4627|02 16 25.00|-46 27 15.2| 4.20776|3.1746e-05|7.5446e-06|0.663893|      0.013490|  1.68160|          0.42318|          0.33810|  2.87062|          0.72240|          0.57716|
|ACT-CL J2332.6-4625|23 32 36.99|-46 26 00.0| 4.08725|2.7606e-05|6.7542e-06|0.379245|      0.010480|  1.39152|          0.39635|          0.30849|  2.46591|          0.70237|          0.54667|
|ACT-CL J2312.2-4621|23 12 13.60|-46 21 11.8| 6.04225|5.3400e-05|8.8378e-06|0.615494|      0.009802|  2.44734|          0.49191|          0.40958|  4.22941|          0.85010|          0.70783|
|ACT-CL J2254.3-4620|22 54 20.99|-46 20 44.3|10.56535|8.4752e-05|8.0217e-06|0.270096|      0.005073|  3.48895|          0.69839|          0.58191|  6.50477|          1.30206|          1.08490|
|ACT-CL J0350.8-4620|03 50 51.44|-46 20 05.0| 8.46575|1.1891e-04|1.4046e-05|0.800874|      0.009599|  3.07802|          0.53562|          0.45623|  5.28065|          0.91892|          0.78271|
|ACT-CL J2340.2-4620|23 40 16.99|-46 20 04.6| 7.11076|1.0865e-04|1.5279e-05|0.738404|      0.015661|  2.44903|          0.45202|          0.38159|  4.19264|          0.77384|          0.65327|
|ACT-CL J0239.5-4618|02 39 34.36|-46 18 16.1| 4.87173|4.5063e-05|9.2499e-06|0.669159|      0.015719|  2.04902|          0.44769|          0.36741|  3.51075|          0.76706|          0.62952|
|ACT-CL J0342.7-4618|03 42 45.99|-46 18 14.9| 4.37293|8.1913e-05|1.8732e-05|0.985334|      0.026886|  1.79775|          0.39732|          0.32540|  3.04290|          0.67251|          0.55078|
|ACT-CL J0112.3-4617|01 12 23.67|-46 17 13.8| 5.50646|4.7972e-05|8.7119e-06|0.821488|      0.011505|  2.22857|          0.44609|          0.37169|  3.79444|          0.75953|          0.63285|
|ACT-CL J0011.9-4614|00 11 54.09|-46 14 28.3| 6.89245|5.4265e-05|7.8731e-06|0.559764|      0.007235|  2.29554|          0.44437|          0.37230|  3.98652|          0.77170|          0.64654|
|ACT-CL J2338.7-4612|23 38 46.43|-46 12 38.5| 5.60898|1.3796e-04|2.4596e-05|1.091000|      0.029274|  1.75736|          0.34887|          0.29108|  2.97939|          0.59147|          0.49350|
|ACT-CL J0414.2-4612|04 14 13.00|-46 12 00.1| 4.85326|6.4266e-05|1.3242e-05|0.189351|      0.004365|  2.34023|          0.64389|          0.50495|  4.44487|          1.22296|          0.95908|
|ACT-CL J0522.8-4611|05 22 52.99|-46 11 41.9| 5.01158|1.0922e-04|2.1794e-05|0.388498|      0.010245|  2.72861|          0.64459|          0.52142|  4.89857|          1.15722|          0.93608|
|ACT-CL J0402.2-4611|04 02 17.73|-46 11 17.3| 5.59668|5.8949e-05|1.0533e-05|0.360597|      0.009379|  2.67099|          0.61058|          0.49698|  4.82400|          1.10276|          0.89757|
|ACT-CL J2054.9-4609|20 54 55.00|-46 09 30.0| 4.06783|4.3616e-05|1.0722e-05|0.945952|      0.021958|  2.16952|          0.52919|          0.42542|  3.68570|          0.89902|          0.72273|
|ACT-CL J0422.9-4608|04 22 59.02|-46 08 39.1| 5.80022|9.0600e-05|1.5620e-05|0.636528|      0.011910|  2.93117|          0.59644|          0.49559|  5.07520|          1.03270|          0.85810|
|ACT-CL J2359.5-4608|23 59 33.54|-46 08 37.1| 4.62351|1.1267e-04|2.4369e-05|1.223600|      0.031130|  1.46124|          0.31804|          0.26119|  2.48093|          0.53997|          0.44346|
|ACT-CL J0322.6-4608|03 22 40.00|-46 08 14.9| 4.34594|4.9746e-05|1.1447e-05|0.701735|      0.021069|  1.88004|          0.43136|          0.35086|  3.20783|          0.73602|          0.59866|
|ACT-CL J0240.2-4607|02 40 12.01|-46 07 15.1| 4.32353|3.3043e-05|7.6427e-06|0.661641|      0.013185|  1.68624|          0.42289|          0.33810|  2.87922|          0.72208|          0.57730|
|ACT-CL J0446.8-4605|04 46 51.34|-46 05 50.2| 4.20061|8.3124e-05|1.9789e-05|1.520000|      0.130000|  1.79034|          0.39568|          0.32406|  3.11276|          0.68795|          0.56342|
|ACT-CL J0102.6-4603|01 02 40.93|-46 03 48.2| 6.96779|6.8230e-05|9.7922e-06|0.840500|      0.000000|  2.72673|          0.49883|          0.42169|  4.66019|          0.85254|          0.72070|
|ACT-CL J0439.2-4600|04 39 13.91|-46 00 59.4| 8.07970|9.3662e-05|1.1592e-05|0.320520|      0.007023|  3.76088|          0.77775|          0.64447|  6.92030|          1.43111|          1.18588|
|ACT-CL J2127.1-4558|21 27 11.97|-45 58 59.3| 4.86721|7.3361e-05|1.5072e-05|0.731817|      0.015003|  2.77026|          0.60063|          0.49361|  4.75691|          1.03136|          0.84759|
|ACT-CL J2241.7-4558|22 41 44.02|-45 58 06.6|10.20963|2.8958e-04|2.8363e-05|1.030000|      0.091350|  3.10784|          0.51827|          0.44420|  5.32532|          0.88807|          0.76114|
|ACT-CL J0259.6-4555|02 59 36.03|-45 55 45.9| 5.35561|3.9090e-05|7.2990e-06|0.434140|      0.010028|  2.04902|          0.46321|          0.37780|  3.62030|          0.81842|          0.66751|
|ACT-CL J2236.8-4555|22 36 52.82|-45 55 44.7| 9.57518|1.2491e-04|1.3045e-05|1.170000|      0.097650|  2.80288|          0.46292|          0.39730|  4.81308|          0.79492|          0.68224|
|ACT-CL J2241.2-4555|22 41 12.67|-45 55 22.1| 5.96366|1.6949e-04|2.8420e-05|0.397400|      0.019564|  2.15464|          0.47982|          0.39243|  3.83979|          0.85509|          0.69935|
|ACT-CL J0437.3-4554|04 37 19.99|-45 54 30.0| 4.34884|1.0936e-04|2.5146e-05|0.146015|      0.005563|  2.05467|          0.63848|          0.48711|  3.96021|          1.23062|          0.93887|
|ACT-CL J0418.7-4552|04 18 42.02|-45 52 30.3| 5.76529|1.8346e-04|3.1821e-05|0.684738|      0.016168|  2.90105|          0.59031|          0.49050|  5.00186|          1.01778|          0.84570|
|ACT-CL J2057.5-4552|20 57 33.01|-45 52 15.0| 4.22529|4.6973e-05|1.1117e-05|0.766385|      0.020168|  2.14133|          0.56297|          0.44577|  3.65035|          0.95970|          0.75991|
|ACT-CL J0052.7-4551|00 52 46.81|-45 51 38.7| 6.48922|1.1902e-04|1.8341e-05|0.358200|      0.024380|  2.52089|          0.53812|          0.44346|  4.54942|          0.97114|          0.80031|
|ACT-CL J0034.4-4551|00 34 29.31|-45 51 33.3| 5.25741|5.0667e-05|9.6372e-06|0.519800|      0.021277|  1.93254|          0.42062|          0.34543|  3.36169|          0.73167|          0.60089|
|ACT-CL J1920.9-4550|19 20 59.11|-45 50 52.2| 9.04619|1.5606e-04|1.7252e-05|0.798000|      0.000000|  4.82546|          0.83581|          0.71241|  8.36311|          1.44856|          1.23470|
|ACT-CL J0500.8-4549|05 00 51.16|-45 49 55.6| 4.65950|7.1396e-05|1.5323e-05|0.242428|      0.005340|  2.26415|          0.59920|          0.47381|  4.21446|          1.11534|          0.88194|
|ACT-CL J2100.4-4548|21 00 25.42|-45 48 42.0| 5.99841|1.8093e-04|3.0163e-05|0.712100|      0.000000|  3.40588|          0.67613|          0.56414|  5.88193|          1.16767|          0.97426|
|ACT-CL J0048.9-4547|00 48 59.62|-45 47 59.9| 9.24854|1.5782e-04|1.7064e-05|0.481983|      0.007337|  3.29062|          0.61542|          0.51845|  5.82631|          1.08964|          0.91796|
|ACT-CL J0339.4-4545|03 39 27.37|-45 45 09.5| 5.28811|1.6531e-04|3.1260e-05|0.902072|      0.016435|  2.07171|          0.43360|          0.35856|  3.51667|          0.73602|          0.60864|
|ACT-CL J0246.5-4544|02 46 32.00|-45 44 52.6| 4.24916|3.0674e-05|7.2188e-06|0.611477|      0.009647|  1.69789|          0.42435|          0.33950|  2.91278|          0.72799|          0.58243|
|ACT-CL J2335.1-4544|23 35 07.79|-45 44 18.3|15.24164|1.0129e-04|6.6454e-06|0.547300|      0.000000|  4.26004|          0.72756|          0.62143|  7.51392|          1.28328|          1.09608|
|ACT-CL J2105.3-4543|21 05 22.68|-45 43 39.6| 4.46630|1.7622e-04|3.9455e-05|0.599639|      0.009255|  2.67835|          0.64185|          0.51777|  4.64539|          1.11325|          0.89804|
|ACT-CL J2110.1-4541|21 10 11.14|-45 41 19.7| 4.72210|9.3206e-05|1.9738e-05|0.956663|      0.028055|  2.70616|          0.57315|          0.47298|  4.61913|          0.97831|          0.80732|
|ACT-CL J0144.8-4536|01 44 52.85|-45 36 04.2| 4.36834|3.3994e-05|7.7820e-06|0.485155|      0.009236|  1.86842|          0.45415|          0.36534|  3.26504|          0.79361|          0.63843|
|ACT-CL J2220.3-4534|22 20 20.72|-45 34 26.8| 5.04157|5.6252e-05|1.1158e-05|0.623922|      0.010052|  2.53307|          0.60056|          0.48546|  4.37717|          1.03777|          0.83888|
|ACT-CL J0304.8-4533|03 04 49.04|-45 33 06.4| 4.50237|3.2521e-05|7.2230e-06|0.730571|      0.016467|  1.71434|          0.41523|          0.33427|  2.91436|          0.70588|          0.56825|
|ACT-CL J0213.9-4531|02 13 54.47|-45 31 25.3| 5.49686|1.0431e-04|1.8977e-05|0.437872|      0.009646|  2.30029|          0.50452|          0.41377|  4.07182|          0.89307|          0.73242|
|ACT-CL J0159.3-4530|01 59 22.59|-45 30 17.2| 4.60938|5.3100e-05|1.1520e-05|0.608309|      0.010678|  1.98650|          0.44907|          0.36627|  3.42022|          0.77319|          0.63062|
|ACT-CL J0617.6-4529|06 17 39.63|-45 29 48.5| 4.55023|2.0286e-04|4.4583e-05|0.384080|      0.011133|  2.47786|          0.61716|          0.49410|  4.44292|          1.10660|          0.88594|
|ACT-CL J0046.2-4527|00 46 17.00|-45 27 30.0| 4.08913|6.7632e-05|1.6539e-05|1.131800|      0.029845|  1.50619|          0.34177|          0.27856|  2.54888|          0.57836|          0.47140|
|ACT-CL J0314.4-4524|03 14 24.69|-45 24 59.8| 5.19901|3.7747e-05|7.2605e-06|0.072200|      0.000000|  1.97287|          0.69628|          0.51465|  3.93683|          1.38941|          1.02697|
|ACT-CL J2034.3-4523|20 34 21.75|-45 23 50.3| 4.94884|5.8184e-05|1.1757e-05|0.900291|      0.016262|  2.62902|          0.56780|          0.46695|  4.48526|          0.96870|          0.79665|
|ACT-CL J0224.3-4522|02 24 23.70|-45 22 25.5| 5.13494|1.5404e-04|2.9998e-05|0.430270|      0.010625|  2.08890|          0.47929|          0.38984|  3.69511|          0.84782|          0.68960|
|ACT-CL J0357.4-4521|03 57 27.79|-45 21 07.5| 5.35853|7.6914e-05|1.4353e-05|0.897398|      0.018532|  2.11059|          0.42073|          0.35080|  3.58420|          0.71449|          0.59573|
|ACT-CL J0303.6-4519|03 03 38.43|-45 19 41.8| 4.92953|1.4477e-04|2.9367e-05|0.517028|      0.007953|  1.84922|          0.44158|          0.35646|  3.21502|          0.76772|          0.61973|
|ACT-CL J0510.3-4519|05 10 18.40|-45 19 25.4| 9.05684|9.4326e-05|1.0415e-05|0.200000|      0.000000|  3.96839|          0.90046|          0.73392|  7.60937|          1.72662|          1.40730|
|ACT-CL J2218.9-4519|22 18 58.37|-45 19 02.4| 8.02005|1.1435e-04|1.4257e-05|0.636500|      0.000000|  4.13292|          0.76619|          0.64636|  7.21140|          1.33691|          1.12782|
|ACT-CL J0148.3-4518|01 48 18.02|-45 19 00.0| 4.42612|1.3594e-04|3.0713e-05|0.612678|      0.009329|  1.82268|          0.44928|          0.36043|  3.13110|          0.77179|          0.61917|
|ACT-CL J0018.4-4518|00 18 27.01|-45 18 30.0| 4.19546|3.5451e-05|8.4498e-06|0.554698|      0.009584|  1.64043|          0.39733|          0.31985|  2.83035|          0.68553|          0.55187|
|ACT-CL J0126.6-4517|01 26 42.00|-45 17 45.0| 4.04177|2.9767e-05|7.3648e-06|0.664094|      0.017221|  1.34907|          0.40225|          0.30986|  2.29265|          0.68361|          0.52659|
|ACT-CL J0236.6-4516|02 36 36.68|-45 16 58.6| 5.50102|8.0705e-05|1.4671e-05|0.724723|      0.016211|  2.28765|          0.46549|          0.38679|  3.91375|          0.79637|          0.66172|
|ACT-CL J2300.2-4515|23 00 16.41|-45 15 12.4| 4.79974|1.3945e-04|2.9053e-05|0.773848|      0.014190|  1.84414|          0.41689|          0.34002|  3.13294|          0.70824|          0.57766|
|ACT-CL J0348.2-4514|03 48 17.04|-45 14 49.5| 9.77696|9.5637e-05|9.7818e-06|0.359200|      0.000000|  3.51306|          0.67428|          0.56570|  6.38856|          1.22619|          1.02874|
|ACT-CL J0051.5-4514|00 51 32.00|-45 14 44.7| 4.32625|1.2227e-04|2.8263e-05|0.595898|      0.011077|  1.77072|          0.43192|          0.34722|  3.04533|          0.74282|          0.59716|
|ACT-CL J0153.5-4512|01 53 36.00|-45 12 15.0| 4.06948|3.2016e-05|7.8675e-06|0.651812|      0.012840|  1.59697|          0.43099|          0.33940|  2.72597|          0.73569|          0.57934|
|ACT-CL J0150.6-4511|01 50 36.25|-45 11 12.7| 8.11144|6.3493e-05|7.8276e-06|0.289124|      0.005740|  2.62721|          0.57843|          0.47406|  4.83551|          1.06462|          0.87252|
|ACT-CL J0047.2-4507|00 47 16.87|-45 07 00.2| 7.83516|6.1616e-05|7.8640e-06|0.450822|      0.008653|  2.84174|          0.55945|          0.46743|  5.04213|          0.99264|          0.82937|
|ACT-CL J2111.8-4505|21 11 53.97|-45 05 45.5| 5.07994|2.6629e-04|5.2420e-05|0.580368|      0.007460|  3.01717|          0.67190|          0.54952|  5.25820|          1.17095|          0.95769|
|ACT-CL J0247.4-4503|02 47 28.67|-45 03 33.4| 5.15674|7.6078e-05|1.4753e-05|0.516301|      0.007452|  2.16356|          0.47453|          0.38917|  3.77465|          0.82789|          0.67897|
|ACT-CL J2330.2-4502|23 30 16.24|-45 02 12.3| 8.21694|6.0500e-05|7.3629e-06|0.314789|      0.006690|  2.76454|          0.57171|          0.47374|  5.05696|          1.04578|          0.86657|
|ACT-CL J0508.9-4500|05 08 59.50|-45 00 52.7| 4.23828|4.4251e-05|1.0441e-05|0.536658|      0.007045|  2.31459|          0.56854|          0.45643|  4.03248|          0.99051|          0.79519|
|ACT-CL J2300.4-4500|23 00 24.00|-45 00 45.2| 4.26565|1.3238e-04|3.1034e-05|0.599322|      0.008756|  1.91532|          0.45736|          0.36920|  3.29822|          0.78759|          0.63577|
|ACT-CL J0417.9-4500|04 17 59.01|-45 00 15.8| 5.47598|1.3433e-04|2.4531e-05|0.625934|      0.009865|  2.76645|          0.58131|          0.48037|  4.78871|          1.00624|          0.83152|
|ACT-CL J2316.7-4500|23 16 45.96|-45 00 10.5| 5.88982|5.4724e-05|9.2913e-06|0.704813|      0.015893|  2.36289|          0.47103|          0.39274|  4.05031|          0.80741|          0.67321|
|ACT-CL J2124.1-4500|21 24 11.69|-45 00 04.8| 4.61298|1.1305e-04|2.4506e-05|0.271761|      0.007320|  2.63990|          0.68717|          0.54524|  4.88535|          1.27166|          1.00901|
|ACT-CL J2217.4-4456|22 17 28.53|-44 56 52.6| 4.40262|1.2587e-04|2.8590e-05|0.560110|      0.007867|  2.62360|          0.62202|          0.50281|  4.56935|          1.08333|          0.87571|
|ACT-CL J0408.3-4456|04 08 23.84|-44 56 21.5| 5.74917|1.8770e-04|3.2648e-05|0.746325|      0.021881|  2.86335|          0.58501|          0.48576|  4.91637|          1.00446|          0.83405|
|ACT-CL J2237.9-4453|22 37 54.66|-44 53 39.9| 4.39468|7.4619e-05|1.6979e-05|0.429470|      0.010712|  1.77805|          0.43218|          0.34767|  3.13461|          0.76191|          0.61293|
|ACT-CL J2040.9-4452|20 40 59.60|-44 52 18.0| 4.29580|1.0760e-04|2.5048e-05|1.478000|      0.000000|  2.11059|          0.44525|          0.36769|  3.67069|          0.77437|          0.63947|
|ACT-CL J0611.9-4451|06 11 59.00|-44 52 00.0| 4.13643|1.4493e-04|3.5038e-05|0.103393|      0.006228|  2.10478|          0.75069|          0.55334|  4.14059|          1.47677|          1.08854|
|ACT-CL J0143.5-4451|01 43 30.03|-44 51 20.1| 5.43082|4.7482e-05|8.7430e-06|0.496888|      0.006651|  2.28136|          0.49845|          0.40907|  3.99652|          0.87320|          0.71662|
|ACT-CL J0236.6-4450|02 36 37.00|-44 51 00.0| 4.29002|3.6530e-05|8.5151e-06|0.209667|      0.004468|  1.62470|          0.46997|          0.36452|  3.03493|          0.87790|          0.68093|
|ACT-CL J0048.7-4450|00 48 43.38|-44 50 40.6| 6.78866|1.8551e-04|2.7327e-05|0.595467|      0.008600|  2.49842|          0.49392|          0.41239|  4.32870|          0.85576|          0.71450|
|ACT-CL J0028.9-4449|00 28 57.01|-44 50 00.0| 4.11097|4.0094e-05|9.7528e-06|0.938000|      0.027132|  1.51242|          0.34574|          0.28141|  2.55041|          0.58302|          0.47454|
|ACT-CL J0521.3-4449|05 21 22.99|-44 49 52.2| 5.81833|1.1618e-04|1.9968e-05|1.101200|      0.029417|  2.61278|          0.49506|          0.41620|  4.46830|          0.84663|          0.71177|
|ACT-CL J0514.5-4448|05 14 35.04|-44 48 45.0| 5.20747|2.1649e-04|4.1572e-05|0.127545|      0.005705|  2.48470|          0.74531|          0.57333|  4.85310|          1.45574|          1.11983|
|ACT-CL J0100.9-4448|01 00 57.66|-44 48 31.0| 5.70412|1.7227e-04|3.0201e-05|0.377724|      0.010734|  2.27665|          0.50699|          0.41465|  4.08011|          0.90860|          0.74312|
|ACT-CL J0607.6-4448|06 07 37.05|-44 48 23.4| 5.80602|2.5454e-04|4.3841e-05|1.401000|      0.000000|  2.40558|          0.44793|          0.37761|  4.17206|          0.77685|          0.65491|
|ACT-CL J0221.6-4446|02 21 40.03|-44 46 45.4| 4.89398|1.4695e-04|3.0027e-05|0.506434|      0.007171|  2.04479|          0.47090|          0.38275|  3.56830|          0.82175|          0.66793|
|ACT-CL J0626.8-4445|06 26 51.29|-44 45 59.1| 5.76913|6.3767e-05|1.1053e-05|0.419287|      0.010647|  3.11212|          0.69566|          0.56857|  5.56743|          1.24451|          1.01714|
|ACT-CL J2108.7-4445|21 08 46.01|-44 45 52.8| 4.49381|1.8427e-04|4.1005e-05|0.802600|      0.031550|  2.67835|          0.60322|          0.49233|  4.58088|          1.03170|          0.84205|
|ACT-CL J0110.3-4445|01 10 18.89|-44 45 33.5| 8.50082|7.6661e-05|9.0181e-06|0.377621|      0.009559|  3.20343|          0.63066|          0.52692|  5.78705|          1.13929|          0.95189|
|ACT-CL J2249.6-4443|22 49 36.95|-44 43 15.0| 5.43006|1.5472e-04|2.8493e-05|0.629023|      0.013953|  1.98377|          0.44177|          0.36131|  3.40844|          0.75903|          0.62079|
|ACT-CL J0204.5-4440|02 04 32.96|-44 40 53.5| 4.83143|4.7695e-05|9.8719e-06|0.415293|      0.010774|  2.01682|          0.47301|          0.38315|  3.57545|          0.83857|          0.67926|
|ACT-CL J0449.9-4440|04 49 57.12|-44 40 27.3| 6.26533|8.3428e-05|1.3316e-05|0.155171|      0.004217|  3.02966|          0.79125|          0.62740|  5.87530|          1.53444|          1.21668|
|ACT-CL J0003.0-4439|00 03 04.25|-44 39 56.2| 6.27445|4.9851e-05|7.9450e-06|0.719832|      0.014234|  2.20264|          0.42638|          0.35723|  3.76640|          0.72909|          0.61084|
|ACT-CL J0214.1-4437|02 14 07.60|-44 37 48.2| 4.27805|3.4180e-05|7.9897e-06|0.298530|      0.007129|  1.69439|          0.45137|          0.35642|  3.07819|          0.82000|          0.64751|
|ACT-CL J0313.5-4436|03 13 34.40|-44 36 18.3| 4.56800|8.0571e-05|1.7638e-05|0.422967|      0.012428|  1.86457|          0.44843|          0.36149|  3.29474|          0.79238|          0.63876|
|ACT-CL J2302.3-4435|23 02 22.38|-44 35 28.2| 8.67467|8.1776e-05|9.4270e-06|0.479078|      0.007424|  3.25905|          0.61484|          0.51726|  5.77195|          1.08892|          0.91609|
|ACT-CL J0346.8-4435|03 46 49.45|-44 35 24.2| 5.20976|9.4324e-05|1.8105e-05|0.829452|      0.011031|  2.11933|          0.43476|          0.36075|  3.60382|          0.73928|          0.61344|
|ACT-CL J2242.0-4435|22 42 03.22|-44 35 13.4| 6.41713|8.3483e-05|1.3009e-05|0.708314|      0.014493|  2.44229|          0.46676|          0.39187|  4.18840|          0.80046|          0.67203|
|ACT-CL J0113.4-4434|01 13 25.45|-44 34 59.6| 5.09231|1.5337e-04|3.0119e-05|0.756901|      0.019778|  1.94723|          0.43363|          0.35465|  3.31437|          0.73808|          0.60365|
|ACT-CL J2112.8-4434|21 12 51.57|-44 34 55.8| 8.10940|1.9710e-04|2.4306e-05|0.518967|      0.006297|  4.51059|          0.85465|          0.71851|  7.99850|          1.51552|          1.27411|
|ACT-CL J0619.8-4433|06 19 49.98|-44 33 44.7| 4.53720|1.5680e-04|3.4558e-05|0.813480|      0.011764|  2.38907|          0.54008|          0.44050|  4.07468|          0.92113|          0.75129|
|ACT-CL J2357.9-4432|23 57 54.68|-44 32 20.0| 5.63243|6.4499e-05|1.1451e-05|0.964934|      0.023645|  1.90086|          0.36953|          0.30938|  3.22063|          0.62609|          0.52419|
|ACT-CL J2323.4-4431|23 23 26.94|-44 31 53.5| 5.24920|3.9352e-05|7.4968e-06|0.433708|      0.009960|  2.02238|          0.46917|          0.38082|  3.57251|          0.82877|          0.67271|
|ACT-CL J2248.8-4431|22 48 49.25|-44 31 40.7|53.68491|9.4432e-04|1.7590e-05|0.351000|      0.000000| 13.47076|          2.55238|          2.14580| 25.42394|          4.81722|          4.04987|
|ACT-CL J0543.4-4430|05 43 27.34|-44 30 33.5| 4.43966|4.4259e-05|9.9690e-06|0.166273|      0.004226|  2.08029|          0.62773|          0.48222|  3.97632|          1.19987|          0.92173|
|ACT-CL J0040.9-4428|00 40 59.25|-44 28 49.1|13.96707|1.4670e-04|1.0503e-05|0.348558|      0.000000|  4.41837|          0.83356|          0.70126|  8.10192|          1.52848|          1.28589|
|ACT-CL J2234.4-4428|22 34 28.97|-44 28 44.5| 6.11873|6.3111e-05|1.0314e-05|0.443198|      0.009391|  2.54706|          0.53097|          0.43937|  4.51444|          0.94109|          0.77875|
|ACT-CL J0230.9-4427|02 30 58.00|-44 27 45.0| 4.83996|3.7678e-05|7.7847e-06|0.603002|      0.010785|  1.95260|          0.44801|          0.36440|  3.36248|          0.77150|          0.62752|
|ACT-CL J0417.6-4427|04 17 39.51|-44 27 30.4| 9.01970|1.1333e-04|1.2565e-05|0.575242|      0.006763|  4.17008|          0.75948|          0.64247|  7.32551|          1.33418|          1.12862|
|ACT-CL J2326.1-4426|23 26 10.99|-44 27 00.0| 4.17223|3.7824e-05|9.0657e-06|0.688881|      0.015507|  1.78788|          0.42236|          0.34165|  3.05011|          0.72054|          0.58285|
|ACT-CL J0145.0-4426|01 45 03.91|-44 26 05.4| 6.83485|1.0361e-04|1.5159e-05|0.571325|      0.007162|  2.75314|          0.53521|          0.44810|  4.79346|          0.93185|          0.78018|
|ACT-CL J2259.9-4423|22 59 55.01|-44 24 00.0| 4.30746|7.7189e-05|1.7920e-05|0.588327|      0.007666|  1.89042|          0.44337|          0.35914|  3.25836|          0.76420|          0.61902|
|ACT-CL J2351.7-4422|23 51 42.68|-44 22 39.6| 4.38675|6.4761e-05|1.4763e-05|0.916782|      0.019327|  1.61466|          0.35550|          0.29135|  2.72657|          0.60030|          0.49198|
|ACT-CL J0232.2-4421|02 32 16.73|-44 21 04.6|29.81890|2.4803e-04|8.3179e-06|0.283600|      0.000000|  8.72978|          1.71144|          1.43091| 16.60307|          3.25496|          2.72143|
|ACT-CL J0317.9-4420|03 17 56.23|-44 20 25.7| 5.28869|1.4902e-04|2.8176e-05|0.110795|      0.004995|  1.92722|          0.57809|          0.44470|  3.76893|          1.13053|          0.86967|
|ACT-CL J0404.7-4417|04 04 47.77|-44 17 56.5| 5.21261|2.1902e-04|4.2018e-05|0.897501|      0.015562|  2.56113|          0.52964|          0.43888|  4.36710|          0.90311|          0.74836|
|ACT-CL J0528.2-4416|05 28 13.02|-44 16 59.8| 4.85634|6.1523e-05|1.2669e-05|0.648390|      0.013036|  2.58415|          0.56895|          0.46629|  4.45731|          0.98136|          0.80428|
|ACT-CL J2235.4-4416|22 35 25.17|-44 16 11.9| 5.35843|4.1812e-05|7.8031e-06|0.453228|      0.009562|  2.11641|          0.47309|          0.38666|  3.72877|          0.83350|          0.68123|
|ACT-CL J0527.4-4415|05 27 29.78|-44 15 04.6| 4.96119|2.1245e-04|4.2823e-05|0.761423|      0.015591|  2.55232|          0.55551|          0.45622|  4.36820|          0.95074|          0.78080|
|ACT-CL J0148.1-4414|01 48 10.68|-44 14 20.2| 4.25331|1.0004e-04|2.3521e-05|0.800542|      0.012460|  1.78541|          0.41722|          0.33819|  3.02800|          0.70760|          0.57356|
|ACT-CL J0529.5-4412|05 29 33.99|-44 12 21.3| 4.82468|4.7734e-05|9.8938e-06|0.657362|      0.014329|  2.39072|          0.55056|          0.44750|  4.11359|          0.94732|          0.77000|
|ACT-CL J0036.7-4410|00 36 42.04|-44 10 49.5| 6.67704|5.5548e-05|8.3193e-06|0.869000|      0.000000|  2.30822|          0.42603|          0.35965|  3.92866|          0.72512|          0.61214|
|ACT-CL J2335.9-4410|23 35 54.38|-44 10 06.3| 6.29761|8.0562e-05|1.2792e-05|0.655958|      0.013734|  2.38086|          0.46480|          0.38888|  4.09675|          0.79978|          0.66914|
|ACT-CL J0040.8-4407|00 40 49.65|-44 07 56.8|26.09856|2.2271e-04|8.5336e-06|0.350000|      0.000000|  7.30892|          1.37290|          1.15580| 13.57108|          2.54917|          2.14606|
|ACT-CL J0616.2-4407|06 16 16.57|-44 07 44.1| 5.51832|1.9430e-04|3.5210e-05|0.716161|      0.015955|  2.87520|          0.60416|          0.49925|  4.94572|          1.03923|          0.85878|
|ACT-CL J0424.0-4406|04 24 00.95|-44 06 37.8| 6.94508|7.0340e-05|1.0128e-05|0.380930|      0.010046|  3.28836|          0.69372|          0.57286|  5.93961|          1.25303|          1.03474|
|ACT-CL J2056.7-4405|20 56 46.67|-44 05 33.7| 5.02649|2.5346e-04|5.0425e-05|0.660738|      0.014608|  2.84370|          0.63087|          0.51633|  4.91005|          1.08929|          0.89151|
|ACT-CL J2205.2-4405|22 05 13.00|-44 05 30.0| 4.22048|1.6660e-04|3.9475e-05|0.422272|      0.013796|  2.51222|          0.65393|          0.51887|  4.46943|          1.16340|          0.92311|
|ACT-CL J0107.5-4403|01 07 34.99|-44 03 50.1| 4.66613|3.8024e-05|8.1489e-06|0.382140|      0.010504|  1.95933|          0.48464|          0.38854|  3.49602|          0.86474|          0.69326|
|ACT-CL J2029.2-4403|20 29 16.00|-44 03 30.0| 4.50703|2.4678e-04|5.4755e-05|0.694809|      0.015757|  2.77981|          0.64724|          0.52500|  4.78490|          1.11410|          0.90369|
|ACT-CL J0304.2-4401|03 04 16.15|-44 01 41.6|20.81263|1.5692e-04|7.5398e-06|0.458400|      0.000000|  6.20418|          1.08966|          0.92687| 11.19940|          1.96699|          1.67313|
|ACT-CL J0000.2-4357|00 00 14.54|-43 57 19.8| 7.67875|6.0047e-05|7.8199e-06|0.878131|      0.013949|  2.45747|          0.43361|          0.36857|  4.18765|          0.73888|          0.62807|
|ACT-CL J0429.1-4355|04 29 11.17|-43 55 37.5| 4.58375|4.5895e-05|1.0013e-05|0.389280|      0.010611|  2.25016|          0.58181|          0.46228|  4.02108|          1.03971|          0.82611|
|ACT-CL J0052.7-4355|00 52 45.99|-43 55 00.0| 4.41123|3.1501e-05|7.1412e-06|0.468779|      0.010780|  1.64043|          0.42701|          0.33881|  2.86643|          0.74613|          0.59203|
|ACT-CL J2358.9-4354|23 58 54.61|-43 54 18.6| 8.75044|5.5265e-05|6.3157e-06|0.734463|      0.013076|  2.63990|          0.47007|          0.39902|  4.52768|          0.80622|          0.68436|
|ACT-CL J0600.2-4352|06 00 13.31|-43 52 53.5| 6.18292|6.4331e-05|1.0405e-05|0.326684|      0.006956|  3.06533|          0.68004|          0.55657|  5.60284|          1.24299|          1.01730|
|ACT-CL J0444.6-4352|04 44 40.69|-43 52 00.1| 5.25651|5.5286e-05|1.0518e-05|0.565802|      0.006860|  2.68389|          0.60220|          0.49184|  4.67340|          1.04860|          0.85644|
|ACT-CL J0104.5-4351|01 04 31.42|-43 51 55.1| 9.00142|9.5372e-05|1.0595e-05|1.009400|      0.028132|  3.16615|          0.53054|          0.45440|  5.42553|          0.90914|          0.77866|
|ACT-CL J2132.7-4349|21 32 42.32|-43 49 32.5| 5.07719|7.6584e-05|1.5084e-05|0.517540|      0.006666|  3.04430|          0.67794|          0.55446|  5.35065|          1.19154|          0.97452|
|ACT-CL J0323.3-4349|03 23 21.01|-43 49 30.0| 4.15502|5.7129e-05|1.3749e-05|0.677235|      0.016327|  1.80644|          0.42521|          0.34419|  3.08507|          0.72618|          0.58781|
|ACT-CL J2034.8-4349|20 34 52.32|-43 49 24.8| 4.40420|8.6389e-05|1.9615e-05|0.422979|      0.012353|  2.73237|          0.67116|          0.53881|  4.86974|          1.19618|          0.96029|
|ACT-CL J0439.4-4349|04 39 27.58|-43 49 18.2| 4.43690|1.4977e-04|3.3755e-05|0.728430|      0.016039|  2.40889|          0.55271|          0.44956|  4.12480|          0.94641|          0.76979|
|ACT-CL J0007.2-4341|00 07 15.03|-43 41 50.3| 4.32628|2.8444e-05|6.5748e-06|0.244845|      0.005756|  1.37628|          0.39811|          0.30879|  2.52985|          0.73179|          0.56761|
|ACT-CL J0108.4-4341|01 08 28.43|-43 41 11.9| 4.45027|3.9326e-05|8.8367e-06|0.237149|      0.004549|  1.83148|          0.50231|          0.39419|  3.39785|          0.93190|          0.73133|
|ACT-CL J0551.5-4339|05 51 32.47|-43 39 34.5| 5.90042|7.1232e-05|1.2072e-05|0.346423|      0.008377|  3.03593|          0.69144|          0.56318|  5.51917|          1.25701|          1.02383|
|ACT-CL J0210.6-4337|02 10 41.73|-43 37 32.1| 4.98095|3.7492e-05|7.5271e-06|0.868534|      0.014188|  1.96880|          0.42521|          0.34969|  3.33986|          0.72132|          0.59321|
|ACT-CL J0227.2-4330|02 27 15.03|-43 31 00.0| 4.18257|7.6505e-05|1.8291e-05|0.618946|      0.010138|  1.82393|          0.43865|          0.35361|  3.13134|          0.75308|          0.60708|
|ACT-CL J0625.8-4329|06 25 48.01|-43 29 45.3| 6.70950|7.9930e-05|1.1913e-05|0.663721|      0.018013|  3.40822|          0.66256|          0.55472|  5.90693|          1.14831|          0.96141|
|ACT-CL J0225.1-4326|02 25 09.02|-43 26 14.7| 5.26666|3.7617e-05|7.1426e-06|0.868772|      0.013657|  2.02099|          0.42298|          0.34978|  3.43025|          0.71793|          0.59368|
|ACT-CL J0454.9-4325|04 54 59.00|-43 25 30.0| 4.13775|1.7426e-04|4.2114e-05|0.842222|      0.013996|  2.11787|          0.50573|          0.40824|  3.60011|          0.85968|          0.69396|
|ACT-CL J2334.2-4324|23 34 13.05|-43 24 46.0| 6.09648|5.2844e-05|8.6680e-06|0.574072|      0.007627|  2.33540|          0.47327|          0.39352|  4.05018|          0.82078|          0.68247|
|ACT-CL J0400.5-4324|04 00 30.98|-43 24 14.8| 4.86617|1.7588e-04|3.6142e-05|0.402840|      0.011575|  1.93387|          0.51179|          0.40469|  3.43405|          0.90881|          0.71863|
|ACT-CL J0119.7-4322|01 19 45.60|-43 22 30.5| 5.55513|1.3186e-04|2.3737e-05|0.512349|      0.007259|  2.29238|          0.49510|          0.40716|  4.00679|          0.86537|          0.71166|
|ACT-CL J2103.4-4321|21 03 24.85|-43 21 55.6| 4.37253|5.0242e-05|1.1490e-05|0.140363|      0.004574|  2.21176|          0.72547|          0.54629|  4.28178|          1.40445|          1.05756|
|ACT-CL J2229.5-4320|22 29 33.03|-43 20 30.5| 6.13546|1.4859e-04|2.4219e-05|0.575900|      0.040650|  2.96772|          0.60142|          0.50007|  5.17284|          1.04829|          0.87165|
|ACT-CL J0034.5-4318|00 34 31.39|-43 18 57.8| 5.59734|3.6956e-05|6.6024e-06|0.396296|      0.000000|  1.92457|          0.43833|          0.35701|  3.42194|          0.77936|          0.63478|
|ACT-CL J0612.0-4318|06 12 02.64|-43 18 21.0| 5.99066|6.0214e-05|1.0051e-05|0.640600|      0.042290|  2.75314|          0.59230|          0.48744|  4.75864|          1.02376|          0.84251|
|ACT-CL J0226.0-4317|02 26 02.97|-43 17 28.9| 5.96263|1.3906e-04|2.3321e-05|0.687530|      0.014847|  2.42053|          0.48252|          0.40232|  4.15621|          0.82852|          0.69081|
|ACT-CL J0218.3-4315|02 18 19.44|-43 15 34.0|13.83534|1.1169e-04|8.0731e-06|0.615750|      0.008882|  4.60473|          0.78272|          0.66900|  8.07112|          1.37194|          1.17262|
|ACT-CL J0116.9-4315|01 16 57.63|-43 15 33.2| 5.26326|4.1496e-05|7.8840e-06|0.408114|      0.011462|  2.17851|          0.49985|          0.40656|  3.87447|          0.88898|          0.72307|
|ACT-CL J2024.4-4001|20 24 29.59|-40 01 18.0| 4.78440|2.5040e-04|5.2337e-05|0.264800|      0.017707|  2.68204|          0.70746|          0.55980|  4.97622|          1.31261|          1.03864|
|ACT-CL J2323.0-4312|23 23 03.44|-43 12 43.3| 5.08335|1.1904e-04|2.3417e-05|0.764237|      0.022687|  2.08459|          0.44151|          0.36434|  3.55198|          0.75229|          0.62081|
|ACT-CL J0107.9-4311|01 07 57.99|-43 11 30.1| 4.60240|3.5462e-05|7.7052e-06|0.240447|      0.004620|  1.67813|          0.47799|          0.37202|  3.10346|          0.88397|          0.68800|
|ACT-CL J0217.6-4310|02 17 41.30|-43 10 30.2| 7.63301|6.1604e-05|8.0707e-06|0.607871|      0.009228|  2.94330|          0.55287|          0.46544|  5.11108|          0.96006|          0.80824|
|ACT-CL J0120.6-4309|01 20 41.01|-43 10 00.0| 4.29749|1.3261e-04|3.0857e-05|0.606296|      0.010641|  1.83780|          0.44828|          0.36037|  3.15968|          0.77071|          0.61958|
|ACT-CL J0208.3-4303|02 08 22.48|-43 03 47.5| 7.01277|1.6855e-04|2.4035e-05|0.679149|      0.013452|  2.79709|          0.52540|          0.44232|  4.82080|          0.90553|          0.76234|
|ACT-CL J2328.5-4303|23 28 31.02|-43 03 03.8| 5.64884|4.3653e-05|7.7277e-06|0.377671|      0.009818|  2.13397|          0.49143|          0.39945|  3.81882|          0.87944|          0.71482|
|ACT-CL J0124.5-4301|01 24 34.39|-43 01 26.8| 7.22635|5.4816e-05|7.5856e-06|0.490891|      0.006733|  2.73049|          0.54431|          0.45384|  4.80705|          0.95826|          0.79898|
|ACT-CL J0151.3-4300|01 51 19.46|-43 00 17.3| 4.91761|7.7142e-05|1.5687e-05|1.244000|      0.031416|  1.89564|          0.37945|          0.31616|  3.23925|          0.64840|          0.54026|
|ACT-CL J0556.6-4258|05 56 41.61|-42 58 51.8| 5.33444|6.3647e-05|1.1931e-05|1.264400|      0.031702|  2.41553|          0.46561|          0.39036|  4.15372|          0.80066|          0.67127|
|ACT-CL J0526.0-4257|05 26 04.99|-42 58 00.0| 4.13364|7.3700e-05|1.7829e-05|0.930264|      0.019042|  2.28765|          0.52295|          0.42565|  3.89072|          0.88941|          0.72392|
|ACT-CL J0403.6-4254|04 03 38.68|-42 54 20.5| 4.44861|1.1473e-04|2.5790e-05|0.906935|      0.017285|  2.28293|          0.50455|          0.41322|  3.88295|          0.85816|          0.70283|
|ACT-CL J0224.2-4253|02 24 13.83|-42 53 49.3| 4.56612|3.2932e-05|7.2123e-06|0.404046|      0.011088|  1.64722|          0.44312|          0.34918|  2.91402|          0.78389|          0.61772|
|ACT-CL J0145.1-4252|01 45 08.87|-42 52 45.7| 6.18467|7.4559e-05|1.2056e-05|0.447219|      0.008996|  2.52089|          0.52341|          0.43342|  4.46366|          0.92679|          0.76745|
|ACT-CL J2155.7-4252|21 55 43.58|-42 52 17.8| 4.44226|1.3010e-04|2.9286e-05|0.481117|      0.011162|  2.65449|          0.64067|          0.51611|  4.67775|          1.12899|          0.90948|
|ACT-CL J0543.7-4250|05 43 45.33|-42 50 46.2| 6.49286|1.8059e-04|2.7814e-05|0.615120|      0.008935|  3.44598|          0.67841|          0.56682|  6.00057|          1.18133|          0.98702|
|ACT-CL J0103.6-4250|01 03 39.00|-42 50 07.3| 6.38687|9.5786e-05|1.4997e-05|0.734834|      0.018049|  2.64354|          0.50739|          0.42568|  4.53396|          0.87023|          0.73010|
|ACT-CL J2035.6-4249|20 35 37.32|-42 49 04.0| 6.44484|1.2940e-04|2.0078e-05|0.178666|      0.004182|  3.58391|          0.88956|          0.71267|  6.91228|          1.71570|          1.37452|
|ACT-CL J0543.9-4247|05 43 55.60|-42 47 12.0| 4.51596|1.2564e-04|2.7821e-05|0.609832|      0.008123|  2.56289|          0.59456|          0.48260|  4.43608|          1.02911|          0.83533|
|ACT-CL J2253.3-3914|22 53 19.01|-39 15 00.0| 4.16044|3.3701e-05|8.1002e-06|0.350198|      0.027004|  1.68856|          0.44393|          0.35152|  3.02557|          0.79544|          0.62985|
|ACT-CL J0207.8-4246|02 07 49.06|-42 46 00.1| 5.32793|4.1903e-05|7.8649e-06|0.530361|      0.006529|  2.15761|          0.47866|          0.39175|  3.75651|          0.83338|          0.68206|
|ACT-CL J2335.8-4244|23 35 54.00|-42 44 15.1| 7.23757|5.7362e-05|7.9256e-06|0.748300|      0.047300|  2.63627|          0.48873|          0.41230|  4.51794|          0.83757|          0.70658|
|ACT-CL J0256.1-4243|02 56 09.46|-42 43 58.1| 6.71553|6.6257e-05|9.8662e-06|0.629051|      0.010122|  2.77026|          0.53398|          0.44769|  4.79402|          0.92408|          0.77474|
|ACT-CL J2313.9-4243|23 13 58.19|-42 43 46.5| 5.20145|4.1787e-05|8.0336e-06|0.056400|      0.000000|  2.40558|          0.94910|          0.68058|  4.86837|          1.92078|          1.37735|
|ACT-CL J2344.7-4243|23 44 44.68|-42 43 14.4|46.39105|3.6242e-04|7.8124e-06|0.596000|      0.000000|  9.80707|          1.66702|          1.42482| 17.54490|          2.98230|          2.54902|
|ACT-CL J0638.3-4242|06 38 18.76|-42 42 21.9| 6.26689|1.4727e-04|2.3500e-05|0.407600|      0.035940|  3.44361|          0.73221|          0.60382|  6.19019|          1.31622|          1.08543|
|ACT-CL J0135.1-4240|01 35 10.20|-42 40 22.7| 4.95359|6.0827e-05|1.2279e-05|0.699666|      0.014486|  2.18903|          0.46728|          0.38508|  3.74750|          0.79996|          0.65924|
|ACT-CL J2027.6-4240|20 27 40.16|-42 40 22.1| 5.15187|1.0503e-04|2.0386e-05|0.254523|      0.006077|  2.99647|          0.74891|          0.59916|  5.59355|          1.39800|          1.11846|
|ACT-CL J2134.0-4238|21 34 00.72|-42 38 39.5| 6.49490|8.8120e-05|1.3568e-05|0.195500|      0.000000|  3.48895|          0.85701|          0.68801|  6.67905|          1.64060|          1.31708|
|ACT-CL J0218.0-4238|02 18 00.01|-42 38 14.9| 4.84656|7.5844e-05|1.5649e-05|0.690056|      0.018154|  2.13250|          0.46414|          0.38118|  3.65114|          0.79467|          0.65263|
|ACT-CL J2241.9-4235|22 41 54.32|-42 35 38.8| 7.25746|5.0010e-05|6.8908e-06|0.204065|      0.004109|  2.27979|          0.53663|          0.43438|  4.30285|          1.01282|          0.81984|
|ACT-CL J0218.1-4233|02 18 11.48|-42 33 03.8| 6.01019|9.4466e-05|1.5718e-05|0.640124|      0.010792|  2.54005|          0.50844|          0.42364|  4.38283|          0.87731|          0.73099|
|ACT-CL J0226.0-4232|02 26 00.91|-42 32 19.2| 5.04768|6.2081e-05|1.2299e-05|0.775602|      0.014326|  2.15761|          0.45158|          0.37342|  3.67719|          0.76962|          0.63642|
|ACT-CL J0445.1-4230|04 45 06.12|-42 30 11.8| 6.10380|7.1930e-05|1.1784e-05|0.415489|      0.011839|  3.04011|          0.64896|          0.53480|  5.43988|          1.16123|          0.95695|
|ACT-CL J2032.7-4229|20 32 45.02|-42 29 44.8| 5.12406|2.6375e-04|5.1473e-05|0.704695|      0.018840|  2.90505|          0.63960|          0.52419|  5.00189|          1.10126|          0.90255|
|ACT-CL J2344.5-4224|23 44 35.89|-42 24 35.9| 5.06242|3.9560e-05|7.8144e-06|0.269691|      0.006182|  1.74170|          0.43081|          0.34538|  3.19348|          0.78991|          0.63327|
|ACT-CL J2356.0-4220|23 56 05.33|-42 20 58.0| 6.50035|6.3970e-05|9.8410e-06|0.901051|      0.015993|  2.17701|          0.40181|          0.33921|  3.69926|          0.68278|          0.57639|
|ACT-CL J0149.5-4220|01 49 34.99|-42 20 30.0| 4.19262|4.3081e-05|1.0275e-05|0.979208|      0.026414|  1.79651|          0.40309|          0.32922|  3.04059|          0.68224|          0.55721|
|ACT-CL J0216.2-4219|02 16 14.24|-42 19 35.7| 8.30039|8.0689e-05|9.7211e-06|0.632957|      0.010296|  3.22335|          0.58444|          0.49473|  5.59471|          1.01440|          0.85870|
|ACT-CL J0235.4-4217|02 35 28.08|-42 17 24.4| 5.83660|5.0128e-05|8.5886e-06|0.975159|      0.025204|  2.21481|          0.42692|          0.35793|  3.76477|          0.72568|          0.60841|
|ACT-CL J0322.8-4215|03 22 51.68|-42 15 25.0| 4.56298|6.9262e-05|1.5179e-05|0.557332|      0.006758|  2.04479|          0.47090|          0.38275|  3.54329|          0.81599|          0.66325|
|ACT-CL J0035.2-4213|00 35 15.27|-42 13 42.1| 6.03711|4.6109e-05|7.6376e-06|0.540200|      0.021563|  2.19961|          0.44940|          0.37316|  3.82608|          0.78170|          0.64909|
|ACT-CL J2050.2-4212|20 50 17.99|-42 13 00.0| 4.34095|1.4242e-04|3.2809e-05|0.484074|      0.007617|  2.80674|          0.68462|          0.55037|  4.94984|          1.20737|          0.97061|
|ACT-CL J0454.9-4211|04 54 55.06|-42 11 20.3| 6.71236|1.7039e-04|2.5385e-05|0.890485|      0.015078|  3.17270|          0.58559|          0.49435|  5.43542|          1.00322|          0.84691|
|ACT-CL J0126.3-4211|01 26 23.59|-42 11 00.2| 4.35609|4.1980e-05|9.6371e-06|0.681271|      0.015441|  1.93920|          0.44822|          0.36407|  3.31569|          0.76638|          0.62250|
|ACT-CL J0006.0-4208|00 06 02.87|-42 08 04.2| 5.02107|4.1418e-05|8.2488e-06|0.827913|      0.011390|  1.88263|          0.39246|          0.32476|  3.19360|          0.66575|          0.55090|
|ACT-CL J0130.9-4207|01 31 00.00|-42 07 30.1| 6.04893|1.8672e-04|3.0869e-05|0.502008|      0.007212|  2.36941|          0.50183|          0.41412|  4.15093|          0.87915|          0.72549|
|ACT-CL J2229.0-4205|22 29 02.88|-42 05 09.9| 5.16061|4.6994e-05|9.1062e-06|0.565571|      0.006751|  2.37595|          0.54917|          0.44607|  4.12627|          0.95374|          0.77468|
|ACT-CL J0058.1-4204|00 58 06.17|-42 04 52.2| 6.35282|9.5207e-05|1.4987e-05|0.504538|      0.006586|  2.58060|          0.52510|          0.43632|  4.52770|          0.92130|          0.76553|
|ACT-CL J2311.3-4204|23 11 21.58|-42 04 02.2| 5.75692|4.5163e-05|7.8450e-06|1.160000|      0.097200|  2.03496|          0.39894|          0.33355|  3.46897|          0.68008|          0.56860|
|ACT-CL J0455.9-4158|04 55 59.01|-41 59 00.0| 4.12479|1.4129e-04|3.4255e-05|0.295424|      0.006382|  2.18602|          0.60338|          0.47286|  3.99844|          1.10364|          0.86491|
|ACT-CL J0144.6-4157|01 44 36.44|-41 57 31.7| 7.32801|7.1493e-05|9.7561e-06|1.029800|      0.028417|  2.60380|          0.45521|          0.38747|  4.44452|          0.77701|          0.66139|
|ACT-CL J0041.0-4155|00 41 04.07|-41 55 38.1| 5.76216|7.2793e-05|1.2633e-05|0.760009|      0.016365|  2.13985|          0.42304|          0.35321|  3.64887|          0.72136|          0.60229|
|ACT-CL J0225.8-4154|02 25 52.28|-41 54 32.4| 8.05809|6.0094e-05|7.4576e-06|0.219500|      0.000000|  2.36778|          0.56339|          0.45510|  4.44773|          1.05829|          0.85488|
|ACT-CL J0106.3-4154|01 06 21.21|-41 54 06.3| 4.77261|1.5201e-04|3.1850e-05|0.411537|      0.012336|  2.04902|          0.49980|          0.40179|  3.63660|          0.88704|          0.71310|
|ACT-CL J2321.5-4153|23 21 33.00|-41 54 00.0| 4.22704|3.1156e-05|7.3706e-06|0.106882|      0.005280|  1.52182|          0.53002|          0.39311|  2.96370|          1.03219|          0.76556|
|ACT-CL J0209.8-4153|02 09 53.33|-41 53 20.0| 4.22015|1.0124e-04|2.3989e-05|0.493902|      0.008528|  1.84922|          0.46218|          0.36976|  3.22627|          0.80634|          0.64511|
|ACT-CL J0237.7-4151|02 37 43.66|-41 51 51.5| 5.73533|7.2686e-05|1.2673e-05|0.407581|      0.011391|  2.44566|          0.53230|          0.43715|  4.36149|          0.94928|          0.77960|
|ACT-CL J0537.4-4151|05 37 27.00|-41 51 44.6| 4.40614|1.4684e-04|3.3326e-05|0.581373|      0.009044|  2.40723|          0.57688|          0.46536|  4.17394|          1.00026|          0.80690|
|ACT-CL J0242.1-4150|02 42 08.69|-41 50 16.2| 6.64240|6.4392e-05|9.6941e-06|0.696552|      0.015094|  2.59843|          0.49447|          0.41542|  4.46562|          0.84978|          0.71393|
|ACT-CL J0009.1-4147|00 09 07.99|-41 47 29.9| 4.98792|3.7941e-05|7.6066e-06|0.597257|      0.008686|  1.89303|          0.41519|          0.34051|  3.25976|          0.71496|          0.58635|
|ACT-CL J2039.3-4144|20 39 21.02|-41 44 14.6| 4.58827|2.4637e-04|5.3697e-05|0.663200|      0.042740|  2.77790|          0.65151|          0.52774|  4.79302|          1.12413|          0.91057|
|ACT-CL J0022.1-4143|00 22 09.50|-41 43 55.5| 5.64977|3.9203e-05|6.9389e-06|0.297800|      0.024450|  1.90217|          0.45098|          0.36455|  3.46559|          0.82165|          0.66418|
|ACT-CL J0628.8-4143|06 28 49.93|-41 43 33.0|13.58317|1.5252e-04|1.1229e-05|0.176000|      0.000000|  6.40824|          1.42166|          1.16353| 12.57317|          2.78935|          2.28289|
|ACT-CL J0415.7-4143|04 15 47.00|-41 43 29.9| 4.58645|5.4310e-05|1.1841e-05|0.715656|      0.018089|  2.46086|          0.55008|          0.44959|  4.21895|          0.94308|          0.77078|
|ACT-CL J2024.9-4139|20 24 58.80|-41 39 35.7| 4.73408|2.4323e-04|5.1379e-05|0.501617|      0.007665|  2.77981|          0.65432|          0.52965|  4.88755|          1.15045|          0.93125|
|ACT-CL J0125.4-4139|01 25 24.33|-41 39 14.0| 4.89188|4.3380e-05|8.8678e-06|0.621554|      0.011146|  2.07171|          0.46135|          0.37733|  3.56537|          0.79398|          0.64937|
|ACT-CL J0530.6-4139|05 30 40.44|-41 39 08.5| 7.23444|1.0169e-04|1.4056e-05|0.794947|      0.009783|  3.52518|          0.64490|          0.54517|  6.06716|          1.10994|          0.93828|
|ACT-CL J0529.9-4138|05 29 55.95|-41 38 20.7| 5.67962|9.6957e-05|1.7071e-05|0.792680|      0.009838|  2.94330|          0.58673|          0.48921|  5.04612|          1.00592|          0.83872|
|ACT-CL J0025.9-4133|00 25 58.75|-41 33 10.9| 9.07087|7.5908e-05|8.3684e-06|0.539000|      0.000000|  2.96977|          0.54088|          0.45754|  5.20088|          0.94722|          0.80129|
|ACT-CL J0607.8-4131|06 07 53.34|-41 31 19.9| 4.28338|1.1538e-04|2.6936e-05|0.635992|      0.012617|  2.44398|          0.57735|          0.46703|  4.21513|          0.99576|          0.80548|
|ACT-CL J0245.5-4130|02 45 30.00|-41 30 30.6| 4.84320|4.5316e-05|9.3565e-06|0.701569|      0.016429|  2.06033|          0.44843|          0.36828|  3.52222|          0.76661|          0.62958|
|ACT-CL J2320.1-4130|23 20 09.01|-41 30 30.0| 4.43843|6.2802e-05|1.4150e-05|0.643396|      0.017126|  1.86457|          0.42939|          0.34902|  3.19528|          0.73585|          0.59811|
|ACT-CL J0205.8-4130|02 05 51.29|-41 30 12.5| 5.78693|5.1892e-05|8.9671e-06|0.412345|      0.011293|  2.37431|          0.51478|          0.42306|  4.22721|          0.91651|          0.75321|
|ACT-CL J2011.9-4129|20 11 58.62|-41 29 35.5| 5.15521|5.8066e-05|1.1264e-05|0.149600|      0.000000|  2.55232|          0.76103|          0.58623|  4.93930|          1.47276|          1.13449|
|ACT-CL J2358.7-4129|23 58 46.42|-41 29 06.2| 5.68689|3.7326e-05|6.5634e-06|0.429476|      0.010299|  1.89564|          0.42374|          0.34632|  3.34657|          0.74807|          0.61140|
|ACT-CL J2200.7-4127|22 00 42.00|-41 27 45.1| 4.18219|5.3856e-05|1.2878e-05|0.631624|      0.010719|  2.44566|          0.58609|          0.47279|  4.21981|          1.01126|          0.81576|
|ACT-CL J0205.1-4125|02 05 11.76|-41 25 50.9| 6.02508|5.8457e-05|9.7023e-06|0.396176|      0.010302|  2.57350|          0.55797|          0.45855|  4.60605|          0.99865|          0.82071|
|ACT-CL J0114.7-4123|01 14 42.29|-41 23 43.3|14.41509|1.2994e-04|9.0141e-06|0.379063|      0.009784|  5.00136|          0.92719|          0.78218|  9.13051|          1.69268|          1.42796|
|ACT-CL J0307.5-4123|03 07 32.51|-41 23 32.8| 8.37217|1.0169e-04|1.2146e-05|0.619875|      0.010073|  3.20343|          0.57822|          0.48981|  5.56644|          1.00475|          0.85112|
|ACT-CL J2104.3-4120|21 04 19.88|-41 20 58.0| 8.62156|9.7085e-05|1.1261e-05|0.165100|      0.000000|  3.94659|          0.96942|          0.77825|  7.67511|          1.88527|          1.51350|
|ACT-CL J2338.0-4120|23 38 02.03|-41 20 21.1| 5.06385|7.0575e-05|1.3937e-05|1.182800|      0.030559|  1.84541|          0.36635|          0.30567|  3.14241|          0.62383|          0.52050|
|ACT-CL J2248.9-4118|22 48 56.96|-41 18 30.0| 4.29774|1.1494e-04|2.6745e-05|0.902809|      0.017061|  1.53762|          0.37111|          0.29896|  2.59417|          0.62611|          0.50438|
|ACT-CL J0533.5-4115|05 33 34.48|-41 15 06.4| 5.13548|6.0360e-05|1.1754e-05|0.695704|      0.017191|  2.62360|          0.56224|          0.46302|  4.51007|          0.96651|          0.79594|
|ACT-CL J0557.7-4113|05 57 47.48|-41 13 02.4| 6.60617|9.1544e-05|1.3857e-05|0.854059|      0.012575|  3.33625|          0.62395|          0.52564|  5.72523|          1.07074|          0.90204|
|ACT-CL J2325.2-4111|23 25 12.30|-41 11 45.5|16.72328|1.3420e-04|8.0249e-06|0.358000|      0.000000|  5.40975|          1.00732|          0.84919|  9.94652|          1.85208|          1.56135|
|ACT-CL J2030.9-4111|20 30 59.97|-41 11 30.0| 4.51392|6.8957e-05|1.5276e-05|0.279626|      0.007484|  2.86729|          0.75882|          0.60002|  5.30388|          1.40366|          1.10992|
|ACT-CL J0357.3-4110|03 57 20.40|-41 10 48.3| 4.85487|1.4679e-04|3.0235e-05|0.784843|      0.013313|  1.96338|          0.43392|          0.35538|  3.33832|          0.73780|          0.60425|
|ACT-CL J2134.0-4109|21 34 05.56|-41 09 26.9| 6.93971|1.3895e-04|2.0023e-05|0.718733|      0.014181|  3.89261|          0.73118|          0.61556|  6.73979|          1.26599|          1.06580|
|ACT-CL J0350.9-4109|03 50 59.24|-41 09 20.2| 9.14536|8.0592e-05|8.8123e-06|0.663962|      0.013187|  3.40822|          0.60136|          0.51117|  5.90681|          1.04222|          0.88591|
|ACT-CL J2245.3-4108|22 45 18.99|-41 08 44.7| 4.47994|1.2113e-04|2.7039e-05|0.633264|      0.011766|  1.78296|          0.41665|          0.33773|  3.05538|          0.71399|          0.57875|
|ACT-CL J0340.8-4106|03 40 51.00|-41 06 44.8| 4.37363|3.3818e-05|7.7322e-06|0.558764|      0.007170|  1.87487|          0.44770|          0.36140|  3.24227|          0.77423|          0.62499|
|ACT-CL J0342.9-4102|03 42 56.00|-41 02 45.2| 6.02228|7.1446e-05|1.1864e-05|0.380919|      0.009703|  2.45072|          0.52724|          0.43389|  4.39627|          0.94580|          0.77835|
|ACT-CL J2323.6-4102|23 23 40.40|-41 02 18.0| 4.29189|4.0847e-05|9.5172e-06|0.368400|      0.010012|  1.81767|          0.46527|          0.37044|  3.24803|          0.83140|          0.66196|
|ACT-CL J0542.8-4100|05 42 51.36|-41 00 09.8| 7.67939|9.4343e-05|1.2285e-05|0.639900|      0.000000|  3.81040|          0.71263|          0.60035|  6.63428|          1.24075|          1.04526|
|ACT-CL J0555.8-4058|05 55 53.35|-40 58 09.9| 4.37359|1.5822e-04|3.6176e-05|0.978800|      0.027703|  2.40723|          0.53202|          0.43572|  4.09920|          0.90596|          0.74198|
|ACT-CL J2240.2-4055|22 40 15.01|-40 55 45.2| 5.56277|1.2279e-04|2.2073e-05|0.184259|      0.004854|  1.92855|          0.49866|          0.39621|  3.65262|          0.94444|          0.75041|
|ACT-CL J0434.7-4055|04 34 44.68|-40 55 09.6| 4.43454|1.8366e-04|4.1415e-05|0.638759|      0.013890|  2.31778|          0.54754|          0.44291|  3.99191|          0.94303|          0.76282|
|ACT-CL J0151.9-4052|01 51 55.01|-40 52 00.2| 5.01070|8.0057e-05|1.5977e-05|0.648442|      0.014713|  2.23626|          0.48297|          0.39719|  3.84526|          0.83048|          0.68297|
|ACT-CL J0019.0-4051|00 19 01.86|-40 51 43.4|12.68459|1.1363e-04|8.9578e-06|0.469000|      0.000000|  4.03173|          0.72118|          0.61175|  7.18840|          1.28583|          1.09073|
|ACT-CL J2335.7-4048|23 35 42.99|-40 48 30.0| 4.16996|2.9535e-05|7.0829e-06|0.320153|      0.007186|  1.59148|          0.43509|          0.34168|  2.86991|          0.78459|          0.61614|
|ACT-CL J0054.3-4046|00 54 21.02|-40 46 30.0| 4.16465|9.9306e-05|2.3845e-05|0.407232|      0.011579|  1.78788|          0.46383|          0.36829|  3.16640|          0.82147|          0.65225|
|ACT-CL J0109.9-4046|01 09 54.65|-40 46 04.0| 5.36019|1.3040e-04|2.4327e-05|0.515789|      0.007388|  2.31140|          0.50502|          0.41446|  4.03872|          0.88241|          0.72419|
|ACT-CL J2258.8-4044|22 58 48.59|-40 44 26.7|11.53359|1.3737e-04|1.1910e-05|0.897100|      0.000000|  3.73765|          0.60831|          0.52317|  6.42603|          1.04586|          0.89947|
|ACT-CL J0353.8-4042|03 53 49.82|-40 42 36.1| 4.55033|3.4598e-05|7.6035e-06|0.380271|      0.011183|  1.79034|          0.46137|          0.36684|  3.18942|          0.82191|          0.65350|
|ACT-CL J0044.5-4037|00 44 30.52|-40 37 48.0| 8.30698|8.9417e-05|1.0764e-05|0.978800|      0.027703|  2.74936|          0.46734|          0.39944|  4.69513|          0.79808|          0.68213|
|ACT-CL J0336.2-4037|03 36 16.84|-40 37 41.7|14.49756|1.3527e-04|9.3307e-06|0.173000|      0.000000|  5.34312|          1.17190|          0.96110| 10.44300|          2.29044|          1.87845|
|ACT-CL J2031.8-4037|20 31 52.00|-40 37 23.5|14.96903|3.0563e-04|2.0417e-05|0.341600|      0.000000|  7.44607|          1.40475|          1.18180| 13.86329|          2.61540|          2.20030|
|ACT-CL J0014.9-4036|00 14 58.02|-40 36 17.4|13.56733|1.3623e-04|1.0041e-05|0.517818|      0.007442|  4.11304|          0.71574|          0.60965|  7.27898|          1.26666|          1.07891|
|ACT-CL J2108.6-4036|21 08 39.02|-40 36 15.0| 4.55278|2.4354e-04|5.3492e-05|0.713600|      0.023990|  2.72111|          0.63126|          0.51239|  4.67583|          1.08473|          0.88047|
|ACT-CL J0335.1-4036|03 35 11.25|-40 36 10.2| 7.59087|6.1396e-05|8.0882e-06|0.550400|      0.021706|  2.77599|          0.54651|          0.45661|  4.84683|          0.95419|          0.79724|
|ACT-CL J0448.0-4035|04 48 03.60|-40 35 41.9| 4.54431|1.2113e-04|2.6656e-05|1.121600|      0.029702|  2.23472|          0.47890|          0.39439|  3.81155|          0.81682|          0.67267|
|ACT-CL J2213.1-4033|22 13 11.94|-40 33 33.7| 5.50915|8.6304e-05|1.5666e-05|0.461617|      0.009011|  3.19242|          0.70019|          0.57424|  5.66841|          1.24324|          1.01961|
|ACT-CL J0532.5-4032|05 32 31.00|-40 32 45.0| 4.35193|6.1607e-05|1.4156e-05|0.702399|      0.021354|  2.43222|          0.56012|          0.45527|  4.17239|          0.96087|          0.78101|
|ACT-CL J0200.5-4032|02 00 31.34|-40 32 40.0| 4.13201|3.1780e-05|7.6911e-06|0.790516|      0.015338|  1.70845|          0.41672|          0.33501|  2.89592|          0.70637|          0.56786|
|ACT-CL J0200.0-4032|02 00 01.01|-40 32 30.0| 4.31916|1.3126e-04|3.0390e-05|0.793174|      0.013622|  1.78911|          0.42417|          0.34288|  3.03520|          0.71961|          0.58169|
|ACT-CL J0352.1-4031|03 52 10.59|-40 31 23.5| 5.85915|4.7490e-05|8.1053e-06|0.399878|      0.010937|  2.36289|          0.52023|          0.42636|  4.21748|          0.92855|          0.76100|
|ACT-CL J2355.3-4029|23 55 19.48|-40 29 35.7| 5.95158|4.3182e-05|7.2556e-06|0.250386|      0.005173|  1.93787|          0.45614|          0.36923|  3.58412|          0.84365|          0.68290|
|ACT-CL J0342.2-4028|03 42 15.56|-40 28 20.1| 7.14094|8.4450e-05|1.1826e-05|0.475059|      0.008266|  2.84174|          0.55711|          0.46579|  5.02055|          0.98426|          0.82293|
|ACT-CL J0114.7-4027|01 14 43.67|-40 27 55.1| 4.84992|6.0164e-05|1.2405e-05|0.944420|      0.021863|  2.02378|          0.42188|          0.34911|  3.43310|          0.71567|          0.59222|
|ACT-CL J0001.4-4024|00 01 26.02|-40 24 39.1| 5.48045|1.3694e-04|2.4987e-05|0.906308|      0.017879|  1.90479|          0.38601|          0.32097|  3.22759|          0.65408|          0.54386|
|ACT-CL J2301.8-4023|23 01 53.36|-40 23 17.3| 6.50364|9.9320e-05|1.5271e-05|0.834900|      0.000000|  2.56113|          0.47898|          0.40352|  4.37190|          0.81764|          0.68881|
|ACT-CL J0314.7-4019|03 14 47.89|-40 19 36.2| 5.59447|4.1586e-05|7.4335e-06|0.691946|      0.014403|  2.23626|          0.46432|          0.38449|  3.83212|          0.79567|          0.65887|
|ACT-CL J2131.0-4019|21 31 04.71|-40 19 23.9|10.74639|2.1141e-04|1.9672e-05|0.447123|      0.008699|  5.63404|          1.03988|          0.87786| 10.16753|          1.87664|          1.58423|
|ACT-CL J0317.8-4018|03 17 52.04|-40 18 08.7| 4.65268|5.4332e-05|1.1678e-05|0.865114|      0.013554|  1.96474|          0.42105|          0.34674|  3.33302|          0.71427|          0.58822|
|ACT-CL J2120.5-4016|21 20 33.00|-40 16 30.0| 4.19111|6.7082e-05|1.6006e-05|0.262425|      0.005850|  2.54355|          0.70430|          0.55157|  4.71674|          1.30605|          1.02283|
|ACT-CL J0211.3-4014|02 11 20.99|-40 14 15.2| 4.97631|7.9519e-05|1.5980e-05|0.113544|      0.005416|  2.05608|          0.63336|          0.48420|  4.02243|          1.23908|          0.94728|
|ACT-CL J0327.6-4009|03 27 41.99|-40 09 08.8| 5.00154|1.5433e-04|3.0856e-05|0.657372|      0.015354|  2.09899|          0.46390|          0.37993|  3.60164|          0.79599|          0.65192|
|ACT-CL J0552.6-4008|05 52 39.00|-40 08 30.0| 4.20765|4.3872e-05|1.0427e-05|0.365040|      0.009224|  2.23011|          0.59797|          0.47153|  4.00667|          1.07433|          0.84717|
|ACT-CL J0157.8-4007|01 57 50.43|-40 07 13.5| 4.63221|4.6077e-05|9.9470e-06|0.586194|      0.010648|  2.08172|          0.47588|          0.38733|  3.59629|          0.82211|          0.66914|
|ACT-CL J2341.2-4002|23 41 14.00|-40 02 44.8| 4.38632|1.1410e-04|2.6013e-05|0.718200|      0.018678|  1.60690|          0.39058|          0.31421|  2.73009|          0.66359|          0.53383|
|ACT-CL J2241.2-4000|22 41 17.02|-40 00 53.0| 7.68646|1.7065e-04|2.2201e-05|0.850473|      0.013619|  2.76264|          0.48969|          0.41596|  4.72181|          0.83696|          0.71094|
|ACT-CL J0158.7-4000|01 58 42.98|-40 00 30.0| 4.36584|1.3695e-04|3.1367e-05|0.871243|      0.013839|  1.85688|          0.42448|          0.34550|  3.14606|          0.71918|          0.58537|
|ACT-CL J2055.4-3959|20 55 29.99|-39 59 37.4| 4.28716|6.2765e-05|1.4640e-05|0.890865|      0.016128|  2.50531|          0.56424|          0.46053|  4.27022|          0.96174|          0.78495|
|ACT-CL J0552.2-3954|05 52 14.00|-39 54 14.9| 4.15274|1.1339e-04|2.7306e-05|0.352241|      0.008619|  2.27665|          0.59855|          0.47394|  4.10496|          1.07922|          0.85455|
|ACT-CL J0339.1-3952|03 39 06.71|-39 52 03.9| 6.90628|1.3511e-04|1.9563e-05|1.240000|      0.070000|  2.42220|          0.42934|          0.36470|  4.15997|          0.73737|          0.62635|
|ACT-CL J2259.2-3951|22 59 14.77|-39 51 49.5|10.46744|8.3010e-05|7.9303e-06|0.531358|      0.007643|  3.75054|          0.67088|          0.56909|  6.61023|          1.18241|          1.00300|
|ACT-CL J2156.1-3951|21 56 07.28|-39 51 27.3| 4.34009|4.8298e-05|1.1128e-05|0.947527|      0.028519|  1.91400|          0.51154|          0.40366|  3.24313|          0.86676|          0.68397|
|ACT-CL J0544.9-3949|05 44 58.01|-39 49 37.0| 7.98492|2.1744e-04|2.7232e-05|0.517744|      0.006645|  3.99031|          0.75933|          0.63794|  7.05685|          1.34288|          1.12819|
|ACT-CL J0224.2-3948|02 24 12.80|-39 48 54.1| 4.61551|8.7797e-05|1.9022e-05|0.236577|      0.024732|  1.81267|          0.48762|          0.38425|  3.36277|          0.90461|          0.71285|
|ACT-CL J0029.7-3948|00 29 43.34|-39 48 49.9| 4.22484|1.0145e-04|2.4013e-05|0.836000|      0.025704|  1.54399|          0.36474|          0.29504|  2.60804|          0.61611|          0.49838|
|ACT-CL J2341.0-3948|23 41 00.03|-39 48 24.9| 5.14584|3.8508e-05|7.4832e-06|0.700599|      0.016857|  1.95394|          0.41547|          0.34262|  3.33686|          0.70952|          0.58511|
|ACT-CL J0616.5-3947|06 16 30.01|-39 47 51.5| 4.44232|4.8940e-05|1.1017e-05|0.152000|      0.000000|  2.18301|          0.68625|          0.52212|  4.20314|          1.32131|          1.00528|
|ACT-CL J0536.1-3946|05 36 11.25|-39 46 30.0| 5.16043|6.3673e-05|1.2339e-05|0.266300|      0.005313|  2.72861|          0.67961|          0.54410|  5.06233|          1.26087|          1.00945|
|ACT-CL J0231.1-3944|02 31 11.00|-39 44 30.0| 4.10282|5.0373e-05|1.2278e-05|0.462209|      0.008175|  1.86585|          0.46955|          0.37514|  3.27306|          0.82367|          0.65807|
|ACT-CL J0348.6-3942|03 48 41.01|-39 42 30.0| 4.33048|1.3266e-04|3.0634e-05|0.754549|      0.021745|  1.78911|          0.42875|          0.34587|  3.04026|          0.72858|          0.58774|
|ACT-CL J0355.6-3940|03 55 41.98|-39 40 14.5| 5.62944|4.9274e-05|8.7529e-06|0.907400|      0.026704|  2.22857|          0.43507|          0.36401|  3.78855|          0.73961|          0.61881|
|ACT-CL J0351.1-3937|03 51 08.31|-39 37 48.3| 8.05195|7.8373e-05|9.7335e-06|0.279741|      0.005911|  3.04640|          0.64013|          0.52898|  5.64339|          1.18583|          0.97993|
|ACT-CL J0000.3-3936|00 00 20.00|-39 36 15.0| 4.05864|2.7778e-05|6.8443e-06|0.356218|      0.009060|  1.49071|          0.40232|          0.31681|  2.65982|          0.71784|          0.56528|
|ACT-CL J0028.8-3934|00 28 53.98|-39 34 07.3| 4.33167|3.2347e-05|7.4676e-06|0.191657|      0.005164|  1.43334|          0.41207|          0.32006|  2.68754|          0.77264|          0.60012|
|ACT-CL J0342.8-3931|03 42 48.66|-39 31 56.8| 4.82720|7.0243e-05|1.4551e-05|0.319293|      0.007204|  1.96474|          0.48092|          0.38635|  3.56082|          0.87161|          0.70021|
|ACT-CL J0336.8-3929|03 36 50.08|-39 29 39.1|12.18213|1.2753e-04|1.0468e-05|0.397462|      0.010159|  4.40319|          0.81270|          0.68607|  7.97962|          1.47281|          1.24333|
|ACT-CL J0523.3-3929|05 23 19.00|-39 29 14.6| 4.47203|1.5493e-04|3.4644e-05|0.427140|      0.012349|  2.43725|          0.60914|          0.48734|  4.32889|          1.08192|          0.86558|
|ACT-CL J0429.8-3928|04 29 52.24|-39 28 08.0| 5.85520|2.4634e-04|4.2073e-05|0.348595|      0.009453|  2.95345|          0.66019|          0.53958|  5.36276|          1.19875|          0.97975|
|ACT-CL J0528.8-3927|05 28 51.96|-39 27 45.8|16.44940|1.7099e-04|1.0395e-05|0.283900|      0.000000|  6.37304|          1.25466|          1.04828| 12.01646|          2.36568|          1.97655|
|ACT-CL J0437.3-3927|04 37 23.00|-39 27 45.1| 4.44147|8.8206e-05|1.9860e-05|0.970641|      0.024799|  2.29554|          0.49963|          0.41032|  3.90483|          0.84989|          0.69797|
|ACT-CL J0108.0-3927|01 08 00.98|-39 27 30.0| 4.38318|1.4043e-04|3.2038e-05|0.563190|      0.007970|  1.90873|          0.47049|          0.37745|  3.30028|          0.81349|          0.65263|
|ACT-CL J2308.0-3922|23 08 02.03|-39 22 07.0| 4.68308|1.4728e-04|3.1449e-05|0.846200|      0.025847|  1.90217|          0.43162|          0.35179|  3.22596|          0.73200|          0.59662|
|ACT-CL J0223.9-3921|02 23 58.72|-39 21 28.1| 5.48358|4.7343e-05|8.6336e-06|0.492812|      0.007587|  2.31618|          0.50218|          0.41270|  4.06149|          0.88058|          0.72368|
|ACT-CL J0612.4-3921|06 12 27.58|-39 21 17.8| 4.43632|7.6128e-05|1.7160e-05|0.514460|      0.007095|  2.53656|          0.60355|          0.48754|  4.44209|          1.05695|          0.85379|
|ACT-CL J0111.5-3921|01 11 34.37|-39 21 00.5| 4.82008|4.3183e-05|8.9591e-06|0.989000|      0.027846|  1.99198|          0.42023|          0.34702|  3.37894|          0.71283|          0.58864|
|ACT-CL J0540.0-3918|05 40 03.40|-39 18 30.2| 5.19693|7.1406e-05|1.3740e-05|0.479551|      0.008231|  2.87124|          0.64182|          0.52456|  5.07002|          1.13332|          0.92627|
|ACT-CL J0521.3-3917|05 21 21.63|-39 17 36.4| 7.32045|7.6484e-05|1.0448e-05|0.428688|      0.010186|  3.46263|          0.71607|          0.59336|  6.19822|          1.28179|          1.06214|
|ACT-CL J0613.9-3917|06 13 56.38|-39 17 30.3| 4.95974|8.9643e-05|1.8074e-05|0.671926|      0.013632|  2.81254|          0.60979|          0.50114|  4.85071|          1.05169|          0.86430|
|ACT-CL J2320.5-3917|23 20 35.99|-39 17 14.9| 4.67904|4.2204e-05|9.0198e-06|0.866600|      0.026132|  1.98787|          0.42600|          0.35082|  3.37300|          0.72284|          0.59527|
|ACT-CL J0343.4-3917|03 43 24.99|-39 17 10.4|14.15405|1.6358e-04|1.1557e-05|0.803777|      0.009926|  4.43361|          0.71449|          0.61533|  7.66757|          1.23565|          1.06416|
|ACT-CL J0241.2-3916|02 41 13.52|-39 16 05.7|11.38215|2.2283e-04|1.9577e-05|1.019600|      0.028274|  3.66123|          0.59002|          0.50813|  6.29515|          1.01448|          0.87369|
|ACT-CL J0249.0-3915|02 49 04.34|-39 15 13.9| 9.12118|7.8358e-05|8.5908e-06|0.658840|      0.012870|  3.34545|          0.59299|          0.50371|  5.79807|          1.02773|          0.87299|
|ACT-CL J0330.1-3913|03 30 09.48|-39 13 15.4| 6.57695|6.2597e-05|9.5177e-06|0.546203|      0.006646|  2.64901|          0.52369|          0.43725|  4.62288|          0.91391|          0.76306|
|ACT-CL J0404.9-3912|04 04 56.79|-39 12 05.9| 4.74323|2.0568e-04|4.3362e-05|1.203200|      0.030845|  2.25792|          0.47445|          0.39207|  3.86490|          0.81212|          0.67111|
|ACT-CL J0046.4-3911|00 46 24.45|-39 11 56.4|18.67443|1.7264e-04|9.2447e-06|0.592000|      0.000000|  5.59924|          0.94275|          0.80689|  9.88492|          1.66433|          1.42449|
|ACT-CL J0341.7-3909|03 41 44.03|-39 09 15.8| 6.72846|1.2311e-04|1.8296e-05|0.404814|      0.010606|  2.65449|          0.54454|          0.45185|  4.74556|          0.97350|          0.80779|
|ACT-CL J0546.9-3904|05 46 59.99|-39 04 21.5| 5.74993|5.9049e-05|1.0269e-05|0.314247|      0.008007|  2.37104|          0.61307|          0.48712|  4.32200|          1.11752|          0.88793|
|ACT-CL J0116.5-3902|01 16 34.89|-39 02 59.5| 6.09868|1.8895e-04|3.0983e-05|0.947091|      0.021745|  2.21481|          0.43968|          0.36685|  3.76426|          0.74728|          0.62350|
|ACT-CL J0131.0-3902|01 31 00.99|-39 02 30.0| 4.11883|4.1656e-05|1.0113e-05|0.644262|      0.017909|  1.86328|          0.44494|          0.35917|  3.19279|          0.76241|          0.61545|
|ACT-CL J0236.0-3901|02 36 02.95|-39 01 23.7| 5.24059|1.0072e-04|1.9219e-05|1.009400|      0.028132|  2.12371|          0.42686|          0.35542|  3.60814|          0.72523|          0.60385|
|ACT-CL J0604.6-3901|06 04 38.00|-39 01 15.1| 4.36522|1.9696e-04|4.5121e-05|0.938000|      0.027132|  2.34991|          0.52726|          0.43064|  3.99885|          0.89725|          0.73282|
|ACT-CL J2029.2-3859|20 29 15.97|-38 59 38.4| 6.08210|1.2124e-04|1.9934e-05|0.856400|      0.025990|  3.40822|          0.65416|          0.54882|  5.85122|          1.12305|          0.94221|
|ACT-CL J0258.5-3859|02 58 35.01|-38 59 30.0| 4.08482|3.5168e-05|8.6096e-06|0.449992|      0.010532|  1.77439|          0.45572|          0.36260|  3.11599|          0.80029|          0.63675|
|ACT-CL J0144.2-3859|01 44 12.99|-38 59 15.0| 4.64953|5.7658e-05|1.2401e-05|0.622041|      0.009848|  2.10914|          0.47324|          0.38651|  3.63097|          0.81470|          0.66540|
|ACT-CL J0352.9-3858|03 52 54.13|-38 58 43.0| 8.70858|7.9112e-05|9.0844e-06|0.228189|      0.004221|  3.19902|          0.69091|          0.56819|  6.03595|          1.30361|          1.07207|
|ACT-CL J0116.7-3858|01 16 46.64|-38 58 33.2| 5.62588|1.3452e-04|2.3910e-05|0.707805|      0.016221|  2.34991|          0.48206|          0.40000|  4.02679|          0.82605|          0.68544|
|ACT-CL J0417.6-3857|04 17 36.66|-38 57 20.0| 4.20753|1.1117e-04|2.6421e-05|0.167171|      0.004603|  2.10623|          0.64312|          0.49269|  4.02567|          1.22921|          0.94168|
|ACT-CL J0210.9-3857|02 10 58.73|-38 57 16.3| 7.15153|1.7636e-04|2.4660e-05|1.050200|      0.028703|  2.61999|          0.46440|          0.39448|  4.47465|          0.79315|          0.67373|
|ACT-CL J0023.6-3856|00 23 41.00|-38 57 00.0| 4.16465|4.0850e-05|9.8088e-06|0.528077|      0.007357|  1.62918|          0.39739|          0.31946|  2.82045|          0.68796|          0.55306|
|ACT-CL J2218.6-3853|22 18 38.49|-38 53 42.8| 7.26055|8.6112e-05|1.1860e-05|0.137900|      0.000000|  3.88191|          1.03071|          0.81446|  7.63763|          2.02793|          1.60245|
|ACT-CL J0220.9-3853|02 20 57.42|-38 53 30.2| 4.56372|4.0810e-05|8.9423e-06|0.713128|      0.016209|  1.99061|          0.44664|          0.36479|  3.39802|          0.76243|          0.62271|
|ACT-CL J2351.8-3853|23 51 52.99|-38 53 14.3| 4.71109|1.1501e-04|2.4412e-05|0.676948|      0.017603|  1.57080|          0.38180|          0.30715|  2.67501|          0.65020|          0.52306|
|ACT-CL J0356.3-3851|03 56 20.07|-38 51 45.7| 6.55250|6.7548e-05|1.0309e-05|0.377029|      0.011522|  2.64172|          0.55070|          0.45570|  4.75139|          0.99049|          0.81963|
|ACT-CL J0512.9-3847|05 12 57.81|-38 47 40.0| 8.24707|8.5239e-05|1.0336e-05|0.325658|      0.006843|  3.77905|          0.77523|          0.64327|  6.94475|          1.42464|          1.18214|
|ACT-CL J0320.1-3847|03 20 10.40|-38 47 18.2| 4.27922|3.3287e-05|7.7788e-06|0.715794|      0.017735|  1.84033|          0.43632|          0.35270|  3.13586|          0.74347|          0.60099|
|ACT-CL J0227.5-3846|02 27 35.76|-38 46 55.7| 4.84821|5.9403e-05|1.2253e-05|0.573607|      0.007741|  2.12517|          0.47326|          0.38706|  3.67831|          0.81913|          0.66994|
|ACT-CL J2343.3-3842|23 43 19.61|-38 42 18.0| 4.74473|1.2338e-04|2.6005e-05|0.927800|      0.026989|  1.75736|          0.38249|          0.31412|  2.97253|          0.64697|          0.53133|
|ACT-CL J0323.5-3841|03 23 34.98|-38 41 59.6| 5.98773|1.4372e-04|2.4003e-05|0.926176|      0.019197|  2.37104|          0.45703|          0.38317|  4.03564|          0.77789|          0.65218|
|ACT-CL J0101.6-3840|01 01 41.93|-38 40 27.0| 6.20412|5.1114e-05|8.2387e-06|0.257512|      0.005421|  2.48128|          0.57773|          0.46862|  4.60580|          1.07239|          0.86986|
|ACT-CL J0000.0-3837|00 00 05.02|-38 37 36.2| 4.79399|3.2823e-05|6.8467e-06|0.300599|      0.006646|  1.69672|          0.42698|          0.34114|  3.08071|          0.77527|          0.61940|
|ACT-CL J0420.1-3837|04 20 08.38|-38 37 32.9| 4.89919|5.3744e-05|1.0970e-05|0.349889|      0.008769|  2.48641|          0.60223|          0.48481|  4.49497|          1.08872|          0.87644|
|ACT-CL J0456.7-3836|04 56 42.43|-38 36 18.1| 6.25864|7.4575e-05|1.1915e-05|0.396776|      0.011210|  3.25233|          0.69698|          0.57397|  5.85211|          1.25411|          1.03279|
|ACT-CL J0034.7-3831|00 34 46.65|-38 31 49.9| 4.31551|3.0659e-05|7.1043e-06|0.437823|      0.010837|  1.62918|          0.40438|          0.32397|  2.86216|          0.71042|          0.56915|
|ACT-CL J0139.4-3831|01 39 29.26|-38 31 48.8| 4.53893|3.5967e-05|7.9241e-06|0.431820|      0.010204|  1.77439|          0.46959|          0.37132|  3.12658|          0.82744|          0.65429|
|ACT-CL J0206.3-3831|02 06 18.98|-38 31 07.6| 5.69809|5.7139e-05|1.0028e-05|0.456416|      0.008805|  2.35964|          0.50567|          0.41643|  4.16496|          0.89256|          0.73504|
|ACT-CL J0220.9-3828|02 20 56.56|-38 28 49.3| 9.38575|7.5287e-05|8.0214e-06|0.228000|      0.000000|  3.38018|          0.73570|          0.60419|  6.38719|          1.39017|          1.14169|
|ACT-CL J0047.9-3826|00 47 58.99|-38 26 44.8| 4.43239|5.1771e-05|1.1680e-05|0.271112|      0.006193|  1.76707|          0.46919|          0.37075|  3.23965|          0.86019|          0.67971|
|ACT-CL J2350.8-3825|23 50 53.45|-38 25 54.0| 6.94790|4.5103e-05|6.4916e-06|0.254600|      0.017564|  2.10189|          0.48227|          0.39226|  3.88965|          0.89246|          0.72590|
|ACT-CL J0149.4-3825|01 49 26.66|-38 25 50.3| 7.03346|5.3719e-05|7.6376e-06|0.382186|      0.033433|  2.55408|          0.54734|          0.45075|  4.58474|          0.98252|          0.80912|
|ACT-CL J2355.2-3825|23 55 17.17|-38 25 20.5| 7.23049|5.2005e-05|7.1925e-06|0.670254|      0.015121|  2.48128|          0.46405|          0.39094|  4.26835|          0.79827|          0.67250|
|ACT-CL J0447.3-3823|04 47 20.94|-38 23 54.3| 5.56711|1.4909e-04|2.6781e-05|1.223600|      0.031130|  2.51568|          0.48078|          0.40364|  4.32047|          0.82571|          0.69322|
|ACT-CL J2241.1-3822|22 41 10.85|-38 22 37.5| 5.62362|7.5015e-05|1.3339e-05|0.846200|      0.025847|  2.19205|          0.42974|          0.35930|  3.72855|          0.73097|          0.61115|
|ACT-CL J2337.6-3822|23 37 36.67|-38 22 10.1|10.14118|1.3486e-04|1.3298e-05|0.726637|      0.045353|  3.42469|          0.58765|          0.50159|  5.90984|          1.01409|          0.86556|
|ACT-CL J0503.9-3820|05 03 59.61|-38 20 41.9| 4.38574|1.4424e-04|3.2888e-05|0.795842|      0.015377|  2.37268|          0.54440|          0.44280|  4.04857|          0.92892|          0.75556|
|ACT-CL J2346.1-3819|23 46 11.41|-38 19 57.8| 9.26787|7.8827e-05|8.5054e-06|1.055711|      0.143900|  2.95549|          0.51669|          0.43980|  5.06151|          0.88488|          0.75320|
|ACT-CL J0043.4-3819|00 43 28.66|-38 19 50.0| 4.17032|3.0110e-05|7.2199e-06|0.641445|      0.017744|  1.63480|          0.41140|          0.32869|  2.79439|          0.70322|          0.56183|
|ACT-CL J0253.2-3818|02 53 13.68|-38 18 13.7| 8.56842|7.0512e-05|8.2293e-06|0.442976|      0.012239|  3.30424|          0.63420|          0.53208|  5.89183|          1.13085|          0.94875|
|ACT-CL J0158.2-3815|01 58 14.54|-38 15 57.1| 8.00150|6.3188e-05|7.8971e-06|0.367636|      0.009342|  2.98823|          0.60310|          0.50182|  5.40207|          1.09027|          0.90718|
|ACT-CL J0603.0-3815|06 03 04.34|-38 15 55.1| 4.31324|4.7075e-05|1.0914e-05|0.483380|      0.007452|  2.28608|          0.59507|          0.47216|  4.01365|          1.04476|          0.82897|
|ACT-CL J0115.6-3815|01 15 38.99|-38 15 30.0| 4.09679|1.2575e-04|3.0696e-05|0.860447|      0.013011|  1.80395|          0.42156|          0.34170|  3.05515|          0.71394|          0.57871|
|ACT-CL J0249.4-3815|02 49 28.00|-38 15 14.8| 4.16532|4.0412e-05|9.7020e-06|0.455075|      0.009321|  1.86714|          0.46665|          0.37334|  3.27949|          0.81964|          0.65575|
|ACT-CL J2332.7-3813|23 32 44.70|-38 13 42.3| 6.77372|6.3254e-05|9.3381e-06|1.213400|      0.030988|  2.30981|          0.40942|          0.34778|  3.95758|          0.70150|          0.59587|
|ACT-CL J0224.8-3811|02 24 49.43|-38 11 47.4| 4.38649|3.3855e-05|7.7180e-06|0.280382|      0.006069|  1.71907|          0.47298|          0.37093|  3.14074|          0.86414|          0.67768|
|ACT-CL J0042.4-3809|00 42 27.83|-38 09 27.8| 6.85450|5.1148e-05|7.4619e-06|0.219660|      0.000000|  2.38250|          0.56080|          0.45395|  4.47581|          1.05354|          0.85280|
|ACT-CL J0008.7-3809|00 08 42.00|-38 09 06.3| 6.94090|6.1145e-05|8.8094e-06|0.753000|      0.000000|  2.46425|          0.45684|          0.38539|  4.21604|          0.78160|          0.65936|
|ACT-CL J0027.4-3806|00 27 26.03|-38 06 00.6| 4.88370|4.1761e-05|8.5511e-06|0.995030|      0.036028|  1.75494|          0.36292|          0.30073|  2.96929|          0.61405|          0.50882|
|ACT-CL J2322.2-3805|23 22 14.99|-38 05 31.1|14.34430|1.1763e-04|8.2001e-06|0.359745|      0.034352|  4.80887|          0.90329|          0.76045|  8.81166|          1.65517|          1.39343|
|ACT-CL J0243.0-3801|02 43 03.18|-38 01 07.3| 4.69320|3.5503e-05|7.5648e-06|0.618418|      0.009970|  1.90742|          0.45060|          0.36449|  3.27791|          0.77436|          0.62638|
|ACT-CL J0206.9-3759|02 06 58.83|-37 59 17.8| 6.16400|7.5688e-05|1.2279e-05|0.467521|      0.007881|  2.59843|          0.53951|          0.44675|  4.58735|          0.95247|          0.78871|
|ACT-CL J0119.8-3758|01 19 49.67|-37 58 20.8| 5.48420|4.3193e-05|7.8758e-06|0.567815|      0.006836|  2.26415|          0.49279|          0.40471|  3.92693|          0.85470|          0.70192|
|ACT-CL J0148.2-3753|01 48 16.03|-37 53 14.8| 4.38602|3.4308e-05|7.8222e-06|0.935829|      0.021421|  1.83275|          0.41432|          0.33792|  3.10266|          0.70140|          0.57207|
|ACT-CL J0351.8-3752|03 51 50.99|-37 53 00.0| 4.17552|7.9208e-05|1.8970e-05|0.329690|      0.008273|  1.79775|          0.47420|          0.37523|  3.24259|          0.85532|          0.67679|
|ACT-CL J0005.7-3751|00 05 44.80|-37 51 34.3|13.95529|1.4025e-04|1.0050e-05|0.503000|      0.000000|  4.21047|          0.73269|          0.62409|  7.47241|          1.30032|          1.10758|
|ACT-CL J0139.2-3749|01 39 15.34|-37 49 20.1| 4.14198|3.4685e-05|8.3740e-06|0.714732|      0.014543|  1.88004|          0.45054|          0.36344|  3.20514|          0.76810|          0.61961|
|ACT-CL J2315.7-3747|23 15 44.27|-37 47 00.5|11.60292|9.1234e-05|7.8630e-06|0.180500|      0.000000|  3.51790|          0.79824|          0.65061|  6.77651|          1.53764|          1.25327|
|ACT-CL J0354.5-3745|03 54 35.80|-37 45 03.5|13.86362|1.1573e-04|8.3477e-06|0.251000|      0.000000|  4.82878|          0.96658|          0.80537|  9.13586|          1.82873|          1.52372|
|ACT-CL J0012.8-3744|00 12 53.33|-37 44 39.8| 4.20920|3.2382e-05|7.6931e-06|0.368641|      0.009890|  1.59148|          0.41288|          0.32783|  2.83535|          0.73558|          0.58406|
|ACT-CL J2234.4-3744|22 34 27.58|-37 44 35.1|28.39481|2.2698e-04|7.9936e-06|0.152912|      0.000000|  9.58674|          2.18341|          1.77838| 19.22840|          4.37932|          3.56694|
|ACT-CL J0028.0-3744|00 28 04.00|-37 44 30.0| 4.69323|9.0366e-05|1.9255e-05|0.476846|      0.007906|  1.76342|          0.41208|          0.33403|  3.08192|          0.72020|          0.58378|
|ACT-CL J0338.3-3744|03 38 22.34|-37 44 27.3| 5.00370|4.1420e-05|8.2779e-06|0.475354|      0.007492|  2.12371|          0.49087|          0.39871|  3.72751|          0.86157|          0.69982|
|ACT-CL J0237.7-3742|02 37 42.14|-37 42 57.7| 8.12854|6.5943e-05|8.1125e-06|0.509558|      0.006504|  3.12285|          0.59170|          0.49745|  5.49845|          1.04182|          0.87587|
|ACT-CL J0425.5-3742|04 25 32.35|-37 42 51.2| 9.23587|1.2214e-04|1.3225e-05|0.321540|      0.006743|  4.39410|          0.87957|          0.73287|  8.11469|          1.62432|          1.35341|
|ACT-CL J0355.9-3741|03 55 58.58|-37 41 29.5| 7.01560|5.6797e-05|8.0958e-06|0.473000|      0.000000|  2.79132|          0.55874|          0.46555|  4.93120|          0.98708|          0.82245|
|ACT-CL J0014.7-3739|00 14 46.88|-37 39 10.0| 5.72112|1.4100e-04|2.4646e-05|0.620903|      0.013904|  2.07886|          0.43336|          0.35861|  3.57815|          0.74591|          0.61724|
|ACT-CL J0229.3-3737|02 29 20.33|-37 37 32.3| 5.97521|7.5319e-05|1.2605e-05|0.927800|      0.026989|  2.45747|          0.46764|          0.39288|  4.18591|          0.79656|          0.66921|
|ACT-CL J2342.0-3736|23 42 01.41|-37 36 58.1| 4.85358|3.3035e-05|6.8064e-06|0.336200|      0.018707|  1.65518|          0.42368|          0.33733|  2.97487|          0.76148|          0.60628|
|ACT-CL J0039.9-3736|00 39 57.01|-37 36 14.6| 4.47268|4.8194e-05|1.0775e-05|0.606134|      0.008836|  1.81641|          0.41984|          0.34102|  3.12220|          0.72166|          0.58617|
|ACT-CL J0454.3-3735|04 54 21.88|-37 35 57.4| 8.36476|1.0769e-04|1.2875e-05|0.509482|      0.006415|  4.01511|          0.75748|          0.63726|  7.11061|          1.34147|          1.12856|
|ACT-CL J0319.5-3733|03 19 31.34|-37 33 56.6| 4.47805|3.5021e-05|7.8206e-06|0.917600|      0.026846|  1.79034|          0.40322|          0.32910|  3.02958|          0.68232|          0.55690|
|ACT-CL J0546.2-3733|05 46 17.51|-37 33 42.2| 4.99211|7.4445e-05|1.4913e-05|0.563899|      0.007070|  2.84370|          0.63087|          0.51633|  4.95918|          1.10019|          0.90043|
|ACT-CL J0056.0-3732|00 56 01.97|-37 32 45.5| 7.12046|5.8586e-05|8.2278e-06|0.162500|      0.000000|  2.63627|          0.65888|          0.52714|  5.07775|          1.26908|          1.01532|
|ACT-CL J0103.4-3730|01 03 26.86|-37 30 03.5| 4.61321|3.7290e-05|8.0834e-06|0.658796|      0.012700|  1.95394|          0.45661|          0.37012|  3.34731|          0.78222|          0.63405|
|ACT-CL J0057.0-3726|00 57 02.04|-37 26 44.4| 5.12297|4.2173e-05|8.2321e-06|0.576600|      0.007623|  2.17701|          0.48663|          0.39773|  3.76865|          0.84242|          0.68851|
|ACT-CL J2240.9-3723|22 40 58.27|-37 23 29.4| 6.69887|7.9648e-05|1.1890e-05|0.389067|      0.027781|  2.63264|          0.54443|          0.45114|  4.72176|          0.97646|          0.80913|
|ACT-CL J0434.6-3723|04 34 40.70|-37 23 18.2| 5.57052|7.8122e-05|1.4024e-05|0.916085|      0.017243|  2.80674|          0.55487|          0.46329|  4.79467|          0.94788|          0.79142|
|ACT-CL J0018.6-3720|00 18 36.67|-37 20 50.3| 4.52123|1.0948e-04|2.4215e-05|0.661186|      0.015529|  1.63142|          0.39375|          0.31719|  2.78383|          0.67189|          0.54125|
|ACT-CL J2344.2-3719|23 44 17.55|-37 19 52.3| 6.45229|6.8941e-05|1.0685e-05|0.581000|      0.022134|  2.40723|          0.47391|          0.39596|  4.17412|          0.82176|          0.68659|
|ACT-CL J0106.1-3719|01 06 10.93|-37 19 38.7| 5.45715|4.3678e-05|8.0038e-06|0.559056|      0.007542|  2.30663|          0.49624|          0.40838|  4.00656|          0.86196|          0.70935|
|ACT-CL J0456.5-3715|04 56 30.67|-37 15 20.2| 4.20932|4.4739e-05|1.0629e-05|0.237895|      0.005518|  2.09322|          0.60178|          0.46741|  3.89490|          1.11974|          0.86971|
|ACT-CL J0014.6-3714|00 14 42.00|-37 14 15.1| 4.31908|1.0911e-04|2.5261e-05|0.828926|      0.013030|  1.57947|          0.37716|          0.30446|  2.66969|          0.63750|          0.51461|
|ACT-CL J0533.1-3712|05 33 06.77|-37 12 38.0| 5.49171|1.4917e-04|2.7163e-05|0.927800|      0.026989|  2.83783|          0.56336|          0.47005|  4.84872|          0.96256|          0.80313|
|ACT-CL J2317.5-3712|23 17 34.99|-37 12 30.0| 4.31563|1.3218e-04|3.0629e-05|0.182107|      0.023642|  1.57947|          0.48939|          0.37362|  2.97945|          0.92317|          0.70479|
|ACT-CL J0017.5-3712|00 17 32.99|-37 12 15.3| 4.67539|4.1603e-05|8.8982e-06|0.723103|      0.015872|  1.83275|          0.40505|          0.33174|  3.12128|          0.68983|          0.56497|
|ACT-CL J0043.9-3710|00 43 58.79|-37 10 18.6| 6.86330|1.8253e-04|2.6595e-05|0.858422|      0.012559|  2.44903|          0.45402|          0.38301|  4.17434|          0.77387|          0.65284|
|ACT-CL J0458.5-3709|04 58 31.02|-37 09 44.6| 5.33809|6.6951e-05|1.2542e-05|0.740805|      0.014468|  2.83392|          0.58841|          0.48724|  4.86619|          1.01037|          0.83666|
|ACT-CL J0029.1-3708|00 29 10.91|-37 08 12.5| 7.36066|4.9947e-05|6.7856e-06|0.473000|      0.000000|  2.49842|          0.49392|          0.41239|  4.40276|          0.87040|          0.72673|
|ACT-CL J0333.3-3707|03 33 23.44|-37 07 38.2| 5.61774|7.0493e-05|1.2548e-05|1.048535|      0.035849|  2.21938|          0.42780|          0.35867|  3.77693|          0.72803|          0.61037|
|ACT-CL J0542.2-3704|05 42 13.66|-37 04 59.1| 6.54864|6.5975e-05|1.0075e-05|0.938000|      0.027132|  2.90705|          0.55558|          0.46644|  4.96952|          0.94975|          0.79736|
|ACT-CL J2244.1-3704|22 44 11.19|-37 04 16.4|14.28763|1.0834e-04|7.5828e-06|0.442580|      0.036401|  4.39108|          0.78190|          0.66371|  7.88328|          1.40373|          1.19156|
|ACT-CL J0446.7-3703|04 46 47.95|-37 03 50.7|14.41433|2.8548e-04|1.9805e-05|0.600165|      0.007239|  6.01075|          1.02656|          0.87681| 10.61965|          1.81370|          1.54913|
|ACT-CL J0412.1-3702|04 12 10.69|-37 02 37.7| 4.93036|5.2290e-05|1.0606e-05|1.305200|      0.032273|  2.20416|          0.45399|          0.37645|  3.79161|          0.78095|          0.64757|
|ACT-CL J0532.9-3701|05 32 55.87|-37 01 33.6|17.08825|1.9368e-04|1.1334e-05|0.274700|      0.000000|  7.44607|          1.47819|          1.23334| 14.14036|          2.80713|          2.34216|
|ACT-CL J0106.0-3700|01 06 05.99|-37 00 38.5| 4.44728|3.5559e-05|7.9957e-06|0.263895|      0.006702|  1.72262|          0.47850|          0.37448|  3.16342|          0.87872|          0.68770|
|ACT-CL J0047.6-3659|00 47 40.98|-36 59 35.9| 5.34518|8.1328e-05|1.5215e-05|0.917600|      0.026846|  2.15464|          0.43486|          0.36183|  3.66005|          0.73869|          0.61464|
|ACT-CL J0304.0-3656|03 04 04.64|-36 56 40.2| 9.86338|8.8402e-05|8.9627e-06|0.219200|      0.000000|  3.67639|          0.79093|          0.65090|  6.98432|          1.50259|          1.23656|
|ACT-CL J0222.3-3655|02 22 19.59|-36 55 48.2| 4.33881|3.5908e-05|8.2761e-06|0.298679|      0.006816|  1.82771|          0.48688|          0.38446|  3.32601|          0.88601|          0.69964|
|ACT-CL J0330.2-3650|03 30 13.00|-36 50 39.7| 4.74107|1.4888e-04|3.1403e-05|0.367854|      0.027357|  1.92722|          0.49164|          0.39171|  3.44875|          0.87979|          0.70097|
|ACT-CL J2317.7-3648|23 17 43.92|-36 48 41.4|18.66838|1.7864e-04|9.5691e-06|0.817627|      0.031808|  5.43963|          0.87661|          0.75495|  9.44735|          1.52247|          1.31117|
|ACT-CL J0247.9-3648|02 47 56.09|-36 48 25.0| 6.08759|5.3530e-05|8.7933e-06|0.361928|      0.009263|  2.46595|          0.53878|          0.44217|  4.44397|          0.97096|          0.79686|
|ACT-CL J0346.0-3645|03 46 03.27|-36 45 09.3| 6.52425|7.9145e-05|1.2131e-05|0.363446|      0.009294|  2.64718|          0.56066|          0.46267|  4.77672|          1.01169|          0.83487|
|ACT-CL J0423.0-3644|04 23 05.04|-36 44 23.7| 5.65633|1.4637e-04|2.5876e-05|0.540386|      0.006293|  2.96772|          0.62855|          0.51869|  5.19624|          1.10054|          0.90819|
|ACT-CL J0249.2-3636|02 49 16.54|-36 36 26.5| 6.04918|7.5020e-05|1.2402e-05|0.699730|      0.016192|  2.56819|          0.50348|          0.42096|  4.41157|          0.86487|          0.72311|
|ACT-CL J2347.2-3634|23 47 17.18|-36 34 35.2|10.93436|1.3942e-04|1.2751e-05|0.463000|      0.050000|  3.56177|          0.64870|          0.54875|  6.33875|          1.15446|          0.97660|
|ACT-CL J0355.5-3633|03 55 31.77|-36 33 32.4|10.17671|8.2946e-05|8.1506e-06|0.320000|      0.000000|  3.70179|          0.73182|          0.61103|  6.80988|          1.34627|          1.12405|
|ACT-CL J2229.5-3632|22 29 35.66|-36 32 17.7| 8.37331|9.1325e-05|1.0907e-05|0.403439|      0.035596|  3.97659|          0.79600|          0.66324|  7.17931|          1.43709|          1.19740|
|ACT-CL J0214.8-3632|02 14 48.79|-36 32 03.1| 5.10230|5.2135e-05|1.0218e-05|0.247508|      0.004750|  2.03496|          0.51210|          0.40914|  3.77167|          0.94915|          0.75832|
|ACT-CL J0329.1-3630|03 29 07.58|-36 30 19.1| 4.70805|3.7606e-05|7.9875e-06|0.359695|      0.008923|  1.83148|          0.47833|          0.37927|  3.28004|          0.85664|          0.67924|
|ACT-CL J2345.1-3628|23 45 08.02|-36 28 07.4| 4.44519|7.1565e-05|1.6099e-05|0.275056|      0.025501|  1.64043|          0.43271|          0.34239|  2.99869|          0.79098|          0.62589|
|ACT-CL J0217.8-3622|02 17 53.81|-36 22 52.2| 4.65079|3.6334e-05|7.8124e-06|0.927800|      0.026989|  1.74771|          0.40693|          0.33008|  2.95587|          0.68823|          0.55825|
|ACT-CL J0543.4-3619|05 43 28.19|-36 19 56.0| 4.81000|8.4163e-05|1.7497e-05|0.843270|      0.011180|  2.64901|          0.56326|          0.46449|  4.52425|          0.96199|          0.79331|
|ACT-CL J2318.4-3618|23 18 24.56|-36 18 39.9| 6.63291|5.3371e-05|8.0463e-06|0.140000|      0.000000|  2.54881|          0.68342|          0.53892|  4.95339|          1.32818|          1.04735|
|ACT-CL J0300.6-3617|03 00 36.72|-36 17 34.7|13.12552|1.1509e-04|8.7681e-06|0.486745|      0.007245|  4.56999|          0.80634|          0.68541|  8.14760|          1.43759|          1.22198|
|ACT-CL J0322.8-3617|03 22 51.58|-36 17 16.4| 4.70360|4.7856e-05|1.0174e-05|0.645711|      0.013193|  2.05891|          0.46024|          0.37615|  3.53496|          0.79018|          0.64582|
|ACT-CL J0109.8-3613|01 09 53.00|-36 14 00.0| 4.27119|3.5897e-05|8.4045e-06|0.307920|      0.007441|  1.80768|          0.48312|          0.38123|  3.28016|          0.87666|          0.69178|
|ACT-CL J0350.5-3611|03 50 32.99|-36 12 00.0| 4.16967|6.4572e-05|1.5486e-05|0.267408|      0.025348|  1.75857|          0.48385|          0.37945|  3.22743|          0.88799|          0.69639|
|ACT-CL J0111.1-3609|01 11 09.00|-36 10 00.0| 4.09278|3.3284e-05|8.1324e-06|0.314636|      0.006934|  1.69556|          0.47098|          0.36860|  3.06653|          0.85181|          0.66663|
|ACT-CL J0512.5-3603|05 12 33.61|-36 03 31.9| 5.41697|5.7480e-05|1.0611e-05|0.518783|      0.006256|  2.75694|          0.61395|          0.50213|  4.83391|          1.07647|          0.88041|
|ACT-CL J0117.9-3601|01 17 54.42|-36 01 47.8| 4.61745|8.6953e-05|1.8831e-05|0.978800|      0.027703|  1.89825|          0.40680|          0.33500|  3.21642|          0.68928|          0.56764|
