source_number;name;ra;dec;snr;ir_contam_flag;nn_quality_flag;y5r500;y5r500_error;validation_status;redshift;redshift_source_name;mass_sz;mass_sz_pos_err;cosmology_sample_flag
   1;PSZ2 G000.04+45.13;229,1905;-1,0172; 6.75319;0;0,938825;0,00548159;0,0018995; 20; 0.119800;RXC J1516.5-0056; 3.962411;0,39329;1
   2;PSZ2 G000.13+78.04;203,5587;20,256; 9.25669;0;0,93932;0,00436085;0,00184025; 20; 0.171000;RXC J1334.1+2013; 5.122391;0,351061;1
   3;PSZ2 G000.40-41.86;316,0845;-41,3542; 9.70428;0;0,988699;0,00450769;0,00104687; 21; 0.165100;RXCJ2104.3-4120; 5.297053;0,32035;1
   4;PSZ2 G000.77-35.69;307,9728;-40,5987; 6.58179;0;0,985064;0,00160629;0,000516778; 21; 0.341600;RXCJ2031.8-4037; 6.333562;0,58988;1
   5;PSZ2 G002.04-22.15;291,3596;-36,5179; 5.12563;0;0,399731;0,00192778;0,000644426; -1;;;;;0
   6;PSZ2 G002.08-68.28;349,6324;-36,3326; 4.75040;0;0,911077;0,00312731;0,00159132; 20; 0.140000;ACO S 1109; 2.835297;0,370542;0
   7;PSZ2 G002.42+69.64;210,9933;15,6884; 4.62169;0;0,976674;0,00268569;0,00131046; 24; 0.180518;RMJ140358.9+154409.6; 3.510401;0,465839;0
   8;PSZ2 G002.77-56.16;334,6595;-38,8794; 9.19606;0;0,97515;0,00404779;0,00102807; 21; 0.141100;RXCJ2218.6-3853; 4.411132;0,29866;1
   9;PSZ2 G002.82+39.23;235,0152;-3,2851; 8.07308;0;0,952116;0,00970097;0,00263729; 21; 0.153300;RXCJ1540.1-0318; 5.736017;0,475538;0
  10;PSZ2 G002.88-22.45;292,0148;-35,8761; 4.80061;0;0,004082;0,00194268;0,000712163; -1;;;;;0
  11;PSZ2 G003.21-76.04;358,3512;-33,2932; 4.78953;0;0,837636;0,00103584;0,000384556; -1;;;;;0
  12;PSZ2 G003.91-42.03;316,4675;-38,7532; 9.33304;0;0,993977;0,00535817;0,00111078; 21; 0.152100;RXCJ2106.0-3846; 4.716204;0,321887;1
  13;PSZ2 G003.93-59.41;338,6081;-37,7413;17,35802;0;0,996898;0,00566285;0,000719787; 21; 0.151000;RXCJ2234.5-3744; 7.194754;0,263986;1
  14;PSZ2 G004.04+42.23;233,2733;-0,6754; 4.75789;0;0,926048;0,0032092;0,00179117; 24; 0.151272;RMJ153303.5-004616.5; 3.592052;0,465211;0
  15;PSZ2 G004.13+56.81;221,8651;8,4517; 6.75999;0;0,984064;0,00308855;0,000930312; 20; 0.380000;RXC J1447.4+0827; 7.122818;0,643275;1
  16;PSZ2 G004.45-19.55;289,2667;-33,5416; 9.06547;0;0,985599;0,00196385;0,00036027; 20; 0.540000;;10,356931;0,677135;1
  17;PSZ2 G005.91-28.26;299,8069;-34,8918; 5.98316;0;0,997078;0,00229145;0,000889302; 21; 0.172800;RXCJ1959.1-3454; 4.286492;0,387097;0
  18;PSZ2 G006.05+29.43;244,4061;-7,2625; 5.09372;0;0,935909;0,00178547;0,000742856; 20; 0.252300;RXC J1617.6-0714; 5.515037;0,647036;0
  19;PSZ2 G006.16-69.49;350,5375;-34,5752; 4.55340;0;0,92553;0,0013319;0,000683665; -1;;;;;0
  20;PSZ2 G006.38+62.03;218,308;12,4863; 5.65158;0;0,989402;0,00136098;0,000424082; 24; 0.235712;RMJ143312.4+122756.8; 4.813953;0,554516;0
  21;PSZ2 G006.49+50.56;227,7289;5,7681;23,17088;0;0,992896;0,0229633;0,00211504; 21; 0.076600;A2029; 7.039484;0,199073;1
  22;PSZ2 G006.68-35.55;308,7059;-35,8251;11,85154;0;0,981821;0,0117188;0,00215168; 21; 0.089400;RXCJ2034.7-3548; 4.166683;0,232628;1
  23;PSZ2 G006.76+30.45;243,9549;-6,1524;35,01054;0;0,994178;0,0235336;0,00163328; 21; 0.203000;RXCJ1615.7-0608;16,116468;0,296833;0
  24;PSZ2 G006.82-34.71;307,711;-35,5641; 5.02210;0;0,92593;0,00174992;0,000802183; 21; 0.139800;RXCJ2030.7-3532; 3.152574;0,402348;0
  25;PSZ2 G006.84+50.69;227,7552;6,022; 5.73192;0;0,980618;0,0367845;0,00759671; 13; 0.075728;; 1.844416;0,742635;0
  26;PSZ2 G007.57-33.90;306,8861;-34,7965; 4.82758;0;0,996469;0,00114233;0,000356096; 20; 0.550000;; 6.273721;0,734868;0
  27;PSZ2 G007.67-43.18;318,1796;-36,0844; 5.38838;0;0,996568;0,00171792;0,000639196; 16;;;;;0
  28;PSZ2 G007.76-36.83;310,4393;-35,1878; 5.74397;0;0,963702;0,00511689;0,00167287; 20; 0.089462;ACO  3705; 2.638609;0,268698;0
  29;PSZ2 G008.31-64.74;344,6782;-34,7882;10,9472;0;0,981501;0,00449901;0,000810077; 20; 0.312000;ACO S 1077; 7.745729;0,41188;1
  30;PSZ2 G008.47-56.34;334,4436;-35,7156;10,0536;0;0,988582;0,00486193;0,00103462; 21; 0.148600;RXCJ2217.7-3543; 4.791958;0,304431;1
  31;PSZ2 G008.70-31.44;304,2413;-33,3264; 5.34288;0;0,000104;0,00331104;0,00110293; -1;;;;;0
  32;PSZ2 G008.80-35.18;308,6595;-34,0615; 6.28531;0;0,99795;0,00305005;0,00133309; 21; 0.093600;RXCJ2034.7-3404; 2.975521;0,286146;1
  33;PSZ2 G008.94-81.22;3,5591;-30,3876;15,31582;0;0,995436;0,00409919;0,000551316; 21; 0.306600;RXCJ0014.3-3023; 9.835684;0,39472;1
  34;PSZ2 G009.04+31.09;244,586;-4,1893; 5.04280;0;0,979366;0,00233149;0,0010041; -1;;;;;0
  35;PSZ2 G009.45-56.93;335,1336;-35,1376; 7.29635;0;0,953018;0,00161453;0,000503806; 21; 0.154400;RXCJ2220.5-3509; 4.021076;0,349856;1
  36;PSZ2 G010.76-16.91;288,9424;-26,9948; 4.63515;0;0,98758;0,0028041;0,0010102; -1;;;;;0
  37;PSZ2 G011.06-63.84;343,3862;-33,7389; 5.36425;0;0,947687;0,00101557;0,000293062; 21; 0.224000;RXCJ2253.5-3343; 4.070501;0,466557;0
  38;PSZ2 G011.36+49.42;230,4769;7,6737; 5.36439;0;0,964931;0,00575009;0,00217454; 21; 0.044200;RXC J1521.8+0742; 1.869686;0,201766;0
  39;PSZ2 G011.36-72.93;354,0539;-32,1343; 6.26367;0;0,993455;0,00232399;0,000913039; 16;;;;;1
  40;PSZ2 G011.72-37.96;312,4505;-32,2999; 5.37476;0;0,889654;0,00131373;0,000458929; 21; 0.323000;MACSJ2049.9-3217; 5.374032;0,589478;0
  41;PSZ2 G011.92-63.53;342,976;-33,3942; 5.72106;0;0,890244;0,00112363;0,000364744; 20;;ACO  3926;;;0
  42;PSZ2 G012.59-20.10;292,9782;-26,5666; 7.01150;0;0,996469;0,00189239;0,000546807; 21; 0.352000;MACSJ1931.8-2634; 6.974438;0,525899;1
  43;PSZ2 G012.81+49.68;230,7674;8,6074; 6.75556;0;0,98746;0,0100431;0,00327315; 21; 0.035500;RXC J1523.0+0836; 1.898151;0,174993;1
  44;PSZ2 G013.06-75.46;356,8526;-31,1509; 5.28891;0;0,952714;0,00174548;0,000726235; -1;;;;;0
  45;PSZ2 G013.74-45.53;321,5663;-32,0254; 5.18606;0;0,981778;0,00087359;0,000205492; 30; 0.323033;ABELL S0946; 4.810649;0,564473;0
  46;PSZ2 G014.09+38.38;240,8561;3,3224; 5.20146;0;0,579039;0,00249913;0,00104772; 20; 0.222200;WHL J240.829+3.279; 4.725769;0,54516;0
  47;PSZ2 G014.33+60.23;221,9787;14,7694; 4.99666;0;0,98775;0,00264706;0,00123601; 24; 0.219834;RMJ144756.9+144532.6; 4.365911;0,531632;0
  48;PSZ2 G014.72-62.49;341,6334;-32,2011; 5.21311;0;0,982519;0,00263067;0,00126763; -1;;;;;0
  49;PSZ2 G015.75-28.66;303,0772;-26,7054; 4.76452;0;0,905032;0,00180951;0,000893988; 20; 0.149000;; 3.260183;0,39348;0
  50;PSZ2 G017.25-70.71;351,1689;-30,6511; 5.19466;0;0,924171;0,00112154;0,000421026; -1;;;;;0
  51;PSZ2 G017.72-51.40;328,7493;-30,1325; 4.53554;0;0,980951;0,00232493;0,00111338; -1;;;;;0
  52;PSZ2 G018.06-36.38;311,9957;-27,0195; 5.64942;0;0,993672;0,00105418;0,000235879; 20;;ACO  3714;;;0
  53;PSZ2 G018.18-60.00;338,7121;-30,5419; 6.35725;0;0,990221;0,00138828;0,000468117; 21; 0.251500;RXC J2234.8-3033; 4.868449;0,449366;1
  54;PSZ2 G018.32-28.50;303,7003;-24,5105; 8.67636;0;0,943742;0,00282897;0,000889383; 21; 0.161200;RXCJ2014.8-2430; 5.092264;0,356207;0
  55;PSZ2 G018.54-25.69;300,8656;-23,3915;11,34157;0;0,997373;0,00327351;0,000595593; 21; 0.317100;RXCJ2003.5-2323; 8.991968;0,444413;0
  56;PSZ2 G018.64-83.11;5,2543;-28,6217; 4.62228;0;0,999721;0,000914804;0,000330661; 16;;;;;0
  57;PSZ2 G018.73+23.56;255,5775;-1,024; 7.51618;0;0,939632;0,0141106;0,00374535; 20; 0.089000;; 3.968832;0,300528;0
  58;PSZ2 G018.73-15.49;290,7771;-19,3992; 4.84424;0;0,997038;0,00110406;0,000355865; -1;;;;;0
  59;PSZ2 G018.76-61.65;340,637;-30,315; 5.03814;0;0,935741;0,00154507;0,000653734; -1;;;;;0
  60;PSZ2 G018.84+22.43;256,6067;-1,5033; 6.33571;0;0,996673;0,00754181;0,00207823; 21; 0.091200;RXCJ1706.4-0132; 3.603171;0,295964;0
  61;PSZ2 G018.92-33.64;309,2781;-25,593; 4.77180;0;0,973691;0,00220982;0,00111548; -1;;;;;0
  62;PSZ2 G019.12+31.23;249,1227;3,1476; 7.52636;0;0,975657;0,00221388;0,000761492; 20; 0.280000;; 6.649408;0,515759;1
  63;PSZ2 G019.48-80.97;2,8223;-28,8688; 8.86259;0;0,961403;0,00760361;0,00163018; 21; 0.062000;RXCJ0011.3-2851; 2.606369;0,182667;1
  64;PSZ2 G020.08+37.47;244,0675;6,9137; 4.72731;0;0,996323;0,00170394;0,000589125; 24; 0.332806;RMJ161610.2+065504.4; 5.477802;0,689388;0
  65;PSZ2 G020.21-36.84;313,0083;-25,4826; 5.17455;0;0,940948;0,0010923;0,0003057; 16;;;;;0
  66;PSZ2 G020.49-47.35;324,4985;-27,727; 4.99537;0;0,919598;0,00135249;0,000467219; 16;;;;;0
  67;PSZ2 G020.66+37.99;243,8319;7,5709; 5.35110;0;0,729116;0,00400886;0,00138172; 24; 0.345133;RMJ161505.4+073455.4; 5.652531;0,641905;0
  68;PSZ2 G021.02-29.04;305,1025;-22,4479; 4.88909;0;0,882989;0,00127214;0,000475123; 16;;;;;0
  69;PSZ2 G021.08+38.00;243,9822;7,8598; 5.37691;0;0,949731;0,00150224;0,00056053; 20; 0.381500;WHL J244.011+7.864; 6.165772;0,641685;0
  70;PSZ2 G021.10+33.24;248,1989;5,5922;16,31857;0;0,990789;0,00800133;0,00121074; 21; 0.151400;RXC J1632.7+0534; 7.788315;0,300539;1
  71;PSZ2 G021.36-43.02;319,8962;-26,2017; 5.54686;0;0,863156;0,00140138;0,000457936; 20; 0.380000;; 5.810800;0,615291;0
  72;PSZ2 G022.03+17.75;262,1523;-1,2176; 6.20045;0;0,02801;0,00325727;0,00117228; -1;;;;;0
  73;PSZ2 G022.12-38.81;315,5511;-24,5729; 5.06137;0;0,99105;0,0013111;0,000504976; 21; 0.188000;RXCJ2102.1-2431; 3.731324;0,483119;0
  74;PSZ2 G022.98+19.49;261,0687;0,4155; 5.19207;0;0,207661;0,00146288;0,000520391; 20; 0.404400;WHL J261.104+0.415; 6.790033;0,80673;0
  75;PSZ2 G023.05+20.52;260,1954;0,9685; 5.57412;0;0,073133;0,00154887;0,000512674; -1;;;;;0
  76;PSZ2 G023.17+86.71;196,4731;26,5262; 5.34141;0;0,983422;0,0034003;0,00147411; 21; 0.306300;ZwCl5699; 5.033050;0,559982;0
  77;PSZ2 G023.40-15.26;292,4922;-15,1935; 5.00560;0;0,82295;0,0032528;0,00148384; 21; 0.082900;RXC J1930.0-1509; 2.369741;0,299939;0
  78;PSZ2 G023.87-13.88;291,396;-14,2055; 4.90816;0;0,950062;0,00207456;0,000828399; -1;;;;;0
  79;PSZ2 G024.44+22.76;258,8352;3,1718; 5.99790;0;0,92642;0,00386597;0,0011849; 21; 0.164700;RXC J1715.2+0309; 4.505844;0,400846;0
  80;PSZ2 G024.46-18.08;295,5951;-15,4358; 6.97577;0;0,000824;0,00471649;0,00111011; -1;;;;;0
  81;PSZ2 G025.02-41.49;319,0394;-23,194; 6.42499;0;0,998719;0,00143619;0,000417089; 20;;RXC J2115.9-2309;;;1
  82;PSZ2 G025.07-78.64;0,0902;-28,1003; 6.21720;0;0,962763;0,00244683;0,000835372; 16;;;;;1
  83;PSZ2 G025.13-75.88;356,9603;-28,1426; 8.07377;0;0,999753;0,00979927;0,00273566; 21; 0.030000;RXCJ2347.7-2808; 1.480293;0,114748;1
  84;PSZ2 G025.89-46.67;324,6775;-23,9849; 4.93352;0;0,930052;0,00240771;0,00120114; -1;;;;;0
  85;PSZ2 G026.09-25.62;303,4278;-17,0252; 4.64855;0;0,974431;0,00197159;0,000958146; -1;;;;;0
  86;PSZ2 G026.34-58.64;337,6572;-26,2664; 4.54593;0;0,965174;0,00085053;0,000258711; -1;;;;;0
  87;PSZ2 G026.73-38.94;316,8428;-21,184; 8.42102;0;0,983829;0,00528355;0,00148095; 20; 0.202000;ACO  2336; 5.409047;0,363768;1
  88;PSZ2 G027.23+15.73;266,2912;2,2182; 4.89738;0;0,011174;0,00143367;0,000481828; -1;;;;;0
  89;PSZ2 G027.28+23.79;259,1371;5,9642; 4.70543;0;0,163662;0,00268447;0,00131792; -1;;;;;0
  90;PSZ2 G027.39+15.39;266,6612;2,1911; 5.22816;0;0,742597;0,00106639;0,000211436; -1;;;;;0
  91;PSZ2 G027.77+10.88;270,8407;0,4327; 6.41661;0;0,004887;0,00483916;0,00199737; -1;;;;;0
  92;PSZ2 G027.77-49.72;328,2464;-23,5523; 4.59963;0;0,838371;0,00108134;0,0004455; 16;;;;;0
  93;PSZ2 G027.81-45.93;324,2875;-22,5133; 5.24201;0;0,986517;0,00455036;0,00241849; 16;;;;;0
  94;PSZ2 G027.92+15.54;266,7672;2,7115; 4.53575;0;0,64352;0,0030835;0,0017987; -1;;;;;0
  95;PSZ2 G027.99-69.85;350,2088;-27,03; 4.56345;0;0,805802;0,00713022;0,0018939; -1;;;;;0
  96;PSZ2 G028.05+25.43;257,9791;7,323; 8.21688;0;0,263776;0,00384193;0,000912004; 12; 0.284000;; 6.629104;0,512854;0
  97;PSZ2 G028.08+10.79;271,056;0,6585; 6.03667;0;0,874623;0,0101227;0,00372835; 21; 0.088200;RXC J1804.1+0042; 3.285987;0,335807;0
  98;PSZ2 G028.15-08.62;288,4216;-8,1406; 7.66655;0;0,505423;0,00197745;0,000513048; -1;;;;;0
  99;PSZ2 G028.63+50.15;235,0332;17,8987; 6.91491;0;0,980981;0,0037649;0,00114183; 21; 0.091600;A2108; 3.249135;0,268175;1
 100;PSZ2 G028.77-33.56;312,0614;-17,809; 8.73780;0;0,983281;0,00439502;0,000965125; 21; 0.147500;RXCJ2048.1-1750; 4.514435;0,314703;1
 101;PSZ2 G028.89+60.13;225,0905;21,3594; 7.52451;0;0,922572;0,00462634;0,00130104; 20; 0.153000;RXC J1500.3+2121; 4.542624;0,329476;1
 102;PSZ2 G029.06+44.55;240,5868;16,0913;15,7649;0;0,972904;0,0467386;0,00551272; 21; 0.035300;A2147; 3.527035;0,051358;1
 103;PSZ2 G029.55-60.16;339,6533;-24,9363; 5.02650;0;0,996661;0,00184828;0,000826892; 16;;;;;0
 104;PSZ2 G029.66-47.63;326,4343;-21,7802; 5.74469;0;0,939436;0,00124839;0,000386497; -1;;;;;0
 105;PSZ2 G029.80-17.40;297,1337;-10,5278; 9.00660;0;0,111623;0,00932316;0,00242525; -1;;;;;0
 106;PSZ2 G029.87-17.81;297,5458;-10,6419; 4.91087;0;0,082535;0,00616222;0,00271279; -1;;;;;0
 107;PSZ2 G030.27-16.94;296,913;-9,9282; 5.43023;0;0,068699;0,00268815;0,00094569; -1;;;;;0
 108;PSZ2 G030.70+09.44;273,4417;2,3314; 5.11550;0;0,923307;0,00776568;0,00317982; -1;;;;;0
 109;PSZ2 G030.90+34.37;250,8441;13,3853; 4.93896;0;0,948827;0,00161009;0,000686375; 25; 0.181900;ACO 2224; 3.713527;0,479676;0
 110;PSZ2 G031.37-71.95;352,6812;-26,1713; 4.72892;0;0,967612;0,00144415;0,000634781; -1;;;;;0
 111;PSZ2 G031.41-19.16;299,419;-9,899; 5.69411;0;0,041608;0,00217914;0,000765331; -1;;;;;0
 112;PSZ2 G031.93+78.71;205,4709;26,3684; 7.46826;0;0,972201;0,00321164;0,00149249; 21; 0.072400;RXC J1341.8+2622; 2.718318;0,233936;1
 113;PSZ2 G032.12-14.96;295,8916;-7,4624; 9.11884;0;0,012266;0,00803782;0,00191961; -1;;;;;0
 114;PSZ2 G032.13-44.36;323,6921;-19,1307; 5.48598;0;0,795134;0,000893108;0,000160632; -1;;;;;0
 115;PSZ2 G032.31+66.07;219,2979;24,3892; 5.13800;0;0,979003;0,00196292;0,000819889; -1;;;;;0
 116;PSZ2 G032.77+19.69;265,1225;8,7112; 4.78475;0;0,99804;0,00241671;0,000979861; -1;;;;;0
 117;PSZ2 G033.27-17.54;298,7166;-7,6031; 6.85451;0;0,026146;0,0023472;0,000708446; -1;;;;;0
 118;PSZ2 G033.46-48.43;328,0814;-19,6129;11,23937;0;0,987813;0,00824981;0,00140803; 21; 0.094300;RXCJ2152.4-1933; 4.076925;0,212101;1
 119;PSZ2 G033.81+77.18;207,2221;26,5946;19,26542;0;0,99473;0,0116643;0,00137831; 21; 0.062200;RXC J1348.8+2635; 4.465213;0,141695;1
 120;PSZ2 G033.83-46.57;326,3152;-18,7555; 5.52538;0;0,981414;0,000901467;0,000164901; 16;;;;;0
 121;PSZ2 G033.97-76.61;357,9274;-26,0953;12,60114;0;0,997534;0,00467918;0,000798332; 21; 0.226400;RXCJ2351.6-2605; 7.557539;0,365168;1
 122;PSZ2 G034.38+51.57;234,8593;21,7897; 6.87962;0;0,888699;0,00924353;0,00235083; 21; 0.041100;A2107; 1.928021;0,187336;1
 123;PSZ2 G034.78+31.71;254,6903;15,3198; 4.99950;0;0,997845;0,00174433;0,000776079; 20; 0.480000;WHL J254.661+15.32; 6.264102;0,739205;0
 124;PSZ2 G035.89-61.39;341,7593;-22,2282; 4.73259;0;0,955125;0,00750664;0,0044428; -1;;;;;0
 125;PSZ2 G036.09-17.43;299,8263;-5,1483; 5.37039;0;0,008042;0,00398105;0,00156696; -1;;;;;0
 126;PSZ2 G036.36+16.01;269,9845;10,1964; 4.58176;0;0,931523;0,00237039;0,00138839; -1;;;;;0
 127;PSZ2 G036.69-15.67;298,5192;-3,8397; 5.69272;0;0,791322;0,00129382;0,000373674; -1;;;;;0
 128;PSZ2 G036.73+14.93;271,1294;10,0553; 9.68264;0;0,99812;0,00287672;0,00065004; 21; 0.152500;RXC J1804.4+1002; 5.288359;0,336939;0
 129;PSZ2 G036.77-16.51;299,2989;-4,1504; 4.62819;0;0,026069;0,00236327;0,00094605; -1;;;;;0
 130;PSZ2 G036.80-14.95;297,9202;-3,4116; 4.72938;0;0,073135;0,00361868;0,00151049; -1;;;;;0
 131;PSZ2 G037.05-70.55;351,5252;-24,1207; 5.05320;0;0,997138;0,00257426;0,00129623; 21; 0.088000;RXC J2326.2-2406; 2.216287;0,268075;0
 132;PSZ2 G037.25-16.27;299,2983;-3,6387; 5.07099;0;0,875281;0,00207043;0,000838942; -1;;;;;0
 133;PSZ2 G037.31-21.54;304,0323;-5,984; 4.96123;0;0,768098;0,00101303;0,000265203; -1;;;;;0
 134;PSZ2 G037.48+71.52;213,6348;27,0555; 7.40165;0;0,996783;0,00345925;0,00103411; 24; 0.480965;RMJ141438.9+270311.1; 7.058753;0,533575;1
 135;PSZ2 G037.67+15.71;270,8099;11,2055; 7.09012;1;0,003443;0,00404129;0,00101439; 20;;;;;0
 136;PSZ2 G037.69-46.87;327,6175;-16,3992; 5.90356;0;0,968763;0,00336648;0,00132035; 11; 0.263000;; 5.173200;0,494959;0
 137;PSZ2 G038.68+24.50;262,9726;15,6778; 5.44055;0;0,956704;0,00216206;0,000924441; 20; 0.083600;; 2.475157;0,284868;0
 138;PSZ2 G038.95-46.90;327,9887;-15,6134; 5.55850;0;0,971874;0,00604773;0,00204427; 21; 0.061400;RXCJ2151.8-1543; 1.956114;0,250739;0
 139;PSZ2 G039.21-75.96;357,4653;-24,7553; 4.56029;0;0,932473;0,00152524;0,000790295; 30; 0.243501;ABELL 2663; 3.896730;0,560546;0
 140;PSZ2 G039.32-59.88;340,7698;-20,164; 5.42175;0;0,990979;0,00250622;0,00102764; 21; 0.135900;RXCJ2243.0-2009; 3.191940;0,39943;0
 141;PSZ2 G039.34+73.28;211,6932;27,7299; 4.61231;0;0,98353;0,00146292;0,000630875; 24; 0.566447;RMJ140649.4+274556.8; 5.691223;0,706205;0
 142;PSZ2 G039.85-39.96;321,7514;-12,1617;10,21498;0;0,982102;0,00463623;0,00092262; 21; 0.176000;RXCJ2127.1-1209; 5.915140;0,369424;1
 143;PSZ2 G039.86+18.70;268,9272;14,362; 4.55833;0;0,992311;0,0021917;0,0011873; -1;;;;;0
 144;PSZ2 G039.98-53.12;334,2369;-17,4076; 6.02018;0;0,985985;0,00312471;0,000994443; 21; 0.130100;RXCJ2216.9-1725; 3.476531;0,376901;1
 145;PSZ2 G040.03+74.95;209,8163;27,9651; 9.28746;0;0,990823;0,0063242;0,00131638; 21; 0.061200;RXC J1359.2+2758; 2.570666;0,160199;1
 146;PSZ2 G040.11-42.58;324,2706;-13,0963; 5.08387;0;0,998568;0,00275918;0,00100121; -1;;;;;0
 147;PSZ2 G040.28+37.36;250,7979;21,5438; 4.77979;0;0,994054;0,00197559;0,000878458; 21; 0.153500;RXC J1643.3+2131; 3.169573;0,395591;0
 148;PSZ2 G040.58+77.12;207,3622;28,0946; 7.61657;0;0,987265;0,00593129;0,00178878; 21; 0.074800;RXC J1349.3+2806; 2.626682;0,213464;1
 149;PSZ2 G041.43-66.81;348,1084;-21,5507; 5.21311;0;0,899723;0,0176267;0,00973614; 21; 0.110800;RXCJ2312.3-2130; 2.709744;0,364699;0
 150;PSZ2 G041.45+29.10;259,4665;19,6925; 9.38972;0;0,921261;0,00468986;0,0010671; 21; 0.178000;RXC J1717.8+1940; 5.587061;0,359755;1
 151;PSZ2 G041.69+21.68;266,805;17,1309; 4.50562;0;0,994434;0,00204713;0,000968147; 12; 0.479000;; 5.828984;0,784294;0
 152;PSZ2 G042.19+63.00;223,3831;28,1217; 4.89720;0;0,936647;0,00214815;0,000809342; 24; 0.256841;RMJ145332.1+280358.0; 4.272891;0,487135;0
 153;PSZ2 G042.32+17.48;271,0699;15,9973; 6.17306;0;0,98609;0,00208667;0,00071833; 10; 0.458000;; 7.029055;0,652822;0
 154;PSZ2 G042.53+35.20;253,6243;22,5909; 4.67444;0;0,992333;0,00285357;0,00117042; 20; 0.181100;WHL J253.734+22.63; 3.430715;0,498536;0
 155;PSZ2 G042.54+18.02;270,6434;16,4014; 4.78788;0;0,999334;0,00124534;0,000471186; -1;;;;;0
 156;PSZ2 G042.81+56.61;230,6171;27,6947;12,50101;0;0,98597;0,00799907;0,00127698; 21; 0.072300;RXC J1522.4+2742; 4.081120;0,186302;1
 157;PSZ2 G042.81-82.97;5,1725;-25,7138; 8.43762;0;0,991353;0,00216094;0,000590114; 21; 0.141000;RXCJ0020.7-2542; 4.259752;0,316597;1
 158;PSZ2 G043.44-41.27;324,1836;-10,2966; 5.55255;0;0,969713;0,00153702;0,00058586; -1;;;;;0
 159;PSZ2 G044.07-59.30;341,1382;-17,7169; 4.88407;0;0,929987;0,00304895;0,0016713; 21; 0.132500;RXC J2244.5-1744; 3.033627;0,39554;0
 160;PSZ2 G044.20+48.66;239,6005;27,2123;28,38608;0;0,99423;0,0336217;0,002701; 21; 0.089400;RXC J1558.3+2713; 8.771307;0,185857;1
 161;PSZ2 G044.21+52.13;235,7545;27,8333; 4.64078;0;0,955848;0,00174978;0,000804196; -1;;;;;0
 162;PSZ2 G044.46-65.42;347,1739;-19,9184; 6.40890;0;0,944682;0,00361738;0,00113317; 20; 0.082900;ACO 2538; 2.569310;0,257254;1
 163;PSZ2 G044.58-20.46;306,2812;0,5188; 6.58596;0;0,999139;0,00211131;0,000499119; 20; 0.274600;WHL J306.303+0.526; 5.651640;0,444941;0
 164;PSZ2 G044.77-51.30;333,7655;-13,9877; 8.27208;0;0,972332;0,00222502;0,000531299; 21; 0.502700;MACSJ2214.9-1359; 8.359282;0,611954;1
 165;PSZ2 G044.83+10.02;279,1641;15,0805; 9.27041;0;0,036389;0,0046353;0,00191594; -1;;;;;0
 166;PSZ2 G045.04+30.38;259,3115;23,0598; 4.63608;0;0,75106;0,00575554;0,00330554; 30; 0.160300;NSC J171703+230543; 3.238837;0,460349;0
 167;PSZ2 G045.10-43.18;326,472;-10,0924; 6.89083;0;0,99772;0,00438386;0,00132237; 21; 0.080800;RXCJ2145.9-1006; 2.804740;0,255885;1
 168;PSZ2 G045.13+67.78;217,9958;29,5567; 6.62170;0;0,93014;0,00177536;0,000412798; 20; 0.219100;ACO 1929; 4.825367;0,445101;1
 169;PSZ2 G045.20+15.63;274,0146;17,7622; 4.65034;0;0,91434;0,00152362;0,000744827; -1;;;;;0
 170;PSZ2 G045.32-38.46;322,3544;-7,7089; 6.34199;0;0,995255;0,00128897;0,00030278; 21; 0.594000;MACSJ2129.4-0741; 7.650510;0,639346;0
 171;PSZ2 G045.47+17.80;272,0322;18,8743; 4.66988;0;0,97866;0,00146777;0,000606011; -1;;;;;0
 172;PSZ2 G045.50-08.62;296,3535;7,0747; 5.63260;0;0,000024;0,00162559;0,000682946; -1;;;;;0
 173;PSZ2 G045.50-37.21;321,3199;-6,9781; 4.97345;0;0,977318;0,00442324;0,00204424; 20; 0.115300;RXC J2125.2-0657; 2.807489;0,373811;0
 174;PSZ2 G045.51+16.26;273,5349;18,2928; 5.53543;0;0,993543;0,00404986;0,00150834; 11; 0.240000;; 4.112292;0,518446;0
 175;PSZ2 G045.87+57.70;229,5874;29,4696; 5.41590;0;0,974701;0,00164566;0,000556731; 20; 0.611000;; 7.029533;0,657969;0
 176;PSZ2 G045.96-26.94;312,5349;-1,5905; 5.10409;0;0,957036;0,00173134;0,000705097; -1;;;;;0
 177;PSZ2 G046.10+27.18;262,9273;22,8751; 8.99643;0;0,987412;0,00236762;0,000599984; 21; 0.389000;MACSJ1731.6+2252; 8.269269;0,53672;1
 178;PSZ2 G046.13+30.72;259,2811;24,0646; 4.94378;0;0,979463;0,00123928;0,000494974; 11; 0.569000;; 6.394540;0,801785;0
 179;PSZ2 G046.26-70.47;352,4471;-21,1699; 5.06944;0;0,913153;0,00140947;0,00053926; 30; 0.143100;ABELL 2606; 3.017671;0,395953;0
 180;PSZ2 G046.36-06.83;295,1839;8,686; 5.23598;0;0,040471;0,00202704;0,000649945; -1;;;;;0
 181;PSZ2 G046.39+11.71;278,2492;17,192; 4.62333;0;0,96282;0,000861951;0,000181103; -1;;;;;0
 182;PSZ2 G046.47-49.44;332,5693;-12,1777;12,55573;0;0,988729;0,00764126;0,0011836; 21; 0.084600;RXCJ2210.3-1210; 4.389680;0,198356;1
 183;PSZ2 G046.88+56.48;231,0469;29,9129;12,92534;0;0,986243;0,0132815;0,00221515; 20; 0.114500;RXC J1524.1+2955; 5.307450;0,221242;1
 184;PSZ2 G047.48+37.37;252,5787;27,0351; 4.96519;0;0,794336;0,00246213;0,000970784; 12; 0.240000;; 4.194511;0,521058;0
 185;PSZ2 G047.53+08.55;281,7441;16,8432; 6.55390;0;0,15271;0,00229224;0,000708727; -1;;;;;0
 186;PSZ2 G047.71-59.47;342,1206;-16,1084; 5.72031;0;0,954721;0,00197803;0,000729621; 21; 0.247200;RXCJ2248.5-1606; 4.610344;0,466116;0
 187;PSZ2 G047.73-60.15;342,7584;-16,4002; 6.71279;0;0,998288;0,00368875;0,00101849; 21; 0.122100;RXCJ2251.0-1624; 3.364438;0,296297;1
 188;PSZ2 G048.08-46.63;330,5731;-9,8895; 5.35043;0;0,925964;0,00722673;0,00245001; 21; 0.080900;RXCJ2202.0-0949; 2.110695;0,28171;0
 189;PSZ2 G048.09+27.18;263,5649;24,5443; 4.70094;0;0,994102;0,000834058;0,000218578; 20; 0.736080;; 6.134852;0,741854;0
 190;PSZ2 G048.10+57.16;230,3161;30,6278; 9.92657;0;0,981147;0,00859862;0,00172111; 21; 0.077700;A2061; 3.589891;0,207678;1
 191;PSZ2 G048.21-65.00;347,4397;-18,31; 4.83178;0;0,93291;0,00147346;0,000591299; 11; 0.420000;; 5.599690;0,685159;0
 192;PSZ2 G048.24-51.59;335,0523;-12,1975; 6.25937;0;0,982277;0,00128883;0,000379616; 12; 0.544000;; 7.330888;0,621788;0
 193;PSZ2 G048.39-16.78;304,8894;5,4829; 4.57623;0;0,999488;0,0011919;0,000494848; -1;;;;;0
 194;PSZ2 G048.47+34.86;255,5351;27,1467; 5.74142;0;0,846492;0,00489667;0,00229459; -1;;;;;0
 195;PSZ2 G048.75+53.18;234,9669;30,696; 4.84985;0;0,930327;0,00339439;0,00133187; 21; 0.098000;RXC J1539.8+3043; 2.528186;0,302826;0
 196;PSZ2 G048.91-25.55;312,6791;1,396; 5.56195;0;0,979837;0,00109806;0,000273584; 21; 0.333400;RXC J2050.7+0123; 5.441668;0,590031;0
 197;PSZ2 G049.09+25.23;265,9155;24,7403; 6.09655;0;0,892629;0,00268329;0,00108961; 11; 0.141000;ACO 2279; 3.682184;0,370658;1
 198;PSZ2 G049.18+65.05;221,1194;31,2334; 6.14944;0;0,966172;0,00128628;0,000377239; 21; 0.234000;A1961; 4.729747;0,46857;1
 199;PSZ2 G049.22+30.87;260,0217;26,6316;11,75388;0;0,980682;0,0054828;0,000995559; 20; 0.164400;RXC J1720.1+2637; 5.904146;0,304454;1
 200;PSZ2 G049.32+44.37;245,1404;29,8941; 7.98890;0;0,990872;0,00430237;0,00124086; 21; 0.097200;RXC J1620.5+2953; 3.671208;0,256858;1
 201;PSZ2 G049.69-49.46;333,6176;-10,3524; 8.15535;0;0,973028;0,00608362;0,00153824; 21; 0.098000;RXCJ2214.5-1022; 3.631749;0,299377;1
 202;PSZ2 G049.80-25.16;312,7713;2,2845; 7.59538;0;0,791393;0,00328645;0,000913889; 21; 0.321100;RXC J2051.1+0216; 6.392646;0,491457;1
 203;PSZ2 G050.06-27.32;314,7312;1,3563; 6.78541;0;0,874223;0,00238598;0,000842997; 11; 0.334000;WHL J314.721+1.402; 6.597796;0,566938;1
 204;PSZ2 G050.40+31.17;260,0323;27,6882; 7.28319;0;0,977905;0,00258446;0,000637795; 20; 0.164000;RXC J1720.1+2740; 4.331068;0,342846;1
 205;PSZ2 G050.46+67.54;218,168;31,5879; 5.57971;0;0,563222;0,00108006;0,000274476; 20; 0.131300;RXC J1432.4+3137; 2.923395;0,326385;0
 206;PSZ2 G050.98-61.48;344,7463;-15,6081; 5.10084;0;0,846649;0,00126285;0,000527741; 16;;;;;0
 207;PSZ2 G051.40-61.15;344,548;-15,2724; 4.60461;0;0,970108;0,0059298;0,00352478; -1;;;;;0
 208;PSZ2 G051.48-30.87;318,3989;0,5196; 4.99205;0;0,969541;0,00096987;0,000259417; -1;;;;;0
 209;PSZ2 G052.08+46.13;243,4439;32,0814; 4.75720;0;0,940056;0,00149406;0,000673686; -1;;;;;0
 210;PSZ2 G052.35-31.98;319,7375;0,5439; 5.04271;0;0,993047;0,00125418;0,000515869; 24; 0.264975;RMJ211849.1+003337.2; 4.588255;0,54746;0
 211;PSZ2 G052.93+10.42;282,3868;22,4541; 5.84150;1;0,043435;0,00313622;0,000894289; 15;;;;;0
 212;PSZ2 G053.44-36.25;323,7992;-1,0448; 8.49727;1;0,970161;0,0022697;0,000595789; 20; 0.330000;RXC J2135.2-0102; 7.453945;0,453629;1
 213;PSZ2 G053.53+59.52;227,5546;33,4915;15,90024;0;0,997881;0,0055291;0,000778636; 20; 0.113000;RXC J1510.1+3330; 5.850329;0,229441;1
 214;PSZ2 G053.55-29.85;318,5154;2,5707; 6.44241;0;0,984947;0,0149743;0,0049854; 21; 0.049400;RXC J2113.8+0233; 1.796174;0,182032;1
 215;PSZ2 G053.63-41.84;328,5449;-4,0019; 4.75624;0;0,998619;0,0029466;0,00146057; 21; 0.150900;RXCJ2154.2-0400; 3.257652;0,449043;0
 216;PSZ2 G053.64-34.48;322,4101;0,0733; 4.87367;0;0,910271;0,00565302;0,00288912; 20; 0.234700;RXC J2129.6+0005; 4.338452;0,506086;0
 217;PSZ2 G053.80+36.49;254,9008;31,7432; 5.16280;0;0,967551;0,00175782;0,000729475; -1;;;;;0
 218;PSZ2 G053.88-64.60;348,2367;-15,9875; 5.81609;0;0,924603;0,00154019;0,000554572; 20; 0.262000;; 4.972126;0,497616;0
 219;PSZ2 G053.99-45.06;331,3919;-5,5581; 4.68861;0;0,996329;0,00761002;0,00448127; 21; 0.058200;RXCJ2205.6-0535; 1.783753;0,271564;0
 220;PSZ2 G054.85+54.30;233,8283;34,3446; 5.19457;0;0,910691;0,00146726;0,000542708; 20; 0.234700;WHL J233.831+34.35; 4.385536;0,451735;0
 221;PSZ2 G054.95-33.39;322,118;1,5874; 7.30456;0;0,933271;0,00166707;0,000475676; 20; 0.392000;ACT-CLJ2128.4+0135; 7.323019;0,58044;1
 222;PSZ2 G054.99+53.41;234,9018;34,4313; 8.39736;0;0,974245;0,00306671;0,000616419; 20; 0.229000;RXC J1539.7+3424; 5.727959;0,383732;1
 223;PSZ2 G055.59+31.85;260,615;32,1354;14,03012;0;0,989142;0,00405814;0,000584038; 20; 0.224000;RXC J1722.4+3208; 7.778520;0,314255;1
 224;PSZ2 G055.80+32.90;259,4624;32,5608; 5.24777;0;0,973774;0,00315259;0,00145535; 21; 0.105400;RXC J1717.8+3235; 2.578606;0,298455;0
 225;PSZ2 G055.95-34.89;323,826;1,4105; 9.53946;0;0,998295;0,00455388;0,00111335; 20; 0.231000;RXC J2135.2+0125; 6.731695;0,40756;1
 226;PSZ2 G056.14+28.06;265,0748;31,603; 5.52402;0;0,997931;0,00114311;0,000582973; 20; 0.426000;WHL J265.066+31.60; 5.529974;0,546918;0
 227;PSZ2 G056.38+23.36;270,3845;30,3962; 4.84910;0;0,819752;0,000905335;0,000292634; 16;;;;;0
 228;PSZ2 G056.62+88.42;194,4923;27,7528; 5.55876;0;0,972717;0,105358;0,000961341; 13; 0.045041;; 3.295758;0,002293;0
 229;PSZ2 G056.77+36.32;255,6663;34,0511;12,73948;0;0,978099;0,00914482;0,0016826; 21; 0.095300;RXC J1702.7+3403; 4.379626;0,189833;1
 230;PSZ2 G056.79-11.60;304,741;15,1262; 8.05499;0;0,991479;0,00444592;0,000959014; 11; 0.122000;ZwCl 2016.6+1457; 4.006226;0,317473;0
 231;PSZ2 G056.93-55.08;340,8341;-9,5951;11,81756;0;0,993088;0,00313482;0,000508167; 20; 0.447000;RXC J2243.3-0935; 9.992374;0,439357;1
 232;PSZ2 G057.08-74.45;357,7826;-19,9825; 6.77588;0;0,978633;0,003881;0,00112976; 20; 0.248000;; 4.707928;0,426243;1
 233;PSZ2 G057.09+11.19;283,5194;26,483; 4.96353;0;0,990685;0,0019249;0,00085961; -1;;;;;0
 234;PSZ2 G057.25-45.34;332,9308;-3,8292;12,45863;0;0,999799;0,00389635;0,00064647; 20; 0.397000;RXC J2211.7-0349;10,503954;0,501485;1
 235;PSZ2 G057.61+34.93;257,4672;34,4613;11,62464;0;0,985566;0,00905448;0,00179262; 21; 0.080200;RXC J1709.8+3426; 3.731657;0,1826;1
 236;PSZ2 G057.73+51.58;237,1413;36,1034; 6.85405;0;0,996936;0,00210744;0,000657051; 25; 0.238200;ACO 2131; 5.586019;0,5033;1
 237;PSZ2 G057.78+52.32;236,2149;36,1219; 7.21459;0;0,983102;0,00371603;0,00105951; 21; 0.065400;A2124; 2.379446;0,211405;1
 238;PSZ2 G057.80+88.00;194,9118;27,9537;35,69822;0;0,991508;0,198444;0,00782688; 21; 0.023100;RXC J1259.7+2756; 7.165297;0,067439;1
 239;PSZ2 G057.92+27.64;266,0678;32,9986; 8.03256;0;0,950311;0,00457089;0,00135245; 21; 0.075700;RXC J1744.2+3259; 2.683969;0,213294;1
 240;PSZ2 G057.92-07.40;301,6444;18,3116; 6.74997;0;0,002011;0,00373557;0,00160941; 20;;;;;0
 241;PSZ2 G058.29+18.55;276,336;30,432;15,18053;0;0,991854;0,0152265;0,00256699; 21; 0.065000;RXC J1825.3+3026; 3.882002;0,166707;0
 242;PSZ2 G058.31+41.96;249,0508;36,0554; 4.53542;0;0,976216;0,00119623;0,000459723; -1;;;;;0
 243;PSZ2 G058.42-33.50;323,8823;3,8818; 5.03892;0;0,976409;0,00542981;0,00241995; -1;;;;;0
 244;PSZ2 G058.81-49.68;337,0708;-5,5274; 5.31049;0;0,951214;0,00207655;0,000868708; 20; 0.520000;; 6.714546;0,767381;0
 245;PSZ2 G059.18+32.91;260,2029;35,3248; 5.35068;0;0,984461;0,00201138;0,000794356; 11; 0.383000;WHL J260.275+35.32; 5.213302;0,531253;0
 246;PSZ2 G059.29+44.49;245,9901;36,9729; 5.40143;0;0,98447;0,00176267;0,000693743; 24; 0.342746;RMJ162356.7+370019.0; 5.758566;0,664973;0
 247;PSZ2 G059.47+33.06;260,0786;35,6002; 6.53476;0;0,943088;0,00103599;0,00018917; 21; 0.387000;MACSJ1720.2+3536; 6.087978;0,563484;1
 248;PSZ2 G059.52+16.23;279,3393;30,6642; 4.77966;0;0,696028;0,00160368;0,000902072; -1;;;;;0
 249;PSZ2 G059.72-46.21;334,6484;-2,9574; 4.81405;0;0,910206;0,00789838;0,00458011; 21; 0.090200;RXCJ2218.8-0258; 2.225783;0,309184;0
 250;PSZ2 G059.76+14.59;281,1949;30,2468; 4.88584;0;0,993732;0,00267649;0,000953842; -1;;;;;0
 251;PSZ2 G059.81-39.09;329,0383;1,421; 6.76988;0;0,980441;0,00373986;0,00139444; 20; 0.224000;ACO 2397; 4.991002;0,479019;1
 252;PSZ2 G060.00-18.68;312,5874;13,7469; 6.06946;0;0,951918;0,00260209;0,000778318; 20; 0.221000;; 4.584714;0,428717;1
 253;PSZ2 G060.10+15.59;280,2784;30,9322; 6.50494;0;0,998981;0,00285923;0,00105316; 20; 0.190000;; 4.666568;0,434785;0
 254;PSZ2 G060.13+11.44;284,6834;29,2857; 7.19171;0;0,996918;0,00282228;0,000916842; 10; 0.224000;; 5.528235;0,49057;0
 255;PSZ2 G060.16+64.50;221,0737;35,9376; 4.66757;0;0,999778;0,00264604;0,00162295; 24; 0.360746;RMJ144415.9+355713.1; 4.999158;0,62752;0
 256;PSZ2 G060.55+27.00;267,5745;35,0761; 5.20176;0;0,987331;0,00175826;0,000677869; 21; 0.171200;RXC J1750.2+3504; 3.480424;0,402899;0
 257;PSZ2 G061.47-14.69;310,0452;17,2001; 5.69622;0;0,996658;0,00216645;0,000969469; 21; 0.169000;RXC J2040.1+1712; 3.768758;0,372417;0
 258;PSZ2 G061.75+88.11;194,727;28,0231;10,65135;0;0,986618;0,231662;0,028445; 13; 0.043605;; 3.402263;0,63215;1
 259;PSZ2 G062.44-46.43;335,9857;-1,6169; 8.25754;0;0,950595;0,00499358;0,00127253; 21; 0.090600;RXCJ2223.8-0138; 3.466840;0,280815;1
 260;PSZ2 G062.46-21.35;316,2129;14,0347; 6.95418;0;0,99807;0,00292008;0,00111671; 21; 0.161500;RXC J2104.9+1401; 4.334959;0,372521;1
 261;PSZ2 G062.94+43.69;247,1565;39,5602;15,77931;0;0,963542;0,021663;0,00303196; 21; 0.029900;RXC J1628.6+3932; 2.872406;0,124047;1
 262;PSZ2 G063.38+53.44;234,5073;39,4147; 6.35144;0;0,875879;0,00147379;0,000458546; 24; 0.422033;RMJ153754.2+392444.8; 6.239583;0,579085;1
 263;PSZ2 G063.80+11.42;286,4733;32,5459; 6.74806;0;0,995656;0,0009985;0,00017028; 10; 0.426000;; 6.208445;0,561233;0
 264;PSZ2 G063.91-16.75;313,2398;17,8936; 5.25825;0;0,996864;0,00143961;0,000582039; 11; 0.393000;; 5.610311;0,607159;0
 265;PSZ2 G064.11-53.72;342,2958;-5,4467; 5.32064;0;0,99307;0,00155287;0,000670672; 24; 0.245236;RMJ224906.4-052710.7; 4.475352;0,494732;0
 266;PSZ2 G064.98+16.71;281,1499;35,697; 4.57037;0;0,583936;0,00134112;0,000635602; -1;;;;;0
 267;PSZ2 G065.28+44.53;246,0751;41,247; 5.18461;0;0,982668;0,00137823;0,000510332; 21; 0.182500;RXC J1624.2+4114; 3.896934;0,47159;0
 268;PSZ2 G065.32-64.84;351,3189;-12,1252; 6.15877;0;0,996806;0,00285135;0,000945054; 21; 0.085200;RXCJ2325.3-1207; 2.483537;0,240984;1
 269;PSZ2 G065.35-08.01;306,5168;24,1352; 5.82943;0;0,001099;0,00251008;0,00109666; -1;;;;;0
 270;PSZ2 G065.45+78.10;204,818;33,0102; 4.79796;0;0,960436;0,000812847;0,000233125; 30; 0.273000;GMBCG J204.74580+32.97396; 4.065760;0,512691;0
 271;PSZ2 G065.79+41.80;249,7168;41,599; 5.21985;0;0,882149;0,00121911;0,00043587; 20; 0.336000;WHL J249.716+41.62; 5.225000;0,561617;0
 272;PSZ2 G065.81-83.77;7,1504;-23,6319; 5.61178;0;0,970476;0,00281402;0,00116123; 21; 0.112000;RXCJ0028.6-2338; 2.831822;0,321305;0
 273;PSZ2 G065.89+31.59;263,2231;40,6419; 5.36420;0;0,824008;0,00336978;0,00116428; 25; 0.132900;ACO 2272; 2.736139;0,358163;0
 274;PSZ2 G066.01-23.30;319,8934;15,4112; 5.73578;0;0,833459;0,00414613;0,00159021; 11; 0.248000;; 4.345807;0,538649;0
 275;PSZ2 G066.19+12.86;286,067;35,2697; 5.89245;0;0,987887;0,00107063;0,000289122; 10; 0.246200;; 4.436603;0,460268;0
 276;PSZ2 G066.26+20.82;276,8511;38,2587; 5.15818;0;0,992926;0,000917734;0,000293001; 20; 0.278000;; 4.134477;0,482115;0
 277;PSZ2 G066.34+26.14;270,3078;39,8546; 5.63197;0;0,964314;0,00106219;0,000358102; 16;;;;;0
 278;PSZ2 G066.41+27.03;269,2019;40,1327; 8.79017;0;0,995417;0,00120579;0,00016231; 11; 0.576000;WHL J269.219+40.13; 7.698463;0,518404;1
 279;PSZ2 G066.59-58.51;346,8558;-7,5423; 5.01411;0;0,911135;0,00106457;0,000380742; -1;;;;;0
 280;PSZ2 G066.68+68.44;215,432;37,2821; 7.06509;0;0,945194;0,00286325;0,000826451; 24; 0.163008;RMJ142140.1+371728.7; 3.788265;0,318338;1
 281;PSZ2 G066.76-08.42;307,7696;25,0448; 4.81270;0;0,915813;0,00187317;0,000947193; -1;;;;;0
 282;PSZ2 G066.85+22.48;275,0416;39,2985; 4.88061;0;0,948468;0,000855568;0,000289236; 16;;;;;0
 283;PSZ2 G067.17+67.46;216,5032;37,816;17,8133;0;0,990353;0,00495366;0,000590582; 20; 0.171200;RXC J1426.0+3749; 7.235890;0,258205;1
 284;PSZ2 G067.21-20.49;318,3645;18,0579; 4.51388;0;0,752169;0,00167265;0,000759546; -1;;;;;0
 285;PSZ2 G067.36+10.74;289,0095;35,4126;10,91819;0;0,988421;0,0029865;0,000558534; 21; 0.209000;RXC J1916.1+3525; 6.225169;0,345624;0
 286;PSZ2 G067.52+34.75;259,3134;42,4618; 8.43776;0;0,991204;0,00182903;0,000518344; 20; 0.175400;RXC J1717.3+4226; 4.537866;0,337382;1
 287;PSZ2 G067.72-24.13;321,5994;16,0812; 4.68072;0;0,905427;0,00089062;0,000259163; -1;;;;;0
 288;PSZ2 G067.89-32.29;328,0099;10,8046; 4.99316;0;0,986667;0,00116785;0,000396486; 13; 0.194480;; 3.842075;0,472208;0
 289;PSZ2 G068.22+15.18;284,3945;38,005; 8.22624;0;0,967775;0,0113776;0,00264563; 21; 0.056700;RXC J1857.6+3800; 2.174992;0,15647;1
 290;PSZ2 G068.36+81.81;200,6946;31,6565; 8.99457;0;0,938877;0,00191183;0,000434187; 20; 0.308300;RXC J1322.8+3138; 6.600488;0,422163;1
 291;PSZ2 G068.49-39.12;333,428;6,5331; 4.81011;0;0,955928;0,00329076;0,00171196; 24; 0.390731;RMJ221345.3+063210.5; 5.383282;0,670964;0
 292;PSZ2 G068.61-46.60;338,9268;1,4494; 5.55703;0;0,99426;0,00425318;0,00138314; 21; 0.059400;RXCJ2235.6+0128; 1.929044;0,208892;0
 293;PSZ2 G069.35-15.58;315,6864;22,736; 4.57261;0;0,995976;0,00274759;0,00157969; 16;;;;;0
 294;PSZ2 G069.39+68.05;215,4044;38,3613; 4.50803;0;0,964021;0,00107859;0,000444609; 16;;;;;0
 295;PSZ2 G069.47-29.06;326,5036;13,9876; 5.14324;0;0,996376;0,00127186;0,000475746; -1;;;;;0
 296;PSZ2 G069.66-79.26;3,6923;-20,4149; 7.25631;0;0,959367;0,00171942;0,000453635; 20; 0.317000;; 5.917576;0,457808;1
 297;PSZ2 G069.92-18.90;318,8035;21,0309; 6.18567;0;0,985928;0,0017939;0,000489784; 11; 0.308000;WHL J318.790+21.01; 5.562441;0,486533;1
 298;PSZ2 G070.08-31.79;328,9194;12,515; 7.35683;0;0,965803;0,00169857;0,00045312; 21; 0.192000;RXC J2155.6+1232; 4.956602;0,419521;1
 299;PSZ2 G070.89+49.26;239,1791;44,6533; 5.74976;0;0,98871;0,00143376;0,000479208; 11; 0.610000;; 6.460897;0,653292;0
 300;PSZ2 G071.21+28.86;268,013;44,6695; 9.32113;0;0,987761;0,00142792;0,000281412; 20; 0.366000;RXC J1752.0+4440; 6.747450;0,437761;1
 301;PSZ2 G071.39+59.54;225,3359;42,3464; 8.57915;0;0,949516;0,00169115;0,000451342; 21; 0.291700;RXC J1501.3+4220; 5.869359;0,419794;1
 302;PSZ2 G071.63+29.78;266,8257;45,1899; 8.71285;0;0,968729;0,00411999;0,000987368; 21; 0.156500;RXC J1747.2+4512; 4.130355;0,2882;1
 303;PSZ2 G071.67-42.76;337,725;5,7015; 8.63493;0;0,009084;0,00507502;0,00110104; -1;;;;;0
 304;PSZ2 G071.82-56.55;347,3865;-4,1583; 4.78345;0;0,861846;0,000820485;0,000220332; 16;;;;;0
 305;PSZ2 G072.40-78.45;3,4305;-19,4862; 6.82875;0;0,995946;0,00319773;0,000900308; 21; 0.094000;RXCJ0013.6-1930; 2.756623;0,233331;1
 306;PSZ2 G072.59-43.25;338,5628;5,8108; 7.23265;0;0,999747;0,00259168;0,000932318; 20; 0.159000;ACO 2454; 4.287392;0,374735;0
 307;PSZ2 G072.62+41.46;250,0941;46,7103;27,43035;0;0,994017;0,0121415;0,000942547; 20; 0.228000;RXC J1640.3+4642;11,691892;0,250056;1
 308;PSZ2 G072.79-18.73;320,5963;23,1867;13,98702;0;0,990343;0,00622373;0,00088732; 20; 0.143000;ZwCl 2120.1+2256; 6.169773;0,234918;0
 309;PSZ2 G072.80-41.12;337,1937;7,46; 4.64083;0;0,971833;0,00250447;0,00131598; 24; 0.372969;RMJ222850.0+072735.1; 5.161725;0,683461;0
 310;PSZ2 G072.96-12.26;315,3095;27,5524; 4.58600;0;0,83954;0,00218918;0,00133539; -1;;;;;0
 311;PSZ2 G073.31+67.52;215,1737;39,9245; 6.40328;0;0,983478;0,00180083;0,000703542; 11; 0.609000;WHL J215.168+39.91; 6.744055;0,553972;1
 312;PSZ2 G073.38-80.01;4,7635;-20,4202; 7.53794;0;0,998375;0,00327327;0,00105738; 21; 0.277300;RXC J0019.0-2026; 5.607659;0,467645;1
 313;PSZ2 G073.64+36.50;257,3829;47,5475; 5.41557;0;0,986434;0,00089809;0,000239138; 20; 0.560000;; 6.050735;0,615392;0
 314;PSZ2 G073.82-54.92;347,0909;-2,1956; 6.96300;0;0,956296;0,0022684;0,000709294; 20; 0.296600;RXC J2308.3-0211; 5.520188;0,512898;1
 315;PSZ2 G073.97-27.82;328,4233;17,6986;19,09002;0;0,994711;0,00704834;0,000682581; 20; 0.232900;RXC J2153.5+1741; 9.799098;0,272814;1
 316;PSZ2 G074.08-54.68;347,046;-1,9213; 6.09968;0;0,882891;0,00294602;0,000850966; 11; 0.304700;RXC J2308.3-0155; 5.396809;0,495036;0
 317;PSZ2 G074.37+71.11;210,9114;38,4697; 5.73757;0;0,895826;0,00162615;0,000792879; 24; 0.484519;RMJ140344.1+382703.9; 5.752661;0,52704;0
 318;PSZ2 G074.75-24.59;326,5373;20,4778; 7.22880;0;0,822255;0,00409568;0,00111211; 20; 0.250000;ZwCl 2143.5+2014; 5.025205;0,44941;1
 319;PSZ2 G075.08+19.83;281,6991;45,7759; 5.73798;0;0,912736;0,00135749;0,000406852; -1;;;;;0
 320;PSZ2 G075.11-58.83;350,2344;-4,6444; 4.56968;0;0,89851;0,00192436;0,000903288; 24; 0.189212;RMJ232054.2-043402.4; 3.343928;0,446615;0
 321;PSZ2 G075.30+37.21;256,347;48,8897; 5.19652;0;0,999872;0,00197614;0,000889917; 30; 0.269100;NSC J170525+485359; 4.502697;0,50532;0
 322;PSZ2 G075.71+13.51;290,2899;43,9749;48,98511;0;0,993855;0,0783094;0,00589608; 21; 0.055700;RXC J1921.1+4357; 8.735104;0,113267;1
 323;PSZ2 G075.85+15.53;287,7883;44,9173; 4.63607;0;0,996641;0,00230797;0,00163919; 16;;;;;0
 324;PSZ2 G076.18-47.30;343,1583;4,4977; 5.38230;0;0,849308;0,00157908;0,000544173; 14; 0.666000;; 6.333331;0,688514;0
 325;PSZ2 G076.44+23.53;277,0514;48,06; 6.01971;0;0,96676;0,00185425;0,000571525; 11; 0.169000;; 3.133843;0,323247;1
 326;PSZ2 G076.51+21.73;279,6574;47,6284; 4.68689;0;0,990972;0,00134052;0,000680854; -1;;;;;0
 327;PSZ2 G076.55+60.29;223,0302;44,4554; 5.42086;0;0,879582;0,00159596;0,000614924; 16;;;;;0
 328;PSZ2 G076.81-32.57;333,6922;15,9245; 4.68467;0;0,917611;0,00124679;0,000578897; -1;;;;;0
 329;PSZ2 G077.20-65.45;355,3344;-9,0186; 5.05928;0;0,954316;0,00214723;0,000802357; 20; 0.251000;RXC J2341.2-0901; 4.110028;0,511425;0
 330;PSZ2 G077.67+30.59;266,7472;50,472; 5.03435;0;0,999005;0,00476743;0,00223481; -1;;;;;0
 331;PSZ2 G077.70+26.70;272,7462;49,8939; 5.20454;0;0,999643;0,00728132;0,00295526; 21; 0.050100;RXC J1811.0+4954; 1.317545;0,131418;0
 332;PSZ2 G077.90-26.63;330,2281;20,9701;11,06887;0;0,986858;0,0049707;0,00086388; 20; 0.147000;RXC J2200.8+2058; 5.061577;0,266583;1
 333;PSZ2 G078.10-83.83;8,153;-22,6781; 4.86867;0;0,830799;0,00273889;0,00107183; 16;;;;;0
 334;PSZ2 G078.36-47.22;344,255;5,5029; 5.46857;0;0,906634;0,00220866;0,00100685; 21; 0.169600;A2507; 3.700373;0,421944;0
 335;PSZ2 G078.67+20.06;282,979;49,044; 7.69521;0;0,998178;0,000831019;0,000106883; 20; 0.450000;; 5.196190;0,366902;1
 336;PSZ2 G079.35+28.35;270,5783;51,6226; 5.87768;0;0,971681;0,00275184;0,00103971; 20; 0.204000;ZwCl 1801.2+5136; 3.774629;0,428217;0
 337;PSZ2 G079.36+38.06;254,8539;52,0757; 4.94709;0;0,997657;0,0014568;0,000630759; -1;;;;;0
 338;PSZ2 G079.88+14.97;290,7956;48,2555; 5.62618;0;0,94032;0,000784413;0,000180069; 11; 0.099800;; 2.321968;0,302969;0
 339;PSZ2 G080.16+57.65;225,2369;47,2874; 7.84710;0;0,72725;0,00424976;0,00122673; 20; 0.087800;ACO 2018; 2.512724;0,203773;1
 340;PSZ2 G080.37+14.64;291,5468;48,5562; 8.14551;0;0,994926;0,00396355;0,00110747; 21; 0.098000;RXC J1926.1+4833; 3.096608;0,191892;1
 341;PSZ2 G080.41-33.24;336,5396;17,3767; 8.68015;0;0,984726;0,00333852;0,000902037; 20; 0.107200;RXC J2226.0+1722; 3.774048;0,266256;1
 342;PSZ2 G080.55-24.82;330,855;23,9105; 5.13550;0;0,905953;0,000859055;0,000214456; 24; 0.266227;RMJ220325.8+235418.7; 4.279973;0,504392;0
 343;PSZ2 G080.64+64.31;216,8313;44,1308; 5.30269;0;0,951602;0,000958789;0,000364103; 24; 0.502080;RMJ142716.1+440730.6; 5.225707;0,570539;0
 344;PSZ2 G080.65-46.81;345,2399;6,7827; 7.69433;0;0,973282;0,0107537;0,00317389; 20; 0.042000;RBS 1929; 1.955792;0,170943;1
 345;PSZ2 G080.70+48.31;238,2988;51,1483; 4.66116;0;0,978806;0,00195179;0,00098312; 21; 0.235400;RXC J1553.3+5107; 3.198215;0,410853;0
 346;PSZ2 G081.00-50.93;347,8982;3,6287;10,07041;0;0,976402;0,00376202;0,000857791; 20; 0.299800;RXC J2311.5+0338; 7.483999;0,412306;1
 347;PSZ2 G081.02+50.57;234,8082;50,6137; 4.76356;0;0,929264;0,00248253;0,00159245; 24; 0.500574;RMJ153906.4+503644.9; 4.691208;0,548593;0
 348;PSZ2 G081.22-41.95;342,6027;10,914; 5.49883;0;0,962773;0,00316529;0,00129252; 21; 0.076800;RXC J2250.3+1054; 2.237844;0,269264;0
 349;PSZ2 G081.31-68.56;358,5691;-10,4452; 7.78224;0;0,941892;0,00469194;0,00137709; 21; 0.076500;RXCJ2354.2-1024; 2.761984;0,216913;1
 350;PSZ2 G081.56+26.51;274,0962;53,2489; 5.31120;0;0,933925;0,00150551;0,000643488; 21; 0.276400;RXC J1816.4+5314; 4.014786;0,472767;0
 351;PSZ2 G081.60+18.47;286,7628;51,1126; 5.57701;0;0,989736;0,00100494;0,000345435; -1;;;;;0
 352;PSZ2 G081.72+70.15;210,0995;41,0129; 5.48548;0;0,990016;0,00184385;0,000662327; 24; 0.250479;RMJ140026.7+410140.5; 4.160481;0,415723;0
 353;PSZ2 G082.06+27.23;273,0413;53,8117; 5.32967;0;0,997595;0,000981434;0,000369621; -1;;;;;0
 354;PSZ2 G082.31-67.00;357,9402;-8,9667; 6.13725;0;0,844463;0,00120534;0,000445721; 20; 0.393900;WHL J357.962-8.991; 5.901285;0,54667;0
 355;PSZ2 G082.37+22.35;281,1318;53,0125; 5.92958;0;0,995061;0,00144434;0,000537967; 16;;;;;0
 356;PSZ2 G082.88-75.10;2,9823;-15,3987; 4.94476;0;0,754787;0,00121237;0,0004691; 21; 0.378000;MACSJ0011.7-1523; 5.062408;0,578726;0
 357;PSZ2 G083.14+66.57;213,4445;43,6523; 5.38624;0;0,777745;0,00111423;0,000411369; 21; 0.089000;RXC J1413.7+4339; 2.074912;0,247524;0
 358;PSZ2 G083.29-31.03;337,1296;20,6221; 9.53159;0;0,979786;0,00266276;0,000491374; 20; 0.412000;RXC J2228.6+2036; 8.266169;0,431711;1
 359;PSZ2 G083.56+24.90;277,386;54,6932; 6.12611;0;0,986519;0,000934044;0,000277793; 16;;;;;1
 360;PSZ2 G083.85-55.43;351,9063;0,9419; 5.27956;0;0,966203;0,0019006;0,000985213; 24; 0.302061;RMJ232731.9+005634.1; 4.916154;0,493899;0
 361;PSZ2 G083.86+85.09;196,4623;30,8931; 8.04678;0;0,992496;0,00266163;0,00077199; 20; 0.183200;RXC J1305.9+3054; 4.657857;0,329968;1
 362;PSZ2 G084.10+58.72;222,3158;48,5589; 4.98999;0;0,815033;0,000866549;0,000324136; 11; 0.731000;; 5.396077;0,61852;0
 363;PSZ2 G084.13-35.41;340,4853;17,5233; 6.15549;0;0,988467;0,00282981;0,0011281; 20; 0.313700;RXC J2241.8+1732; 5.496043;0,567185;1
 364;PSZ2 G084.15-08.63;320,9363;38,1347; 4.82442;0;0,004021;0,00154356;0,00054442; -1;;;;;0
 365;PSZ2 G084.19-47.48;347,6028;7,649; 5.45028;0;0,969031;0,0089966;0,00250774; 21; 0.042400;RXC J2310.4+0734; 1.482585;0,19258;0
 366;PSZ2 G084.41-12.43;324,4641;35,5818; 7.53384;0;0,999406;0,00568306;0,00197236; 11; 0.273000;; 5.234128;0,452927;0
 367;PSZ2 G084.47+12.63;297,0788;51,2395; 9.47548;0;0,99942;0,00276658;0,0007186; 21; 0.185000;RXC J1948.3+5113; 4.866704;0,321165;0
 368;PSZ2 G084.50+31.35;266,2816;56,3773; 4.55117;0;0,939007;0,00157142;0,000878097; 30; 0.323600;WHL J174520.4+562349; 4.189792;0,550442;0
 369;PSZ2 G084.62-15.86;327,4323;33,1728; 6.37508;0;0,998814;0,00126364;0,000369642; 10; 0.367300;; 5.742656;0,534745;0
 370;PSZ2 G084.69+42.28;246,7659;55,4802; 6.41603;0;0,892801;0,00272077;0,000975525; 20; 0.130000;RXC J1626.9+5528; 2.699005;0,256941;1
 371;PSZ2 G084.69-58.60;354,0406;-1,4336; 4.73962;0;0,992216;0,000808851;0,00020772; -1;;;;;0
 372;PSZ2 G084.81-62.18;356,0657;-4,3899; 9.49554;0;0,946628;0,00737949;0,00157689; 21; 0.078600;RXCJ2344.2-0422; 3.116566;0,176734;1
 373;PSZ2 G084.82+20.66;285,0061;54,6999; 6.05770;0;0,856361;0,000728711;0,000174899; 10; 0.367000;; 4.487420;0,451654;1
 374;PSZ2 G084.85+35.05;259,5668;56,6562; 5.40425;0;0,852912;0,00283816;0,00102867; 21; 0.113800;RXC J1718.1+5639; 2.428706;0,266572;0
 375;PSZ2 G085.23+39.42;251,6292;56,4674; 6.05434;0;0,998257;0,00252075;0,000925136; 30; 0.256500;ABELL 2231; 3.880941;0,373269;1
 376;PSZ2 G085.72+10.66;300,7763;51,3495; 6.18485;0;0,999914;0,00420872;0,00129848; 11; 0.080500;; 2.238015;0,190893;0
 377;PSZ2 G085.82+35.44;258,7587;57,4205; 5.55610;0;0,962288;0,00423668;0,00141897; 21; 0.027600;RXC J1715.3+5724; 1.010239;0,117218;0
 378;PSZ2 G085.95+25.23;277,6164;56,8823; 5.54647;0;0,983645;0,000800164;0,000281445; 16;;;;;0
 379;PSZ2 G085.98+26.69;274,9946;57,1685; 9.33911;0;0,976442;0,00457076;0,00110526; 20; 0.179000;RXC J1819.9+5710; 3.925199;0,204876;1
 380;PSZ2 G086.07-41.99;345,6385;12,9523; 4.78100;0;0,992272;0,000850553;0,000196129; -1;;;;;0
 381;PSZ2 G086.28+74.76;204,4773;38,8708; 5.06918;0;0,957591;0,0017496;0,000676871; 16;;;;;0
 382;PSZ2 G086.35-13.94;327,4345;35,7104; 5.42270;0;0,412787;0,00151568;0,000709359; -1;;;;;0
 383;PSZ2 G086.43-24.95;335,5578;27,143; 4.82033;0;0,925378;0,00113657;0,000489962; 24; 0.231476;RMJ222212.5+270837.0; 3.810165;0,486987;0
 384;PSZ2 G086.47+15.31;294,5545;54,1735;16,46072;0;0,984365;0,00520814;0,000704877; 21; 0.260000;RXC J1938.3+5409; 7.577957;0,287614;0
 385;PSZ2 G086.54-26.67;336,7802;25,8145; 5.80904;0;0,941308;0,00120183;0,000368733; 20; 0.165000;RXC J2226.8+2550; 3.454730;0,381233;0
 386;PSZ2 G086.58+73.11;205,875;40,1328; 5.12090;0;0,946777;0,00155008;0,000610759; 25; 0.221900;ZwCl 1341.2+4022; 3.831496;0,486558;0
 387;PSZ2 G086.62+30.26;268,474;58,129; 7.37537;0;0,944687;0,00187554;0,000616705; 21; 0.226300;RXC J1754.0+5805; 4.332966;0,355457;1
 388;PSZ2 G086.73-61.16;356,2862;-3,0427; 4.82253;0;0,960561;0,00269892;0,00100353; 24; 0.354699;RMJ234517.1-030238.9; 4.372104;0,673636;0
 389;PSZ2 G086.85-81.39;7,4785;-20,0748; 5.34641;0;0,886304;0,00124571;0,000418579; 16;;;;;0
 390;PSZ2 G086.93+53.18;228,4787;52,7984; 6.00822;0;0,885458;0,000846063;0,000271456; 20; 0.675200;WHL J228.466+52.83; 5.447551;0,503487;0
 392;PSZ2 G087.03+22.49;282,9449;57,2018; 4.66392;0;0,981903;0,000567715;0,000180191; 21; 0.109400;RXC J1852.1+5711; 1.795425;0,249439;0
 391;PSZ2 G087.03-57.37;354,4319;0,2682;11,18705;0;0,990909;0,00444121;0,000835625; 20; 0.277900;RXC J2337.6+0016; 7.329300;0,38147;1
 393;PSZ2 G087.25-41.86;346,3217;13,54; 7.13824;0;0,001066;0,00240889;0,00052937; 10; 0.048100;; 1.698150;0,175675;0
 395;PSZ2 G087.39+50.92;231,569;54,1431; 5.80915;0;0,905944;0,00151318;0,000527281; 14; 0.748000;; 5.157697;0,527331;0
 394;PSZ2 G087.39-34.58;342,3068;19,7139; 4.62332;0;0,971922;0,00734312;0,00428746; 16;;;;;0
 396;PSZ2 G087.44-21.56;334,0988;30,4251; 4.80560;0;0,974339;0,00144424;0,000525671; 24; 0.257701;RMJ221622.7+302612.9; 4.146400;0,498175;0
 397;PSZ2 G088.53+41.18;247,3887;58,5338; 5.01677;0;0,998301;0,00157242;0,000753649; 21; 0.132900;RXC J1629.7+5831; 2.561522;0,328928;0
 398;PSZ2 G088.83-12.99;328,9823;37,9996;11,06742;1;0,604867;0,00242037;0,000498154; 20; 0.292000;ClG 2153.8+3746; 7.831028;0,426012;0
 399;PSZ2 G088.98+55.07;224,7806;52,802; 4.71200;0;0,964439;0,000518252;0,000110009; 20; 0.702346;; 4.915402;0,597907;0
 400;PSZ2 G089.06-11.79;328,2215;39,0646; 5.71643;0;0,853146;0,00220554;0,000774991; -1;;;;;0
 401;PSZ2 G089.39+69.36;208,4259;43,4835; 4.95889;0;0,976643;0,00117557;0,000500045; 14; 0.680000;; 5.749763;0,702513;0
 402;PSZ2 G089.46-58.09;355,9172;0,3021; 6.25573;0;0,949339;0,0013996;0,000407726; 25; 0.270000;ZwCl 2341.1+0000; 5.183413;0,429818;1
 403;PSZ2 G089.52+62.34;215,5299;48,4769; 6.60505;0;0,984139;0,00404903;0,00111911; 24; 0.070077;RMJ142210.2+483414.7; 1.828382;0,186225;1
 404;PSZ2 G089.81-39.56;346,8006;16,5098; 6.85355;0;0,996504;0,00389119;0,00136672; 20; 0.250200;RXC J2307.0+1631; 6.062336;0,520372;0
 405;PSZ2 G089.99-43.91;349,1768;12,8125; 4.86368;0;0,990761;0,00122488;0,000474476; 24; 0.523709;RMJ231643.0+124654.6; 6.277305;0,743039;0
 406;PSZ2 G090.04+34.09;260,8373;60,9841; 5.44137;0;0,97427;0,000620787;0,000162189; 30; 0.267000;NSC J172316+610027; 3.574059;0,365707;0
 407;PSZ2 G090.12-13.87;330,9179;38,0895; 4.86867;0;0,989641;0,00285555;0,00135469; -1;;;;;0
 408;PSZ2 G090.62+33.52;261,9436;61,5086; 6.34438;0;0,990547;0,00108629;0,000309342; 20; 0.307000;ZwCl 1726.9+6132; 4.385515;0,36886;1
 409;PSZ2 G090.66-52.34;353,73;5,666; 5.95241;0;0,988108;0,0028242;0,00127101; 24; 0.196717;RMJ233500.9+053557.0; 4.318932;0,426256;0
 410;PSZ2 G091.27-38.62;347,3346;17,8953; 5.52388;0;0,031245;0,00152138;0,000534249; -1;;;;;0
 411;PSZ2 G091.40-51.01;353,5028;7,0573; 5.49507;0;0,95655;0,00356289;0,00154664; 21; 0.099000;RXC J2334.0+0704; 2.682528;0,304661;0
 412;PSZ2 G091.56+08.50;309,0663;54,9836; 4.77357;0;0,997767;0,00240486;0,0009166; -1;;;;;0
 413;PSZ2 G091.79-27.00;341,3603;28,1444; 6.97662;0;0,999269;0,00264699;0,000692349; 24; 0.361735;RMJ224527.7+280900.8; 6.312871;0,474289;1
 414;PSZ2 G091.83+26.11;277,7835;62,2481;10,48808;0;0,98803;0,00102933;0,000127375; 10; 0.822000;; 7.431430;0,406395;1
 415;PSZ2 G092.11-33.73;345,4059;22,4833; 5.81424;0;0,033032;0,00318954;0,000999484; -1;;;;;0
 416;PSZ2 G092.16-66.01;0,7878;-6,0722; 9.34780;0;0,993103;0,00440664;0,000954066; 20; 0.232000;RXC J0003.1-0605; 5.957353;0,368165;1
 417;PSZ2 G092.30-55.75;356,1758;3,0936; 4.81067;0;0,975892;0,00172936;0,000845704; 11; 0.349000;ZwCl 2341.8+0251; 5.136878;0,654356;0
 418;PSZ2 G092.34+14.22;301,0281;58,7276; 5.54076;0;0,996592;0,000829156;0,000364318; -1;;;;;0
 419;PSZ2 G092.46-35.22;346,4589;21,3244; 6.72739;0;0,014924;0,00523999;0,00192746; -1;;;;;0
 420;PSZ2 G092.64+20.78;289,1859;61,6802; 5.12186;0;0,922934;0,000755905;0,000287772; -1;;;;;0
 421;PSZ2 G092.69+59.92;216,6347;51,2521; 4.90125;0;0,957208;0,00252427;0,00138816; -1;;;;;0
 422;PSZ2 G092.71+73.46;203,8014;41,0004;17,62787;0;0,993233;0,00608506;0,000680894; 20; 0.227900;RXC J1335.3+4059; 8.126019;0,262961;1
 423;PSZ2 G093.04-32.38;345,4276;24,0403; 6.03185;0;0,005875;0,00364696;0,00115983; -1;;;;;0
 424;PSZ2 G093.41-16.26;335,9786;38,007; 4.59080;0;0,921691;0,00129714;0,00055093; -1;;;;;0
 425;PSZ2 G093.42-43.21;351,0862;14,6075; 6.34930;0;0,930375;0,0096352;0,00256826; 21; 0.042800;A2593; 1.819961;0,174677;1
 426;PSZ2 G093.71-30.90;345,1839;25,6114; 5.00123;0;0,001304;0,00195513;0,000662467; -1;;;;;0
 427;PSZ2 G093.92+34.92;258,1845;64,059;26,50315;0;0,99351;0,0202546;0,00152738; 21; 0.080900;RXC J1712.7+6403; 5.382814;0,058649;1
 428;PSZ2 G093.93-82.22;8,8501;-20,2708; 8.70044;0;0,995283;0,00248051;0,000541679; 21; 0.352000;MACSJ0035.4-2015; 7.006990;0,449905;1
 429;PSZ2 G093.94+13.75;303,3307;59,834; 4.88971;0;0,000135;0,000909702;0,000310097; -1;;;;;0
 430;PSZ2 G093.94-38.82;349,3656;18,701; 7.64744;0;0,961575;0,0128143;0,00272891; 21; 0.042200;A2572a; 2.219411;0,175531;1
 431;PSZ2 G094.00+27.41;275,4864;64,3488;13,77782;0;0,988176;0,00204531;0,000292043; 20; 0.331500;H1821+643 Cluster; 6.776592;0,262317;1
 432;PSZ2 G094.31-11.31;333,2399;42,5788; 4.72450;0;0,995542;0,000879997;0,000227648; -1;;;;;0
 433;PSZ2 G094.44+36.13;255,2898;64,2391; 5.11120;0;0,824782;0,000641704;0,000248534; 21; 0.453000;BVH2007 211; 4.085831;0,423724;0
 434;PSZ2 G094.46-69.65;3,203;-8,9505; 5.76871;0;0,976735;0,00111965;0,00028433; 24; 0.352111;RMJ001257.7-085829.5; 5.450527;0,546368;0
 435;PSZ2 G094.56+51.03;227,0614;57,8918; 7.76994;0;0,961589;0,00109986;0,000284925; 20; 0.539200;WHL J227.050+57.90; 5.867250;0,437587;1
 436;PSZ2 G094.61-41.24;350,9896;16,7655; 5.53902;0;0,940176;0,0106247;0,00464949; 21; 0.041600;A2589; 1.764304;0,225754;0
 437;PSZ2 G094.69+26.36;278,1049;64,8278; 7.72290;0;0,987958;0,00318826;0,00077229; 21; 0.162300;RXC J1832.5+6449; 3.072615;0,222277;1
 438;PSZ2 G095.00-37.14;349,3564;20,5736; 4.92711;0;0,006475;0,00143444;0,00049445; -1;;;;;0
 439;PSZ2 G095.22+67.41;207,8526;46,3557; 4.77328;0;0,949125;0,00265261;0,000951615; 21; 0.062500;RXC J1351.7+4622; 1.501908;0,205194;0
 440;PSZ2 G095.29+44.13;238,1346;62,0545; 6.24279;0;0,966578;0,00166194;0,00057293; 13; 0.330785;; 4.034956;0,331471;1
 441;PSZ2 G095.39+14.43;303,6203;61,3891; 7.47705;0;0,989747;0,00307166;0,000762328; 11; 0.119000;; 3.179100;0,191226;0
 442;PSZ2 G095.49+16.41;300,0389;62,444; 6.25610;0;0,999777;0,00100861;0,000351414; 20; 0.300000;; 4.718108;0,475623;1
 443;PSZ2 G095.65-50.01;355,5089;9,1432; 5.70084;1;0,000398;0,00500309;0,00182785; 24; 0.488066;RMJ234213.7+091404.1; 6.000246;0,574939;0
 444;PSZ2 G095.75-11.16;334,7028;43,5134; 5.32545;0;0,000854;0,00212235;0,00147701; -1;;;;;0
 445;PSZ2 G096.10+12.46;307,8286;60,9109; 5.08754;0;0,047561;0,00383309;0,00135023; -1;;;;;0
 446;PSZ2 G096.14+56.24;218,8388;55,1413; 6.58087;0;0,974435;0,00400886;0,00148181; 24; 0.139773;RMJ143528.5+550752.3; 2.771250;0,235886;1
 447;PSZ2 G096.43-20.89;342,0362;35,556; 5.80509;0;0,985741;0,00337613;0,00114513; -1;;;;;0
 448;PSZ2 G096.77-50.29;356,2845;9,1809; 5.43034;0;0,899787;0,0050409;0,00174182; 21; 0.040000;RXC J2344.9+0911; 1.471990;0,180207;0
 449;PSZ2 G096.78-50.20;356,2514;9,2678; 4.67218;0;0,882291;0,0053613;0,00206324; 13; 0.068723;; 2.002929;0,23309;0
 450;PSZ2 G096.83+52.49;223,2488;58,0366; 7.37511;0;0,890252;0,00157782;0,000430234; 21; 0.317900;RXC J1452.9+5802; 4.924279;0,377383;1
 451;PSZ2 G096.88+24.18;284,1704;66,3779; 8.11239;0;0,980179;0,00102062;0,000234923; 20; 0.300000;ZwCl 1856.8+6616; 4.689639;0,297043;1
 452;PSZ2 G096.99-53.64;357,7423;6,1544; 5.65452;0;0,983746;0,00323352;0,00126951; 21; 0.056200;RXC J2350.8+0609; 1.856202;0,210473;0
 453;PSZ2 G097.15+39.20;246,9034;65,3963; 5.59471;0;0,967051;0,00185212;0,000690766; 30; 0.205800;ABELL 2207; 2.944873;0,296941;0
 454;PSZ2 G097.37-17.11;340,6789;39,2821; 4.73978;0;0,962499;0,00119913;0,000531406; -1;;;;;0
 455;PSZ2 G097.52+51.70;223,8162;58,8752; 5.69920;0;0,98615;0,000645251;0,000186198; 14; 0.700000;; 5.179367;0,497387;0
 456;PSZ2 G097.52-14.89;339,3765;41,2784; 5.50372;0;0,99209;0,00822721;0,00370672; 20;;;;;0
 457;PSZ2 G097.72+38.12;248,9776;66,2023;22,77627;0;0,996301;0,0058816;0,000562585; 21; 0.170900;RXC J1635.8+6612; 6.585151;0,159879;1
 458;PSZ2 G097.78+46.95;231,0525;62,0227; 4.50888;0;0,990688;0,00478293;0,00282369; 20; 0.337800;ACO 2077; 3.428005;0,455388;0
 459;PSZ2 G097.94+19.43;296,0804;65,8457; 6.39656;0;0,994844;0,00207505;0,000552755; 10; 0.245000;4C 65.28; 3.983875;0,300475;1
 460;PSZ2 G098.10+30.30;268,6368;68,0406;10,17601;0;0,986275;0,00477118;0,000960022; 21; 0.077000;RXC J1754.6+6803; 2.397326;0,141346;1
 461;PSZ2 G098.30-41.15;353,5972;18,0003; 6.02218;0;0,986657;0,00474711;0,0028113; 20; 0.436000;WHL J353.600+17.98; 7.049448;0,581313;1
 462;PSZ2 G098.38+77.22;199,6059;38,5853; 5.50989;0;0,980933;0,00104189;0,000328425; -1;;;;;0
 463;PSZ2 G098.39+57.68;215,5698;54,9011; 5.07972;0;0,856977;0,000633562;0,000150851; -1;;;;;0
 464;PSZ2 G098.44+56.59;216,7791;55,7497; 6.62761;0;0,949545;0,00348558;0,00136967; 24; 0.131838;RMJ142724.6+554500.0; 2.828180;0,281761;1
 465;PSZ2 G098.62+51.76;222,8271;59,3306; 4.53774;0;0,919964;0,000791057;0,000348969; -1;;;;;0
 466;PSZ2 G098.64+23.20;287,585;67,71; 4.67415;0;0,958646;0,00107616;0,000453349; 21; 0.247100;RXC J1910.4+6741; 3.390972;0,451926;0
 467;PSZ2 G098.67-07.04;334,8563;48,5396; 6.29881;0;0,927808;0,00225922;0,000611066; 15;;;;;0
 468;PSZ2 G098.75-28.63;348,441;29,6117; 4.74115;0;0,067806;0,00126114;0,000399489; 16;;;;;0
 469;PSZ2 G098.97+24.86;283,4647;68,3773; 9.56377;0;0,997213;0,00184465;0,000432666; 21; 0.092800;RXC J1853.9+6822; 2.583254;0,155125;1
 470;PSZ2 G099.24+42.54;238,0378;65,3405; 4.50267;0;0,929188;0,0012505;0,000625484; 30; 0.223100;NSC J155245+652132; 2.802261;0,382507;0
 471;PSZ2 G099.30+20.92;293,8082;67,5906; 8.46920;0;0,967599;0,00385366;0,0010958; 21; 0.170600;RXC J1935.3+6734; 3.921021;0,22816;1
 472;PSZ2 G099.38+25.19;282,7519;68,8065; 6.56803;0;0,996357;0,000692915;0,000215558; 20; 0.350000;; 4.244147;0,333486;0
 474;PSZ2 G099.48+37.72;248,6714;67,6423; 5.57902;0;0,991602;0,00182755;0,000679229; 21; 0.166800;RXC J1634.6+6738; 2.506282;0,26387;0
 473;PSZ2 G099.48+55.60;217,1485;56,8766; 8.08447;0;0,989805;0,00280121;0,000699212; 20; 0.105100;RXC J1428.4+5652; 2.811942;0,211048;1
 475;PSZ2 G099.55+34.23;257,6109;68,7321; 5.34278;0;0,975459;0,00092501;0,000317404; 16;;;;;0
 476;PSZ2 G099.57-58.64;0,9451;2,0536; 5.30325;0;0,986274;0,00104246;0,000330422; 21; 0.092400;RXCJ0003.8+0203; 2.238774;0,28216;0
 477;PSZ2 G099.62+14.86;307,6362;65,0936; 5.54439;0;0,008148;0,00432306;0,00148877; -1;;;;;0
 478;PSZ2 G099.86+58.45;213,6782;54,7836; 7.79464;0;0,962386;0,00114245;0,000277915; 20; 0.630500;WHL J213.697+54.78; 6.846082;0,477337;1
 479;PSZ2 G100.04+23.73;287,0822;69,0852; 6.43922;0;0,974318;0,00148139;0,000518597; 21; 0.210300;RXC J1908.3+6903; 3.703402;0,283629;1
 480;PSZ2 G100.07+17.06;303,5893;66,6117; 5.01178;0;0,002036;0,0012529;0,000535767; -1;;;;;0
 481;PSZ2 G100.14+41.67;239,0257;66,3545; 8.32171;0;0,960593;0,00125149;0,000332199; 21; 0.233900;RXC J1556.1+6621; 4.044270;0,267394;1
 483;PSZ2 G100.22+33.81;258,4193;69,3734; 5.68790;0;0,989719;0,00125645;0,000476889; -1;;;;;0
 482;PSZ2 G100.22-29.64;350,2543;29,2136; 7.05812;0;0,981908;0,00193456;0,000620942; 20; 0.485000;WHL J350.267+29.19; 7.643378;0,555208;1
 484;PSZ2 G100.38+16.73;304,6811;66,703; 5.08381;0;0,009232;0,00605378;0,00342686; -1;;;;;0
 485;PSZ2 G100.45+16.79;304,6407;66,7855;11,78533;0;0,024329;0,00431339;0,0008484; -1;;;;;0
 486;PSZ2 G100.45-38.42;354,1311;21,1519; 4.62064;0;0,999836;0,00709607;0,00433613; 21; 0.056500;RXC J2336.5+2108; 1.844045;0,266122;0
 487;PSZ2 G100.80+24.61;285,0768;69,9618; 7.02350;0;0,995006;0,00292551;0,000832462; 21; 0.087700;RXC J1900.4+6958; 2.240968;0,172823;1
 488;PSZ2 G100.96-24.07;348,3483;34,5796; 4.74681;0;0,999981;0,00126683;0,000509137; 13; 0.424012;; 5.698100;0,684031;0
 489;PSZ2 G101.36+32.39;261,928;70,5941; 4.94466;0;0,988377;0,00141778;0,00100176; 21; 0.305900;RX J1727.4+7035; 3.312784;0,323187;0
 490;PSZ2 G101.52-29.98;351,5963;29,3258; 6.04112;0;0,932124;0,00189328;0,000773734; 20; 0.227000;WHL J351.609+29.36; 4.878619;0,492055;1
 491;PSZ2 G101.55-59.03;2,0422;2,0304; 6.11180;0;0,930735;0,00186655;0,000619039; 24; 0.369455;RMJ000810.4+020112.3; 5.720798;0,590136;1
 492;PSZ2 G101.68-49.21;358,8849;11,3377; 6.17091;0;0,913785;0,0044016;0,00225359; 21; 0.072600;RXC J2355.6+1120; 2.399462;0,251411;1
 493;PSZ2 G102.90-31.04;353,302;28,7678; 6.12440;0;0,009703;0,00254499;0,000748422; 10; 0.591500;; 6.728717;0,659855;0
 494;PSZ2 G102.98-04.77;338,707;52,7264; 7.59287;0;0,825752;0,00159814;0,000353109; 15;;;;;0
 495;PSZ2 G103.40-32.99;354,5043;27,0818; 7.14973;0;0,910463;0,0206194;0,00497807; 21; 0.030900;RXC J2338.4+2659; 1.511933;0,126403;1
 496;PSZ2 G103.56+24.78;286,1682;72,4525; 5.62727;0;0,972862;0,000629737;0,000176773; 20; 0.330000;; 4.059032;0,467274;0
 497;PSZ2 G104.15-38.85;357,2018;21,7235; 6.41452;0;0,000014;0,00149128;0,000372123; -1;;;;;0
 498;PSZ2 G104.29+26.17;281,8843;73,3323; 4.66846;0;0,786022;0,000977499;0,000504754; 21; 0.112500;RXC J1847.2+7320; 1.941149;0,282475;0
 499;PSZ2 G104.30-48.99;0,4838;12,0782; 5.39621;0;0,995307;0,00163339;0,000575151; 21; 0.203300;RXC J0001.9+1204; 4.107262;0,447796;0
 500;PSZ2 G104.52+39.39;239,4819;70,3849; 4.59873;0;0,957194;0,000822834;0,000416338; -1;;;;;0
 501;PSZ2 G104.58-15.41;347,9583;43,8836; 4.62935;0;0,001823;0,00136637;0,000434594; -1;;;;;0
 502;PSZ2 G104.71-54.54;2,3395;6,8293; 5.90490;0;0,999952;0,00284561;0,00114042; 24; 0.244062;RMJ000920.7+064923.1; 4.898720;0,523988;0
 503;PSZ2 G104.74+40.42;236,7096;69,9441; 4.57885;0;0,788926;0,000711764;0,00033614; 11; 0.690000;; 4.253688;0,508658;0
 504;PSZ2 G104.98-54.79;2,5584;6,6339; 4.64351;0;0,968837;0,00108537;0,000415015; 24; 0.291234;RMJ001015.3+064045.0; 4.798480;0,556026;0
 505;PSZ2 G105.00+39.68;238,1512;70,5334; 4.97213;0;0,911199;0,00131731;0,000480741; -1;;;;;0
 506;PSZ2 G105.25-17.93;350,0595;41,7871; 8.56164;0;0,981653;0,00633468;0,00173091; 21; 0.140000;RXC J2320.2+4146; 4.585247;0,273582;0
 507;PSZ2 G105.40-50.43;1,5978;10,8927; 5.89843;0;0,968056;0,00252317;0,000953684; 20; 0.169800;RXC J0006.3+1052; 3.853959;0,40533;0
 508;PSZ2 G105.55+77.21;197,7544;39,2463; 6.93177;0;0,896685;0,00412443;0,000927121; 21; 0.072000;RXC J1311.1+3913; 2.196282;0,215014;1
 509;PSZ2 G105.76+54.73;212,5897;59,6801; 6.03458;0;0,985684;0,00130821;0,00056131; 21; 0.316000;BVH2007 184; 4.414105;0,425033;1
 510;PSZ2 G105.82-38.36;358,3931;22,5789;11,51047;1;0,000103;0,00501448;0,000758074; 15;;;;;0
 511;PSZ2 G105.94-16.14;350,0239;43,6923; 4.61735;0;0,00302;0,00216544;0,000908143; -1;;;;;0
 512;PSZ2 G106.11+24.11;290,3513;74,5561; 5.70250;0;0,998788;0,00136608;0,000521574; -1;;;;;0
 513;PSZ2 G106.15+25.75;284,2923;74,9309; 4.88069;0;0,919832;0,00244649;0,00165735; 11; 0.588000;; 4.911154;0,518902;0
 514;PSZ2 G106.21+26.32;282,1361;75,0587; 4.90126;0;0,995923;0,0027134;0,00185303; -1;;;;;0
 515;PSZ2 G106.41+50.82;216,3149;63,186; 7.13821;0;0,933781;0,00242402;0,000895205; 20; 0.139400;RXC J1425.3+6311; 2.887828;0,245458;1
 516;PSZ2 G106.48-10.42;347,637;49,1955; 5.40932;0;0,003761;0,00193806;0,000730807; -1;;;;;0
 517;PSZ2 G106.61+66.71;202,6355;49,1529; 5.33447;0;0,928211;0,00108341;0,000434911; 20; 0.331400;WHL J202.623+49.14; 4.674128;0,55317;0
 518;PSZ2 G106.87-83.23;10,8662;-20,617;12,65438;0;0,96012;0,00253977;0,000387814; 21; 0.292400;RXCJ0043.4-2037; 8.125670;0,373283;1
 519;PSZ2 G107.10+65.32;203,1777;50,5183;16,45694;0;0,999972;0,0061984;0,000727364; 20; 0.279900;RXC J1332.7+5032; 8.217337;0,272736;1
 520;PSZ2 G107.11-39.50;359,7704;21,7518; 5.52123;0;0,946541;0,00184898;0,000713263; 13; 0.533030;; 6.929063;0,627809;0
 521;PSZ2 G107.39-31.48;357,639;29,5399; 5.15654;0;0,987516;0,00289029;0,00122728; 20; 0.149800;RXC J2350.5+2929; 3.446907;0,431648;0
 522;PSZ2 G107.41-09.57;348,4458;50,3256;10,68771;0;0,013754;0,00660806;0,0012554; -1;;;;;0
 523;PSZ2 G107.66-58.32;4,8949;3,5965; 7.62567;0;0,999354;0,00232084;0,000954982; 11; 0.267000;ZwCl 0017.0+0320; 6.216138;0,480409;1
 524;PSZ2 G107.67-39.78;0,3019;21,5932; 4.72506;0;0,990916;0,0018001;0,000779587; 20; 0.415200;WHL J0.322361+21.5; 5.728785;0,704587;0
 525;PSZ2 G107.83-45.45;1,8955;16,1308; 7.09463;0;0,855375;0,00112779;0,000155348; -1;;;;;1
 526;PSZ2 G108.13-09.21;349,2913;50,9268; 9.10111;0;0,017457;0,00453379;0,000975716; 15;;;;;0
 527;PSZ2 G108.17-11.56;350,6177;48,7414; 7.97640;0;0,999478;0,00416836;0,00114547; 10; 0.336000;; 7.738726;0,569454;0
 528;PSZ2 G108.24+58.11;207,2301;57,3469; 4.64587;0;0,94117;0,00112515;0,000572162; 24; 0.321677;RMJ134851.6+572141.3; 3.849495;0,50866;0
 529;PSZ2 G108.27+48.66;216,7773;65,6528; 5.94718;0;0,869337;0,00152693;0,000511052; 11; 0.674000;; 4.933684;0,472452;0
 530;PSZ2 G108.71-47.75;3,0592;14,0265; 4.50874;0;0,759225;0,00124722;0,000577762; 13; 0.371674;; 5.053808;0,671054;0
 531;PSZ2 G109.14-28.02;358,2865;33,28; 6.71901;0;0,963775;0,00143747;0,000361212; 11; 0.457000;WHL J358.303+33.26; 6.919559;0,617525;1
 532;PSZ2 G109.22-44.01;2,5556;17,7559; 4.54273;0;0,983725;0,000848274;0,000231566; 24; 0.173052;RMJ001003.5+174614.9; 3.262274;0,46501;0
 533;PSZ2 G109.52-19.16;355,7376;41,9132; 5.94853;0;0,987693;0,00310548;0,0011958; 20; 0.309200;WHL J355.743+41.92; 5.765161;0,477744;0
 534;PSZ2 G109.86+27.94;275,833;78,3893; 5.84821;0;0,948162;0,00099596;0,000309102; 20; 0.400000;; 5.201621;0,444243;0
 535;PSZ2 G109.97+52.84;209,9356;62,528; 7.19941;0;0,945343;0,00200629;0,000645038; 20; 0.325900;RXC J1359.8+6231; 4.814389;0,361434;1
 536;PSZ2 G109.99-70.28;8,4865;-7,8528; 6.86662;0;0,944363;0,00342346;0,000993362; 24; 0.304487;RMJ003353.1-075210.4; 5.622478;0,535831;1
 537;PSZ2 G110.28-87.48;12,2532;-24,6702; 6.56480;0;0,92415;0,00196445;0,000644123; 20; 0.520000;Vidal 14; 7.173761;0,592014;1
 538;PSZ2 G110.69-46.25;4,0992;15,7851; 5.04812;0;0,923529;0,00224253;0,00109048; -1;;;;;0
 539;PSZ2 G110.98+31.73;256,1005;78,6325;40,75489;0;0,992486;0,0300851;0,00152637; 21; 0.058100;RXC J1703.8+7838; 6.210739;0,101287;1
 540;PSZ2 G111.61-45.71;4,6449;16,4334; 9.68021;0;0,999408;0,00336988;0,000661946; 20; 0.545600;RXC J0018.5+1626; 9.793704;0,529332;1
 541;PSZ2 G111.75+70.37;198,2642;46,2812; 8.31206;0;0,946569;0,00313236;0,000638937; 20; 0.183000;RXC J1313.1+4616; 4.342518;0,320323;1
 542;PSZ2 G112.07-39.86;3,873;22,2454; 5.72015;0;0,00495;0,00719424;0,00292365; -1;;;;;0
 543;PSZ2 G112.35-32.86;2,6884;29,1673; 5.09694;0;0,968546;0,00190293;0,000716564; 24; 0.348114;RMJ001051.4+290940.2; 5.499069;0,629985;0
 544;PSZ2 G112.48+56.99;203,9932;59,221;12,32663;0;0,978019;0,00845842;0,0014663; 21; 0.070100;RXC J1336.1+5912; 2.991135;0,146647;1
 545;PSZ2 G112.54+59.53;202,4759;56,8123; 5.37342;0;0,895071;0,000712182;0,000199108; -1;;;;;0
 546;PSZ2 G112.69+33.37;245,1021;79,1816; 4.62577;0;0,935386;0,000687555;0,000276598; -1;;;;;0
 547;PSZ2 G113.02-64.68;8,636;-2,1387; 6.18288;0;0,975437;0,0077202;0,00285691; 21; 0.081200;RXCJ0034.6-0208; 2.326696;0,240383;1
 548;PSZ2 G113.27+48.39;209,7444;67,4431; 5.30067;0;0,930232;0,000627605;0,000251748; 16;;;;;0
 549;PSZ2 G113.29-29.69;2,9363;32,4325; 8.14862;0;0,982397;0,00584315;0,00143184; 20; 0.107300;RXC J0011.7+3225; 3.710075;0,264699;1
 550;PSZ2 G113.81+44.35;213,5332;71,2823;10,92729;0;0,994616;0,00186252;0,000371932; 21; 0.225000;A1895; 4.627713;0,233918;1
 551;PSZ2 G113.91-37.01;4,9004;25,2965; 8.15114;0;0,971486;0,00242833;0,000640599; 24; 0.371187;RMJ001941.3+251807.3; 7.582247;0,537199;1
 552;PSZ2 G114.14+58.96;201,3065;57,5834; 4.74562;0;0,954858;0,000913078;0,000324312; 24; 0.115583;RMJ132511.2+573601.6; 2.171770;0,286468;0
 553;PSZ2 G114.31+64.89;198,7658;51,8329;11,1058;0;0,997972;0,00314645;0,000599957; 20; 0.283600;RXC J1315.1+5149; 6.761312;0,355215;1
 555;PSZ2 G114.39-20.98;2,2522;41,1782; 5.92432;0;0,970623;0,00258956;0,000805685; 21; 0.153700;ZwCl28; 3.812736;0,343965;0
 554;PSZ2 G114.39-60.16;8,6222;2,4226; 5.65848;0;0,999963;0,00433812;0,00182984; 24; 0.368318;RMJ003428.2+022522.6; 5.775038;0,629575;0
 556;PSZ2 G114.79-33.71;5,1456;28,6657; 9.35778;0;0,998987;0,0057974;0,0012806; 21; 0.094000;RXC J0020.6+2840; 3.824416;0,222066;1
 557;PSZ2 G114.81-11.80;0,3758;50,2752; 4.56817;0;0,998516;0,00158301;0,000828314; 11; 0.250000;; 4.431402;0,581263;0
 558;PSZ2 G114.83+57.25;201,4457;59,3305; 6.40137;0;0,989839;0,00191423;0,000588962; 24; 0.169517;RMJ132549.7+591949.0; 3.273393;0,300642;1
 559;PSZ2 G114.90-34.35;5,3526;28,0504; 4.77789;0;0,920248;0,00280627;0,00166758; 21; 0.094800;RXC J0021.5+2803; 2.472321;0,309347;0
 560;PSZ2 G114.98+19.10;328,8992;79,1533; 5.35338;0;0,030487;0,00157818;0,000768553; -1;;;;;0
 561;PSZ2 G114.99+70.36;196,7286;46,5257;10,04299;0;0,972613;0,00292824;0,000560376; 20; 0.225900;RXC J1306.9+4633; 5.702224;0,349741;1
 562;PSZ2 G115.25-72.07;10,4719;-9,3464;22,75964;0;0,996802;0,0307827;0,00261536; 21; 0.055500;RXCJ0041.8-0918; 4.918354;0,127318;1
 563;PSZ2 G115.34-54.89;8,4668;7,7219; 4.69961;0;0,744669;0,000829912;0,000189943; -1;;;;;0
 564;PSZ2 G115.58-44.56;7,362;17,9947; 6.84713;0;0,052689;0,00572954;0,00179981; 10; 0.170000;; 4.316092;0,370985;1
 565;PSZ2 G115.65+41.66;213,3063;74,292; 4.71381;0;0,95266;0,00139697;0,000751632; 30; 0.219500;NSC J141240+741755; 2.894835;0,374936;0
 566;PSZ2 G115.67-27.57;5,0172;34,8529; 4.54319;0;0,875574;0,0020098;0,000832265; 24; 0.457297;RMJ002008.5+345118.2; 5.312188;0,719358;0
 567;PSZ2 G115.72+44.03;209,9422;72,1212; 7.11094;0;0,99955;0,00163169;0,000484341; 21; 0.214300;RXC J1400.2+7207; 3.778043;0,323546;1
 568;PSZ2 G116.05+20.00;329,9461;80,4907; 5.16232;0;0,993835;0,014643;0,00471717; -1;;;;;0
 569;PSZ2 G116.24-72.94;10,8722;-10,1753; 5.02964;0;0,985227;0,000870187;0,000194201; 24; 0.501893;RMJ004330.7-101009.1; 5.874784;0,706355;0
 570;PSZ2 G116.32-36.33;6,9294;26,2373; 5.28458;0;0,849202;0,00513348;0,00287763; 21; 0.366800;RXC J0027.8+2616; 5.309893;0,680943;0
 571;PSZ2 G116.50-44.47;8,0345;18,1536; 7.71289;0;0,940993;0,0020492;0,0007265; 24; 0.395647;RMJ003208.2+180625.3; 7.608656;0,567284;1
 572;PSZ2 G116.79-09.85;2,8908;52,5405; 5.24055;0;0,995542;0,00430955;0,0012886; 20; 0.104000;ZwCl 0008.8+5215; 3.357418;0,319482;0
 573;PSZ2 G116.95-53.55;9,2672;9,1536; 8.40089;0;0,952787;0,00215717;0,000524913; 20; 0.254600;RXC J0037.0+0909; 6.433114;0,455544;1
 574;PSZ2 G117.11+11.48;352,4867;73,4334; 5.13799;0;0,027842;0,00517693;0,00194844; -1;;;;;0
 575;PSZ2 G117.38-52.47;9,4267;10,2485; 5.45834;0;0,491441;0,00248006;0,000899697; -1;;;;;0
 576;PSZ2 G117.98-55.88;10,0671;6,8795; 6.45055;0;0,877735;0,0127721;0,00442522; 21; 0.039500;A76; 1.668487;0,175442;1
 577;PSZ2 G118.03+31.10;238,7604;84,1637; 6.58282;0;0,000448;0,00296131;0,000698527; 10; 0.194000;; 4.331743;0,335178;0
 578;PSZ2 G118.34+68.79;195,3484;48,2419; 4.98433;0;0,98786;0,00127986;0,000595983; 24; 0.254879;RMJ130122.0+481545.0; 3.774225;0,454571;0
 579;PSZ2 G118.39+42.22;205,4879;74,4514; 7.45455;0;0,845703;0,000837509;0,000189769; 11; 0.478000;; 5.507178;0,435272;1
 580;PSZ2 G118.46+39.32;208,6943;77,2477; 8.14613;0;0,96882;0,00152181;0,000352266; 21; 0.396700;RXC J1354.6+7715; 6.004693;0,377127;1
 581;PSZ2 G118.49+48.17;201,0202;68,669; 5.16194;0;0,978471;0,00104311;0,000407241; 16;;;;;0
 582;PSZ2 G118.56-13.14;6,3098;49,5023; 4.62775;0;0,99371;0,00226147;0,0010414; 16;;;;;0
 583;PSZ2 G118.58+28.57;261,2308;85,8912;10,06761;0;0,998764;0,00283654;0,000641551; 21; 0.178000;RXC J1723.7+8553; 5.982977;0,367133;0
 584;PSZ2 G118.79+47.50;200,8033;69,3635; 5.18626;0;0,973793;0,000880464;0,000328955; -1;;;;;0
 585;PSZ2 G118.92+52.38;198,5514;64,5643; 8.47002;0;0,92904;0,00182335;0,000457159; 20; 0.220000;RXC J1314.4+6434; 4.387726;0,295729;1
 586;PSZ2 G119.30-64.68;11,31;-1,8576; 5.07692;0;0,956485;0,00145369;0,000696659; 24; 0.556769;RMJ004512.5-015231.7; 6.371614;0,69943;0
 587;PSZ2 G119.38+46.85;199,9846;70,0739; 6.09822;0;0,993387;0,00258969;0,000910997; 21; 0.327500;RXC J1320.0+7003; 4.107369;0,392874;1
 588;PSZ2 G119.92+59.12;195,7642;57,9334; 6.82543;0;0,968091;0,000780316;0,000126452; 20; 0.196100;RXC J1303.0+5756; 3.437462;0,326515;1
 589;PSZ2 G120.08-44.41;10,7148;18,4071; 4.76384;0;0,125596;0,00239852;0,00114024; 20; 0.266800;WHL J10.6526+18.42; 4.646910;0,626863;0
 590;PSZ2 G120.30+44.47;199,1191;72,5242; 5.31403;0;0,99188;0,000549939;0,000145638; 16;;;;;0
 591;PSZ2 G120.36+26.03;307,7576;87,4583; 5.29589;0;0,001487;0,00275986;0,00145203; -1;;;;;0
 592;PSZ2 G120.75+25.39;323,9867;87,3829; 4.68607;0;0,003441;0,00119307;0,000418358; -1;;;;;0
 593;PSZ2 G120.76+44.14;198,1617;72,8899; 5.58572;0;0,989588;0,0011493;0,000420781; -1;;;;;0
 594;PSZ2 G121.03+57.02;194,9266;60,0741; 8.07951;0;0,948798;0,00163001;0,000410063; 20; 0.344000;; 5.691854;0,43627;1
 595;PSZ2 G121.13+49.64;195,8869;67,4415; 5.44623;0;0,752773;0,00219952;0,000820392; 25; 0.221000;ZwCl 1301.9+6745; 3.172016;0,34054;0
 596;PSZ2 G121.77+51.75;194,5723;65,36; 6.27024;0;0,981398;0,00117921;0,00043711; 24; 0.233215;RMJ125827.8+652131.1; 3.982594;0,388243;1
 597;PSZ2 G121.87-45.97;12,0892;16,8876; 4.85661;0;0,005495;0,00245992;0,00114301; -1;;;;;0
 598;PSZ2 G122.30+54.52;193,6463;62,5963; 6.07388;0;0,91983;0,0012011;0,000348471; 24; 0.318225;RMJ125443.6+623347.1; 4.528066;0,426512;1
 599;PSZ2 G122.47-38.41;12,4689;24,4527; 5.44079;0;0,932622;0,00284777;0,00115071; 21; 0.081500;A104; 2.519945;0,304718;0
 600;PSZ2 G122.81+24.74;10,3561;87,6156; 4.59766;0;0,000696;0,00122359;0,000604754; -1;;;;;0
 601;PSZ2 G122.89-36.82;12,8246;26,051; 4.85970;0;0,991189;0,00307707;0,00185899; 24; 0.345787;RMJ005123.6+260452.3; 5.566731;0,717593;0
 602;PSZ2 G123.00-35.52;12,9231;27,3461; 5.96681;0;0,995948;0,00386475;0,00158039; 24; 0.379705;RMJ005138.6+271959.9; 6.471867;0,616903;0
 603;PSZ2 G123.35+25.39;25,3317;88,2207;10,85927;0;0,02453;0,0109449;0,00223177; -1;;;;;0
 604;PSZ2 G123.42+30.63;185,9744;86,4709; 4.68364;0;0,89653;0,0012025;0,000482873; 15;;;;;0
 605;PSZ2 G123.55-10.36;13,8632;52,5023; 7.12835;0;0,993731;0,00388486;0,0012644; 11; 0.107000;; 4.140384;0,369314;0
 606;PSZ2 G123.66+67.25;192,4223;49,8718; 5.68124;0;0,837887;0,00182487;0,000681971; 24; 0.283797;RMJ124930.9+494902.3; 4.382718;0,496195;0
 607;PSZ2 G123.72+34.68;187,9436;82,41; 5.52785;0;0,856794;0,00180962;0,000709331; 21; 0.205300;RXC J1231.3+8225; 3.822905;0,425808;0
 608;PSZ2 G123.84+25.75;43,875;88,4005; 5.80692;0;0,183456;0,0302641;0,0172991; -1;;;;;0
 609;PSZ2 G124.11+25.02;40,0123;87,6441; 5.52892;0;0,003068;0,0010323;0,000287192; -1;;;;;0
 610;PSZ2 G124.20-36.48;14,0018;26,3784;12,77239;0;0,991573;0,0066354;0,00102415; 20; 0.197100;RXC J0055.9+2622; 7.654182;0,347298;1
 611;PSZ2 G124.56+25.38;53,1306;87,7221; 5.35672;0;0,999625;0,00333501;0,00142974; -1;;;;;0
 612;PSZ2 G125.11+28.14;131,0119;87,8182; 4.98886;0;0,000571;0,00118631;0,000452098; -1;;;;;0
 613;PSZ2 G125.25+33.33;175,5136;83,4778; 5.38397;0;0,570506;0,00131581;0,000415871; -1;;;;;0
 614;PSZ2 G125.30-27.99;15,4081;34,8345; 5.81978;0;0,956968;0,00215109;0,000704948; 24; 0.223276;RMJ010140.9+345028.5; 5.024782;0,55437;0
 615;PSZ2 G125.37-08.67;16,9817;54,1189;12,29307;0;0,97428;0,00469664;0,000864588; 21; 0.106600;RXC J0107.7+5408; 5.847818;0,30302;0
 616;PSZ2 G125.41+27.95;123,9961;87,6466; 4.75905;0;0,070135;0,000804833;0,000165815; -1;;;;;0
 617;PSZ2 G125.55+32.72;171,3946;83,9581; 6.48523;0;0,99986;0,00122121;0,000296962; -1;;;;;0
 618;PSZ2 G125.68-64.12;14,0605;-1,2819;15,16051;0;0,98811;0,0307231;0,00267176; 21; 0.044200;RXCJ0056.3-0112; 3.429742;0,128114;1
 619;PSZ2 G125.71+53.86;189,2251;63,1843;11,362;0;0,987609;0,00196852;0,000408326; 20; 0.301900;RXC J1236.9+6311; 6.551286;0,322993;1
 620;PSZ2 G125.84-18.72;16,6966;44,0575; 5.30087;0;0,985857;0,00660172;0,00308617; -1;;;;;0
 621;PSZ2 G126.07-49.55;14,9524;13,2644; 4.91616;0;0,880028;0,00475732;0,00176392; 24; 0.493849;RMJ005936.8+131020.8; 4.498388;0,927496;0
 622;PSZ2 G126.20-33.17;16,0136;29,6172; 4.97826;0;0,863704;0,00313855;0,00130368; 24; 0.357968;RMJ010415.0+293335.1; 5.450941;0,715435;0
 623;PSZ2 G126.28+65.62;190,6409;51,4447; 4.76630;0;0,916031;0,000738989;0,000208492; 16;;;;;0
 624;PSZ2 G126.36-19.11;17,3428;43,6337; 5.00962;0;0,916394;0,00434458;0,0022158; -1;;;;;0
 625;PSZ2 G126.57+51.61;187,4359;65,3561; 6.35350;0;0,910706;0,00119241;0,000419516; 16;;;;;1
 626;PSZ2 G126.61-37.63;16,0784;25,145; 4.89682;0;0,942684;0,00250701;0,00124248; 13; 0.166147;; 3.836416;0,475236;0
 627;PSZ2 G126.62-53.42;15,0872;9,3811; 4.54653;0;0,004344;0,00148257;0,000695375; -1;;;;;0
 628;PSZ2 G126.72-21.03;17,603;41,6924; 4.68016;0;0,897881;0,00132594;0,000587446; -1;;;;;0
 629;PSZ2 G126.72-72.82;13,9971;-9,9879; 4.57575;0;0,997695;0,00214759;0,00116822; 20; 0.053500;ACO  117; 1.502337;0,258407;0
 630;PSZ2 G127.01+26.21;89,7625;86,2399; 5.58143;0;0,95864;0,00123048;0,000409962; 11; 0.630000;; 7.342403;0,788211;0
 631;PSZ2 G127.35-10.69;19,9231;51,9376; 6.94069;0;0,005765;0,00693004;0,00138215; -1;;;;;0
 632;PSZ2 G127.44-34.74;17,0569;27,9786; 4.51850;0;0,639631;0,00234016;0,00117333; 24; 0.248664;RMJ010819.0+275802.1; 4.898508;0,65873;0
 633;PSZ2 G127.50-30.52;17,5164;32,1829; 4.66561;0;0,998013;0,00239083;0,00112841; 24; 0.352803;RMJ011007.2+321048.7; 5.288989;0,637361;0
 634;PSZ2 G127.71-69.55;14,5389;-6,7506; 7.58598;0;0,011885;0,00374342;0,00115661; 24; 0.119261;RMJ005815.8-065213.7; 4.060239;0,336338;1
 635;PSZ2 G127.86+45.05;181,7469;71,6465; 5.16152;0;0,891279;0,00345516;0,00136536; 21; 0.191200;RXC J1206.9+7139; 2.880585;0,356824;0
 636;PSZ2 G128.15-24.71;18,8768;37,9135; 4.74838;0;0,93682;0,00126384;0,000512148; -1;;;;;0
 637;PSZ2 G128.18-51.08;16,2287;11,6445; 5.07801;0;0,993531;0,00242603;0,000937826; 24; 0.545703;RMJ010456.6+113905.5; 6.590203;0,820795;0
 638;PSZ2 G128.26+43.03;179,0066;73,5113; 4.71085;0;0,88798;0,00396367;0,00183612; 21; 0.083000;RXC J1156.0+7325; 1.854666;0,286383;0
 639;PSZ2 G129.78+16.85;45,9271;77,9273; 4.84881;0;0,00549;0,00242369;0,000992304; 20; 0.411590;; 6.193617;0,801303;0
 640;PSZ2 G129.99-22.42;21,3891;39,9803; 4.55019;0;0,851899;0,00202559;0,000921058; -1;;;;;0
 641;PSZ2 G130.13-17.02;22,6751;45,2942; 5.85576;0;0,996076;0,00201282;0,000732527; 20; 0.213700;; 4.900003;0,516358;0
 642;PSZ2 G130.21-62.60;16,2029;0,0743; 6.19240;0;0,997484;0,00228969;0,000796444; 20; 0.277000;ZwCl 0102.4-0012; 5.708627;0,577407;1
 643;PSZ2 G130.25-26.50;20,9524;35,9025; 5.19178;0;0,992335;0,00298787;0,00108573; 20; 0.216000;ZwCl 0120.8+3538; 4.489789;0,46816;0
 644;PSZ2 G130.64+37.16;161,7858;78,0335; 4.79777;0;0,970817;0,00393549;0,0018573; -1;;;;;0
 645;PSZ2 G131.06+29.98;126,5885;82,3106; 6.03331;0;0,97752;0,00286127;0,00102848; 21; 0.200000;RXC J0825.7+8218; 4.249435;0,437221;1
 646;PSZ2 G131.15-14.72;24,6439;47,3943; 5.37086;0;0,995705;0,00149941;0,000485299; -1;;;;;0
 647;PSZ2 G131.19+14.48;45,8675;75,1996; 4.79508;0;0,005861;0,00178288;0,000668134; -1;;;;;0
 648;PSZ2 G131.27-25.82;22,2049;36,4447; 4.50219;0;0,833511;0,000902258;0,000233023; -1;;;;;0
 649;PSZ2 G132.29+44.51;171,9216;71,0596; 5.25466;0;0,912558;0,0129203;0,00672959; 30; 0.152500;RX J1127.4+7107; 2.754616;0,264792;0
 650;PSZ2 G132.47-17.27;25,7211;44,6391; 9.13154;0;0,977806;0,00231269;0,000508718; 21; 0.341000;RXC J0142.9+4438; 9.015773;0,600256;1
 651;PSZ2 G132.54-42.16;20,4346;20,1398; 5.17925;0;0,978068;0,00108158;0,000276001; 24; 0.193982;RMJ012141.4+200538.5; 3.986756;0,496259;0
 652;PSZ2 G133.59+50.68;176,704;65,0891; 5.02731;0;0,862422;0,000888056;0,000353224; 24; 0.529308;RMJ114649.1+650506.8; 5.158692;0,555484;0
 653;PSZ2 G133.60+69.04;187,2235;47,6123; 8.94485;0;0,991556;0,00305431;0,00078359; 20; 0.254000;RXC J1229.0+4737; 5.877626;0,380901;1
 654;PSZ2 G133.92-42.73;21,401;19,4054; 4.69973;0;0,993905;0,0015965;0,000650979; 16;;;;;0
 655;PSZ2 G134.26-44.28;21,3587;17,8353; 5.08196;0;0,01226;0,00948;0,00366666; -1;;;;;0
 656;PSZ2 G134.52+31.98;131,3692;78,8112; 4.58004;0;0,967664;0,000940682;0,000347759; 30; 0.128800;NSC J084452+784649; 2.471340;0,435877;0
 657;PSZ2 G134.59+53.38;177,7969;62,3578; 5.03832;0;0,752125;0,000804526;0,000235468; 20; 0.345200;WHL J177.705+62.33; 4.454914;0,526682;0
 658;PSZ2 G134.64-11.80;30,6528;49,4458; 6.01588;0;0,976451;0,00236643;0,000998161; 11; 0.207000;; 5.191344;0,56649;0
 659;PSZ2 G134.70+48.91;173,3085;66,3869; 9.16206;0;0,952298;0,0031262;0,000610988; 20; 0.116000;RXC J1133.2+6622; 3.404457;0,205491;1
 660;PSZ2 G135.03+36.04;146,768;76,3876; 6.48314;0;0,981275;0,00194148;0,000535166; 21; 0.345000;MACSJ0947.2+7623; 5.619797;0,454947;1
 661;PSZ2 G135.06+54.39;178,0903;61,3191; 7.58876;0;0,003515;0,0020906;0,000550473; 20; 0.316900;WHL J178.058+61.33; 5.405140;0,405771;0
 662;PSZ2 G135.17+65.43;184,8205;50,9217; 6.05837;0;0,992277;0,000846889;0,000162603; 24; 0.543612;RMJ121912.2+505435.3; 6.005507;0,574404;1
 663;PSZ2 G135.19+57.88;180,5387;58,0593; 5.92953;0;0,821517;0,00382583;0,00135057; 20; 0.103100;RXC J1201.9+5802; 2.214468;0,232547;0
 664;PSZ2 G135.70+32.52;131,9362;77,6889; 4.88805;0;0,985396;0,0018477;0,000821357; 21; 0.260000;RXC J0847.7+7741; 4.201044;0,533953;0
 665;PSZ2 G135.76-62.03;18,8368;0,2381; 4.52712;0;0,995666;0,0082031;0,00476388; 21; 0.045000;RXCJ0115.2+0019; 1.523346;0,246458;0
 666;PSZ2 G135.94-68.22;17,6739;-5,8457; 6.86631;0;0,0024;0,00263983;0,000879515; -1;;;;;0
 667;PSZ2 G136.02-47.15;22,027;14,7831; 4.64382;0;0,556226;0,00236225;0,00121503; -1;;;;;0
 668;PSZ2 G136.31+54.67;176,9598;60,7656; 6.91945;0;0,159295;0,00085068;0,000145271; -1;;;;;0
 669;PSZ2 G136.33-44.53;22,8257;17,3003; 4.70690;0;0,034349;0,00413448;0,0021305; -1;;;;;0
 670;PSZ2 G136.64-25.03;28,2988;36,1888; 7.06184;0;0,850513;0,0212154;0,00727699; 21; 0.016300;RXC J0152.7+3609; 1.120883;0,10721;1
 671;PSZ2 G136.91-53.21;21,2745;8,7377; 5.26886;0;0,986474;0,00460172;0,0014918; 21; 0.049100;A193; 1.831557;0,205559;0
 672;PSZ2 G136.92+59.46;180,0852;56,2524; 6.26930;0;0,866949;0,0060875;0,00191376; 21; 0.065000;RXC J1200.3+5613; 1.808754;0,165151;1
 673;PSZ2 G137.24+53.93;175,2772;61,1942; 7.87314;0;0,070615;0,00238393;0,000607534; -1;;;;;0
 674;PSZ2 G137.51-09.98;35,6915;50,2844; 5.51061;0;0,004676;0,00173639;0,000543168; -1;;;;;0
 675;PSZ2 G137.58+53.88;174,8622;61,1503; 8.17913;0;0,38786;0,00118219;0,000242852; -1;;;;;0
 676;PSZ2 G137.74-27.08;28,7835;33,9443; 6.18272;0;0,990187;0,00435696;0,00149503; 21; 0.087200;RXC J0155.1+3355; 2.833728;0,27313;1
 677;PSZ2 G138.11+42.06;157,0566;70,5886; 6.82664;0;0,949424;0,00103863;0,00017603; 11; 0.496000;; 6.641296;0,580927;1
 678;PSZ2 G138.32-39.82;25,5157;21,533; 5.98956;0;0,992871;0,00278857;0,00092002; 21; 0.280300;RXJ0142.0+2131; 5.984324;0,530039;0
 679;PSZ2 G138.61-10.84;36,7785;49,0862; 8.63912;0;0,02017;0,00801408;0,00166783; 10; 0.702000;; 9.480788;0,668775;0
 680;PSZ2 G138.97+40.56;152,3581;71,1359; 4.94911;0;0,948481;0,00247803;0,00106973; 21; 0.192700;RXC J1009.3+7110; 3.452167;0,421697;0
 681;PSZ2 G139.00+50.92;170,0451;63,2596; 4.98222;0;0,777367;0,000908063;0,000281132; 16;;;;;0
 682;PSZ2 G139.18+56.37;175,5928;58,5227;10,64874;0;0,990785;0,0015142;0,000235247; 20; 0.322000;RXC J1142.5+5832; 6.867679;0,379927;1
 683;PSZ2 G139.62+24.18;95,5192;74,681; 9.50249;0;0,985647;0,00388447;0,00095813; 20; 0.267000;; 7.612033;0,472881;1
 684;PSZ2 G139.72-17.13;34,9806;42,8317; 5.11639;0;0,983033;0,00158727;0,000551846; -1;;;;;0
 685;PSZ2 G140.63+29.45;115,5206;74,2536; 6.87610;0;0,999933;0,00235165;0,000706314; 21; 0.214900;RXC J0741.7+7414; 5.024277;0,352296;1
 686;PSZ2 G140.90-52.52;23,8104;8,8101; 5.43092;0;0,976771;0,00132535;0,000416534; 24; 0.538770;RMJ013516.8+084750.5; 7.431686;0,853179;0
 687;PSZ2 G141.05-32.61;30,0905;27,8208; 4.97616;0;0,977712;0,00169968;0,000624585; 24; 0.554472;RMJ020017.0+274821.2; 6.923885;0,72407;0
 688;PSZ2 G141.59+23.69;95,4832;72,8128; 4.96294;0;0,978302;0,00110549;0,000331674; -1;;;;;0
 689;PSZ2 G141.77+14.19;70,2801;68,19; 4.97394;0;0,935609;0,00184603;0,00078505; 11; 0.830000;; 7.663842;0,895053;0
 690;PSZ2 G141.98+69.31;183,2387;46,3648; 4.71202;0;0,837712;0,00194861;0,000860901; 16;;;;;0
 691;PSZ2 G142.18-53.27;24,3418;7,8754; 4.72115;0;0,984582;0,00166927;0,000661195; 24; 0.365200;ACO 220; 5.989572;0,774948;0
 692;PSZ2 G142.20+37.25;139,6126;70,8566; 4.86713;1;0,171159;0,00185371;0,000809642; 12; 0.284000;; 4.447463;0,5871;0
 693;PSZ2 G142.39+22.80;93,3711;71,8535; 4.92783;0;0,789368;0,00143052;0,000567881; 15;;;;;0
 694;PSZ2 G142.41+30.68;119,2626;72,6019; 5.10482;0;0,998852;0,0016115;0,00065738; 16;;;;;0
 695;PSZ2 G143.00-77.70;17,2085;-15,5166; 6.92492;0;0,904092;0,00896095;0,00243402; 21; 0.053300;RXCJ0108.8-1524; 1.844464;0,162361;1
 696;PSZ2 G143.26+65.24;179,8427;49,7742;10,17122;0;0,991289;0,00260541;0,00054222; 24; 0.363353;RMJ115914.9+494748.4; 7.649124;0,415803;1
 697;PSZ2 G143.44+53.66;168,7489;59,4513; 5.86000;0;0,970922;0,00102225;0,00029595; 24; 0.366351;RMJ111456.8+592649.3; 5.308710;0,548423;0
 698;PSZ2 G143.62+42.61;150,8432;67,1371; 7.93295;0;0,93654;0,00496078;0,00112779; 21; 0.206000;RXC J1003.1+6709; 4.946570;0,316993;1
 699;PSZ2 G143.70-08.59;45,1628;48,9905; 4.94494;0;0,958674;0,00274499;0,00134324; 15;;;;;0
 700;PSZ2 G143.90+25.06;101,3351;71,0722; 4.91405;0;0,342742;0,00433214;0,00170501; -1;;;;;0
 701;PSZ2 G144.23-18.19;39,7214;40,1886; 5.22279;0;0,992947;0,00212881;0,000847276; 16;;;;;0
 702;PSZ2 G144.33+62.85;177,3062;51,6086; 4.88550;0;0,774516;0,00201253;0,000833341; 21; 0.132000;RXC J1149.0+5135; 2.657646;0,333162;0
 703;PSZ2 G144.81-49.86;27,0058;10,5846; 4.91842;0;0,997782;0,00202639;0,00083227; 30; 0.190000;NSCS J014800+103815; 4.385430;0,574535;0
 704;PSZ2 G144.83+25.11;101,9623;70,2573; 7.05418;0;0,980247;0,00134297;0,000290894; 21; 0.584000;MACSJ0647.7+7015; 8.221205;0,71418;1
 705;PSZ2 G144.84-35.16;32,423;24,3554; 4.83564;0;0,985082;0,00309018;0,00146712; -1;;;;;0
 706;PSZ2 G144.99-24.64;37,1891;34,027; 5.50286;0;0,914225;0,00136121;0,000386022; 20; 0.190000;ZwCl 0225.8+3347; 4.245301;0,476745;0
 707;PSZ2 G145.19+32.14;122,7692;70,049; 6.25444;0;0,985791;0,00159696;0,000437528; 21; 0.223000;RXC J0811.1+7002; 4.870073;0,385278;1
 708;PSZ2 G145.25+50.84;163,3572;60,862; 5.98477;0;0,64574;0,000853826;0,000138563; -1;;;;;0
 709;PSZ2 G145.65+59.30;173,1514;54,2102; 4.74499;0;0,999362;0,00192267;0,000878361; 25; 0.347477;ACO 1294; 4.731703;0,589511;0
 710;PSZ2 G145.92-12.53;45,1748;44,4915; 6.10400;0;0,994964;0,0296268;0,0102434; 21; 0.030000;RXC J0300.7+4427; 1.912120;0,1931;0
 711;PSZ2 G146.00-49.45;27,885;10,7069; 7.56017;1;0,003914;0,00517054;0,00125204; 10; 0.097000;; 3.877101;0,330756;1
 712;PSZ2 G146.10-55.55;25,7706;4,9787; 4.67458;0;0,699979;0,00124306;0,000450094; -1;;;;;0
 713;PSZ2 G146.13+40.97;144,7845;66,4371; 4.90233;0;0,001034;0,0048534;0,00196853; -1;;;;;0
 714;PSZ2 G146.16-48.92;28,179;11,167; 5.10059;0;0,004411;0,00820056;0,00446572; -1;;;;;0
 715;PSZ2 G146.35-15.59;43,6665;41,6041; 8.21934;0;0,950155;0,0369662;0,0106207; 21; 0.017200;RXC J0254.4+4134; 1.957186;0,140879;1
 716;PSZ2 G146.82+40.97;144,1849;65,9752; 5.30917;0;0,001538;0,0146728;0,0049309; 30; 0.259000;GMBCG J144.26171+65.90604; 4.489098;0,450875;0
 717;PSZ2 G146.88+17.13;83,5412;65,7206; 6.13309;0;0,006319;0,0066276;0,00251995; -1;;;;;0
 718;PSZ2 G147.11+21.84;94,6302;67,4056; 5.86298;0;0,970621;0,00308663;0,00137561; 21; 0.112700;RXC J0618.5+6724; 3.380101;0,349949;0
 719;PSZ2 G147.14-20.56;41,5339;36,8571; 6.30829;0;0,950175;0,00915696;0,00279762; 21; 0.048800;RXC J0246.0+3653; 2.100583;0,188193;0
 720;PSZ2 G147.17+42.67;147,4525;64,9221; 4.92011;0;0,998781;0,0013141;0,000549868; -1;;;;;0
 721;PSZ2 G147.88+53.24;164,3924;58,0187; 6.08506;0;0,995944;0,00141391;0,000521073; 20; 0.600000;SL J1057.5+5759; 6.468580;0,598122;0
 722;PSZ2 G148.36+75.23;184,6185;40,2211; 5.46072;0;0,99856;0,00213399;0,000791599; 21; 0.303800;RXC J1218.4+4013; 4.752996;0,469796;0
 723;PSZ2 G148.60-48.61;29,8158;10,8423; 4.71016;0;0,006611;0,0077845;0,00179605; -1;;;;;0
 724;PSZ2 G149.22+54.18;164,6039;56,7926;15,99257;0;0,98995;0,00590701;0,000795964; 20; 0.136900;RXC J1058.4+5647; 5.865067;0,216698;1
 725;PSZ2 G149.39-36.84;35,3753;21,3546; 7.26421;0;0,999867;0,00565096;0,00167974; 20; 0.170000;ACO   344; 5.416870;0,440593;1
 726;PSZ2 G149.63-84.19;15,6691;-21,9121;11,49858;0;0,99112;0,00941611;0,0017825; 21; 0.056900;RXCJ0102.7-2152; 3.017628;0,179196;1
 727;PSZ2 G149.73+24.49;102,664;65,7775; 4.51915;0;0,300314;0,000974193;0,000303025; -1;;;;;0
 728;PSZ2 G149.75+34.68;127,7147;65,8623;18,07203;0;0,996207;0,00666606;0,000767523; 21; 0.181800;RXC J0830.9+6551; 8.859059;0,323006;1
 729;PSZ2 G150.24+48.72;155,8514;59,8085; 5.01426;0;0,86858;0,00173434;0,000770255; 21; 0.205500;RXC J1023.3+5948; 3.559362;0,407305;0
 730;PSZ2 G150.56+46.67;152,183;60,7778; 5.24259;0;0,963978;0,00166446;0,000611061; 24; 0.398297;RMJ100838.3+604644.2; 5.213355;0,623271;0
 731;PSZ2 G150.56+58.32;168,7952;53,3275; 8.58441;0;0,977937;0,00204154;0,000658089; 20; 0.470000;RXC J1115.2+5320; 7.552688;0,496695;1
 732;PSZ2 G150.64-14.21;49,332;40,6769; 4.67771;0;0,999724;0,00204695;0,00105446; -1;;;;;0
 733;PSZ2 G150.90-39.05;35,4972;18,8492; 5.55919;0;0,994081;0,0057279;0,00208221; 20; 0.224900;WHL J35.5193+18.77; 5.001371;0,580487;0
 734;PSZ2 G151.19+48.27;154,4084;59,551; 6.61387;0;0,981542;0,0010206;0,000185652; 24; 0.289487;RMJ101734.3+593339.8; 5.080495;0,468974;1
 735;PSZ2 G151.62+54.78;163,7128;55,361; 4.61584;0;0,872216;0,00107037;0,000479847; 24; 0.486423;RMJ105452.0+552112.6; 5.365290;0,682899;0
 736;PSZ2 G151.86-75.04;20,2489;-13,8593; 5.24833;0;0,983561;0,00303339;0,0014011; 21; 0.051900;RXCJ0120.9-1351; 1.671549;0,228695;0
 737;PSZ2 G151.90+11.63;78,8514;58,7099; 5.54678;0;0,99994;0,0101718;0,00495612; 21; 0.120300;RXC J0515.3+5845; 3.862952;0,493891;0
 738;PSZ2 G152.33+81.28;187,6699;34,629; 6.09016;0;0,989223;0,00111653;0,000319319; 21; 0.333100;RXC J1230.7+3439; 5.358087;0,532108;1
 739;PSZ2 G152.40+75.00;183,3147;39,8577; 4.69543;0;0,836833;0,000853626;0,000317614; -1;;;;;0
 740;PSZ2 G152.47+42.11;142,4647;61,6579; 4.81073;0;0,999933;0,00139393;0,000632314; -1;;;;;0
 741;PSZ2 G152.70+25.46;106,0963;63,3173; 6.24728;0;0,999265;0,0050895;0,00167781; 21; 0.098000;RXC J0704.4+6318; 2.945928;0,239015;1
 742;PSZ2 G153.00-58.26;28,1451;0,9903; 5.64442;0;0,967662;0,00265229;0,000976016; 20; 0.227000;RXC J0152.7+0100; 5.044630;0,567708;0
 743;PSZ2 G153.29+36.56;130,6776;62,6758; 8.38265;0;0,000175;0,0182911;0,00270102; 10; 0.650000;; 6.315530;1,43413;0
 744;PSZ2 G153.56+36.82;131,1332;62,4117;15,89673;0;0,000034;0,0151202;0,00163593; -1;;;;;0
 745;PSZ2 G153.57+36.26;129,9422;62,5148; 6.86690;0;0,468176;0,00923079;0,00252398; 10; 0.132000;; 3.373701;0,368214;0
 746;PSZ2 G153.68+36.96;131,3866;62,2867; 5.06744;0;0,001078;0,00298575;0,0011031; -1;;;;;0
 747;PSZ2 G153.80+33.79;124,5597;62,682; 4.51620;0;0,982232;0,00108749;0,000461495; -1;;;;;0
 748;PSZ2 G154.13+40.19;137,8076;61,1324; 6.40044;0;0,991852;0,00192411;0,000620027; 24; 0.289825;RMJ091105.6+610747.4; 5.468107;0,447913;1
 749;PSZ2 G155.10-49.97;33,0806;7,7805; 5.03054;0;0,999252;0,00115804;0,000313674; 20; 0.459000;WHL J33.0799+7.795; 6.570337;0,765044;0
 750;PSZ2 G155.27-68.42;24,3338;-8,4815; 7.98366;0;0,967005;0,00243082;0,000575585; 10; 0.566000;WHL J24.3324-8.477; 8.934781;0,648214;1
 751;PSZ2 G155.46-60.15;28,3866;-1,266; 4.77424;0;0,937406;0,00318736;0,00128167; 21; 0.243800;RXC J0153.5-0118; 4.261919;0,534003;0
 752;PSZ2 G155.80+70.40;178,4833;42,86; 4.81041;0;0,925419;0,000989761;0,00039758; 24; 0.333145;RMJ115353.2+425213.2; 4.419779;0,527941;0
 753;PSZ2 G155.95-72.13;22,695;-11,8314; 5.13684;0;0,996529;0,000991822;0,00026677; 11; 0.620000;; 6.468981;0,717602;0
 754;PSZ2 G156.24+22.32;101,2349;59,451; 4.78846;0;0,963685;0,000814648;0,000169152; -1;;;;;0
 755;PSZ2 G156.26+59.64;167,1024;50,2811; 6.39086;0;0,993696;0,00159467;0,000507962; 24; 0.587747;RMJ110830.0+501602.9; 6.767759;0,594874;1
 756;PSZ2 G156.88+13.48;86,4221;55,511; 8.27798;0;0,999319;0,00320213;0,000925822; 20;;;;;0
 757;PSZ2 G157.07-33.63;42,9258;21,1472; 4.74787;0;0,065969;0,00195183;0,000730868; -1;;;;;0
 758;PSZ2 G157.32-26.77;47,2494;26,7586;10,41171;0;0,990911;0,00400277;0,000956843; 21; 0.356000;MACSJ0308.9+2645;10,755582;0,628589;0
 759;PSZ2 G157.43+30.34;117,2382;59,6949; 8.75539;1;0,993552;0,00138357;0,000161086; 11; 0.450000;[ATZ98] B100; 8.122155;0,527328;1
 760;PSZ2 G157.63+78.02;184,3872;36,7167; 6.30027;0;0,896688;0,00161129;0,000376943; 24; 0.377025;RMJ121731.2+364111.3; 5.557393;0,546823;1
 761;PSZ2 G157.82+21.28;100,1217;57,7475; 6.33392;0;0,990485;0,00307348;0,00101643; 11; 0.430000;; 7.009147;0,519503;1
 762;PSZ2 G158.35-47.49;36,2106;8,8499; 5.01400;0;0,980358;0,0015985;0,00061794; 12; 0.305000;; 5.659596;0,726312;0
 763;PSZ2 G158.45-42.92;38,7207;12,7028; 4.80720;0;0,978255;0,00186082;0,00076778; -1;;;;;0
 764;PSZ2 G159.40-40.67;40,57;14,2141; 5.05442;0;0,968162;0,00250569;0,00100774; 16;;;;;0
 765;PSZ2 G159.86+42.57;139,8791;56,346; 5.08733;0;0,90618;0,00173264;0,0008318; 24; 0.269608;RMJ091944.3+562201.4; 4.612375;0,572142;0
 766;PSZ2 G159.91-73.50;22,9809;-13,614;17,06872;0;0,99254;0,00698226;0,000942473; 21; 0.206000;RXCJ0131.8-1336; 8.464249;0,283711;1
 767;PSZ2 G160.83+81.66;186,725;33,5703; 4.91372;0;0,92114;0,0016187;0,000759961; 21; 0.888000;BVH2007 154; 5.700541;0,626935;0
 768;PSZ2 G160.83-70.63;24,8539;-11,3815; 6.30433;0;0,998184;0,00126618;0,000274883; 16;;;;;1
 769;PSZ2 G160.94+44.85;143,3681;54,9523; 4.98439;0;0,055669;0,00113215;0,000444837; -1;;;;;0
 770;PSZ2 G161.39+26.27;110,4011;55,763; 9.74722;0;0,988847;0,0116012;0,00256623; 21; 0.038100;RXC J0721.3+5547; 2.134152;0,147713;1
 771;PSZ2 G161.73-28.58;49,5734;23,0123; 4.80883;0;0,010477;0,00218396;0,00106473; -1;;;;;0
 772;PSZ2 G161.94-48.17;37,8755;6,9716; 7.98023;0;0,996475;0,00407851;0,00101361; 20; 0.220300;ACO 360; 6.535912;0,514857;1
 773;PSZ2 G162.33+25.03;108,5623;54,69; 5.37799;0;0,997706;0,00212641;0,000930097; 21; 0.104300;A572; 2.852628;0,362213;0
 774;PSZ2 G162.49-71.98;24,51;-12,7974; 6.27127;0;0,996997;0,00512228;0,001724; 21; 0.210800;RXC J0137.9-1248; 4.643719;0,474605;1
 775;PSZ2 G163.04-27.80;51,0846;22,9189; 4.74695;0;0,368351;0,00558613;0,00219494; 15;;;;;0
 776;PSZ2 G163.22-26.48;52,119;23,8375; 6.34635;0;0,020219;0,00242336;0,000795818; -1;;;;;0
 777;PSZ2 G163.61+34.30;124,7099;54,5333; 4.67090;0;0,898187;0,00172758;0,000781634; 24; 0.595861;RMJ081857.0+543153.8; 5.759564;0,732794;0
 778;PSZ2 G163.69+53.52;155,5975;50,1197; 9.65552;0;0,924442;0,00328422;0,00071138; 20; 0.158000;RXC J1022.5+5006; 4.733641;0,292316;1
 779;PSZ2 G163.87+48.54;148,2005;51,8883; 4.95217;0;0,956614;0,0011676;0,000431497; 21; 0.214000;ZwCl2701; 3.621027;0,422104;0
 780;PSZ2 G163.89+11.55;88,9452;48,5705; 4.78201;0;0,003035;0,00272954;0,00154056; -1;;;;;0
 781;PSZ2 G164.18-38.88;44,7278;13,5662;19,65653;0;0,993076;0,0346208;0,00397973; 21; 0.073900;RXC J0258.9+1334; 6.745817;0,220716;0
 782;PSZ2 G164.29+08.94;85,8488;46,9534; 6.22331;0;0,936413;0,00306561;0,00105034; 20; 0.250500;WHL J85.8665+46.93; 6.186835;0,611628;0
 783;PSZ2 G164.31-39.46;44,452;13,047;12,96421;0;0,993134;0,0319706;0,0074125; 21; 0.072200;RXC J0257.8+1302; 5.239323;0,291757;0
 784;PSZ2 G164.65+46.37;144,5898;52,0336; 6.72144;0;0,963265;0,00136325;0,000363329; 25; 0.342000;ZwCl 0934.8+5216; 6.009507;0,539364;1
 785;PSZ2 G164.85-16.55;60,7551;30,3218; 5.01165;0;0,004838;0,00475704;0,00191611; -1;;;;;0
 786;PSZ2 G165.06+54.13;155,9404;49,1327;11,16648;0;0,984839;0,00380934;0,000706245; 20; 0.144000;RXC J1023.6+4907; 4.943460;0,27706;1
 787;PSZ2 G165.12+14.05;93,1423;48,6259; 5.44073;0;0,997138;0,0058592;0,00166692; 21; 0.067000;RXC J0612.6+4836; 2.367529;0,240022;0
 788;PSZ2 G165.39+09.22;86,9938;46,1442; 5.59977;0;0,015223;0,0059456;0,0036957; -1;;;;;0
 789;PSZ2 G165.41+25.93;110,9884;52,1545; 4.51182;0;0,994876;0,00202594;0,00092385; -1;;;;;0
 790;PSZ2 G165.46+66.15;170,9186;43,0135; 5.47420;0;0,975683;0,00397403;0,00279367; 20; 0.195700;WHL J170.907+43.05; 3.699136;0,412152;0
 791;PSZ2 G165.68+44.01;140,5859;51,8876; 4.96161;0;0,970657;0,00263958;0,00122502; 24; 0.209733;RMJ092200.5+515521.0; 3.755907;0,463057;0
 792;PSZ2 G165.76+31.15;119,5415;52,5986; 4.53354;0;0,957192;0,00128078;0,00054907; 10; 0.259000;; 4.432208;0,641108;0
 793;PSZ2 G165.95+41.01;135,7227;52,2021; 5.38213;0;0,944229;0,00164589;0,000606097; 20; 0.061900;ACO 736; 1.785652;0,251804;0
 794;PSZ2 G166.09+43.38;139,4836;51,7221;12,36306;0;0,982448;0,00440816;0,000739971; 20; 0.217200;RXC J0917.8+5143; 6.847479;0,33623;1
 796;PSZ2 G166.27-24.71;55,6608;23,4115; 9.57528;0;0,017294;0,010002;0,0022696; -1;;;;;0
 795;PSZ2 G166.27-25.02;55,4346;23,1835; 8.08967;0;0,013439;0,00342925;0,000795709; -1;;;;;0
 797;PSZ2 G166.56-17.69;61,1943;28,3606; 4.76321;0;0,138292;0,00614302;0,00293056; -1;;;;;0
 798;PSZ2 G166.62+42.13;137,3948;51,5489; 7.96120;0;0,916105;0,00223575;0,000510247; 20; 0.232250;RXC J0909.3+5133; 5.335297;0,391754;1
 799;PSZ2 G167.43-53.67;37,3961;0,4951; 4.64900;0;0,965564;0,00116122;0,000394989; -1;;;;;0
 800;PSZ2 G167.44-38.06;47,3017;12,6199; 7.65663;0;0,019503;0,00688687;0,00168382; -1;;;;;0
 801;PSZ2 G167.63-43.99;43,5901;7,9529; 4.87510;0;0,066769;0,00353552;0,0014911; -1;;;;;0
 802;PSZ2 G167.66-65.59;29,9776;-8,8589; 6.71783;0;0,992368;0,00277052;0,000873073; 20; 0.405000;RXC J0159.8-0850; 7.204626;0,610353;1
 803;PSZ2 G167.67+17.63;99,5265;47,7827;12,08969;0;0,995114;0,00621675;0,00116868; 21; 0.174000;RXC J0638.1+4747; 6.652367;0,33119;1
 804;PSZ2 G167.98-59.95;33,6842;-4,5856; 6.96901;0;0,974573;0,00351035;0,00107371; 20; 0.139300;RXC J0214.6-0433; 4.306384;0,376459;1
 805;PSZ2 G168.33+69.73;174,0505;40,1032; 5.60437;0;0,998553;0,0022443;0,00120943; 20; 0.288000;ACO 1319; 4.792877;0,505692;0
 806;PSZ2 G169.62+33.84;124,1776;49,5502; 5.79713;0;0,948487;0,00199683;0,000704882; 20; 0.346600;WHL J124.192+49.54; 5.915491;0,59464;0
 807;PSZ2 G170.22+09.74;90,8394;42,2323;16,25402;0;0,996077;0,00854206;0,00108092; 11; 0.228000;RXS J060313.4+421;10,759314;0,451077;0
 808;PSZ2 G170.26+73.90;178,0167;37,2537; 5.61329;0;0,998148;0,00703876;0,00346524; 20; 0.164800;ACO 1401; 3.123689;0,305979;0
 809;PSZ2 G170.98+39.45;132,7602;48,5104; 7.18354;0;0,960144;0,00181011;0,000543033; 24; 0.537638;RMJ085058.7+483002.6; 8.076048;0,648098;1
 810;PSZ2 G171.08-80.38;20,4903;-20,516; 4.89657;0;0,808507;0,00439835;0,00144431; 16;;;;;0
 811;PSZ2 G171.22-26.03;58,1852;19,3907; 4.81367;0;0,609742;0,00193184;0,000966504; 16;;;;;0
 812;PSZ2 G171.48+16.17;99,5214;43,8495; 4.75482;0;0,896195;0,00405983;0,0021474; -1;;;;;0
 813;PSZ2 G171.79-42.08;47,1661;7,4092; 5.84199;0;0,004;0,00233527;0,000747964; -1;;;;;0
 814;PSZ2 G171.98-40.66;48,2465;8,3563;13,39432;0;0,96428;0,00468419;0,000698085; 20; 0.270000;;10,710258;0,493136;0
 815;PSZ2 G172.63+35.15;126,3699;47,1532; 7.44124;0;0,997963;0,00221301;0,000690816; 20; 0.126700;RXC J0825.5+4707; 3.901607;0,328528;1
 816;PSZ2 G172.74+65.30;167,9029;40,8574; 7.46362;0;0,946113;0,00672337;0,00203618; 21; 0.079400;RXC J1111.6+4050; 2.453959;0,20837;1
 817;PSZ2 G172.93+21.34;106,943;44,3318; 6.34719;0;0,955781;0,00243786;0,00082222; 11; 0.331000;; 6.121144;0,604067;1
 818;PSZ2 G172.98-53.55;39,9651;-1,5681; 7.61570;0;0,964116;0,00324885;0,000845742; 20; 0.373000;ACO 370; 7.645354;0,556005;1
 819;PSZ2 G173.07-36.15;52,0192;11,0394; 4.58081;0;0,00353;0,00236652;0,00118691; -1;;;;;0
 820;PSZ2 G173.76+22.92;109,3682;44,0577; 5.80347;0;0,999879;0,00648148;0,00237496; -1;;;;;0
 821;PSZ2 G173.90-51.89;41,5115;-0,7434; 4.56346;0;0,948188;0,00542567;0,00283935; 13; 0.179363;; 3.739316;0,486264;0
 822;PSZ2 G174.40-57.33;37,9301;-4,8612; 5.03756;0;0,634378;0,00148273;0,000589212; 21; 0.184300;RXC J0231.7-0451; 3.961237;0,486325;0
 823;PSZ2 G174.96+23.37;110,382;43,1181; 4.67074;0;0,838575;0,0015105;0,000707233; 20; 0.159200;WHL J110.352+43.08; 3.435465;0,438777;0
 824;PSZ2 G175.60+35.47;127,0828;44,7549; 4.91371;0;0,981231;0,00100978;0,000271138; 20; 0.145000;RXC J0828.0+4445; 3.075884;0,389131;0
 825;PSZ2 G175.69-85.98;16,376;-24,6548; 8.76824;0;0,997881;0,00378607;0,00093013; 21; 0.230000;RXCJ0105.5-2439; 5.672555;0,356376;1
 826;PSZ2 G175.89+24.24;111,8375;42,5297; 5.27990;0;0,983942;0,00501875;0,00189075; 25; 0.186500;ZwCl 0723.4+4239; 3.544395;0,497729;0
 827;PSZ2 G176.07-26.95;60,6379;15,6137; 4.90599;0;0,993219;0,0021475;0,00101979; -1;;;;;0
 828;PSZ2 G176.25-52.57;42,056;-2,2374; 8.25116;0;0,98064;0,00176666;0,000317011; 20; 0.236000;RXC J0248.2-0216; 6.065901;0,444711;1
 829;PSZ2 G176.27+37.54;130,0378;44,3618; 4.65390;0;0,990163;0,00226138;0,00116858; 24; 0.566894;RMJ084000.2+442313.3; 6.143406;0,787933;0
 830;PSZ2 G176.27-35.04;54,6848;9,9712; 8.06102;0;0,853458;0,0138823;0,00409626; 21; 0.034700;RXC J0338.6+0958; 2.269227;0,15468;0
 831;PSZ2 G177.03+32.64;123,3526;43,2651; 4.93329;0;0,666635;0,00107638;0,000351251; -1;;;;;0
 832;PSZ2 G178.00+42.32;136,684;43,1361; 4.79549;0;0,892427;0,00153925;0,000781142; 30; 0.236800;NSC J090659+430556; 3.973574;0,523047;0
 833;PSZ2 G178.94+56.00;154,9481;41,0098; 4.96810;0;0,947498;0,00426185;0,00193034; 21; 0.092200;RXC J1019.9+4059; 2.231196;0,273933;0
 834;PSZ2 G179.09+60.12;160,1864;39,9592; 7.50829;0;0,931202;0,00228231;0,000702593; 20; 0.137200;RXC J1040.7+3956; 3.839041;0,313273;1
 835;PSZ2 G179.33-22.22;66,3755;16,4647; 5.01848;0;0,087237;0,00333564;0,00158249; -1;;;;;0
 836;PSZ2 G179.45-43.92;49,8117;2,1337; 4.53719;0;0,954879;0,00168266;0,000827695; -1;;;;;0
 837;PSZ2 G180.25+21.03;109,3672;37,7433;12,77334;0;0,99431;0,00311081;0,000512266; 21; 0.546000;MACSJ0717.5+3745;11,487184;0,534724;1
 838;PSZ2 G180.27-29.53;61,1507;11,1337; 7.05888;0;0,994469;0,00514991;0,00173419; 21; 0.354800;RXC J0404.6+1109; 7.705027;0,661109;0
 839;PSZ2 G180.60+76.65;179,311;33,611;10,99544;0;0,965209;0,00307243;0,000633028; 20; 0.213800;RXC J1157.3+3336; 6.299809;0,346056;1
 840;PSZ2 G180.74-85.21;17,3079;-24,5108; 5.16763;0;0,996431;0,00215362;0,00100789; -1;;;;;0
 841;PSZ2 G180.88+31.04;121,9739;39,7755; 5.46934;0;0,905053;0,00125295;0,000395197; 24; 0.364653;RMJ080747.3+394635.6; 5.988849;0,682141;0
 842;PSZ2 G181.06+48.47;144,8501;40,7576; 5.20047;0;0,962688;0,00183772;0,00074489; 24; 0.240392;RMJ093930.4+404710.4; 4.231924;0,481598;0
 843;PSZ2 G181.44-44.76;50,1263;0,5115; 4.63593;0;0,940227;0,00278699;0,00132059; 20; 0.393900;WHL J50.1286+0.545; 5.136061;0,692383;0
 844;PSZ2 G181.71-68.65;31,649;-14,88; 6.46503;0;0,987189;0,00277196;0,00102589; 21; 0.152900;RXCJ0206.4-1453; 3.967463;0,38008;1
 845;PSZ2 G181.88-30.77;61,0893;9,2708; 9.29350;0;0,020972;0,0098857;0,00187299; -1;;;;;0
 846;PSZ2 G182.42-28.28;63,3551;10,472;15,77494;0;0,990799;0,0147998;0,0023991; 21; 0.088200;RXC J0413.4+1028; 6.952417;0,282699;0
 847;PSZ2 G182.59+55.83;154,2574;39,028; 9.40210;0;0,985444;0,00345695;0,00076415; 21; 0.206000;RXC J1017.0+3902; 5.834504;0,329492;1
 848;PSZ2 G183.30+34.98;127,4335;38,4548; 6.19264;0;0,990957;0,00417452;0,00170535; 20; 0.391900;WHL J127.437+38.46; 6.559128;0,589322;1
 849;PSZ2 G183.32-31.51;61,2959;7,8487; 4.56022;0;0,694474;0,001421;0,0005001; -1;;;;;0
 850;PSZ2 G183.90+42.99;137,6963;38,8112; 5.75956;0;0,998826;0,00148798;0,000530568; 25; 0.561000;WHL J137.713+38.83; 6.945816;0,725204;0
 852;PSZ2 G183.92+16.36;105,4894;32,8598; 4.97405;0;0,925327;0,00622758;0,0019871; -1;;;;;0
 851;PSZ2 G183.92-68.82;32,0046;-15,6243; 4.86474;0;0,789002;0,00291335;0,00128413; -1;;;;;0
 853;PSZ2 G184.24+43.69;138,6019;38,6019; 5.04843;0;0,997828;0,00149939;0,000696539; 30; 0.397000;GMBCG J138.60554+38.58943; 5.410920;0,58389;0
 854;PSZ2 G184.68+28.91;120,2399;36,0972; 6.75058;0;0,986741;0,0064115;0,00253047; 20; 0.288000;RXC J0800.9+3602; 5.501800;0,512881;1
 855;PSZ2 G185.08+34.02;126,5397;36,8505; 4.51375;0;0,909132;0,00647314;0,00333092; 24; 0.364755;RMJ082607.3+364738.5; 5.409293;0,757793;0
 856;PSZ2 G185.16-53.63;44,7695;-6,9711; 5.48834;0;0,973588;0,00114368;0,000301629; 24; 0.422989;RMJ025904.4-065921.0; 6.354980;0,720027;0
 857;PSZ2 G185.45-32.01;62,017;6,1094; 4.99162;0;0,01897;0,00447513;0,00166131; -1;;;;;0
 858;PSZ2 G185.50-33.94;60,5059;4,903; 5.42539;0;0,006127;0,00224872;0,000806746; -1;;;;;0
 859;PSZ2 G185.68+09.82;99,339;28,6406; 5.18358;0;0,96071;0,00299531;0,00132405; -1;;;;;0
 860;PSZ2 G185.72-32.23;61,982;5,7911; 5.12034;0;0,013833;0,0038985;0,00222845; -1;;;;;0
 861;PSZ2 G186.24-11.99;79,0688;17,2273; 6.28716;0;0,993083;0,0109259;0,00448387; 21; 0.115000;RXC J0516.3+1712; 4.698221;0,490425;0
 862;PSZ2 G186.37+37.26;130,7485;36,3528;18,86364;0;0,992798;0,00744481;0,000715703; 20; 0.282000;RXC J0842.9+3621;10,998416;0,371664;1
 863;PSZ2 G186.50-13.45;77,9523;16,2059; 5.21916;0;0,994225;0,0027964;0,000988623; -1;;;;;0
 864;PSZ2 G186.61+62.94;162,6646;35,8429; 5.29230;0;0,988417;0,000814873;0,000166251; 24; 0.509365;RMJ105038.6+354912.4; 5.680198;0,632523;0
 865;PSZ2 G186.81+07.32;97,3658;26,5284; 5.42826;0;0,996172;0,00274353;0,000789385; 10; 0.220400;WHL J97.3409+26.50; 5.375743;0,479083;0
 866;PSZ2 G186.99+38.65;132,5385;36,0766; 7.22065;0;0,929367;0,00308204;0,000848283; 20; 0.378000;RXC J0850.2+3603; 6.840518;0,496559;1
 867;PSZ2 G187.53+21.92;113,0646;31,6261; 8.14396;0;0,93757;0,0029117;0,000828675; 20; 0.171000;RXC J0732.3+3137; 5.165305;0,399531;1
 868;PSZ2 G187.74+20.66;111,7531;31,022; 5.38610;0;0,974341;0,00316313;0,00126164; 20; 0.192900;WHL J111.708+31.03; 4.290579;0,485227;0
 869;PSZ2 G188.33-34.98;61,0749;2,4082; 6.09541;0;0,999513;0,00193531;0,000578292; 20;;ZwCl 0401.8+0219;;;0
 870;PSZ2 G188.38+07.05;97,8736;25,0178; 7.05878;0;0,998571;0,0116291;0,00269409; 21; 0.081000;RXC J0631.3+2500; 3.310576;0,24536;0
 871;PSZ2 G188.57-68.86;32,9565;-17,0348; 4.78078;0;0,706539;0,00114217;0,000389909; 11; 0.174000;ACO  2985; 3.339818;0,410517;0
 872;PSZ2 G189.23+20.55;112,1961;29,673; 5.12412;0;0,89909;0,00266447;0,000962253; 21; 0.397600;RXC J0728.9+2935; 5.462187;0,667627;0
 873;PSZ2 G189.31+59.24;157,9544;35,0406; 6.72116;0;0,969378;0,00193356;0,000551067; 20; 0.125900;RXC J1031.7+3502; 3.241592;0,30412;1
 874;PSZ2 G189.53-25.10;69,7681;7,2696; 6.50821;0;0,999322;0,00152952;0,00038141; 21; 0.245000;RXC J0439.0+0715; 6.037396;0,623703;0
 875;PSZ2 G189.79-37.25;59,9045;0,1319; 7.27781;0;0,021067;0,00869509;0,00289545; -1;;;;;0
 876;PSZ2 G190.61+66.46;166,5376;33,572; 5.10765;0;0,964039;0,00199668;0,000744262; 20; 0.488100;WHL J166.535+33.56; 5.546290;0,625958;0
 877;PSZ2 G191.00+06.65;98,7641;22,517;16,61067;0;0,993395;0,02968;0,00315838; 21; 0.068000;RXC J0635.0+2231; 5.891888;0,214605;0
 878;PSZ2 G191.57+58.88;157,4152;33,9099; 5.16917;0;0,840136;0,000761339;0,000147773; -1;;;;;0
 879;PSZ2 G191.63-28.01;68,4082;4,0788; 4.93179;0;0,958323;0,00168083;0,000640195; 16;;;;;0
 880;PSZ2 G191.82-26.64;69,6538;4,7007; 6.17202;0;0,001054;0,00316571;0,00170419; -1;;;;;0
 881;PSZ2 G192.18+56.12;154,0911;33,6604; 7.82347;0;0,980365;0,00371938;0,000867033; 20; 0.124000;RXC J1016.3+3338; 3.620565;0,284649;1
 882;PSZ2 G192.40-67.89;34,5819;-17,7564; 7.03014;0;0,000015;0,00187386;0,000462016; -1;;;;;0
 883;PSZ2 G192.77+33.14;127,1718;30,4022; 5.02881;0;0,732418;0,00306232;0,00125829; 21; 0.050300;RXC J0828.6+3025; 1.658464;0,193152;0
 884;PSZ2 G192.90+29.63;123,3039;29,3652; 4.63930;0;0,923034;0,00101154;0,00036412; 24; 0.360465;RMJ081305.4+292014.8; 5.170002;0,737849;0
 885;PSZ2 G193.31-46.13;53,9795;-6,9899; 4.63345;0;0,976272;0,000791027;0,000176572; 20; 0.640000;; 6.085709;0,756552;0
 886;PSZ2 G193.63+54.85;152,5729;32,8307; 5.85427;0;0,93325;0,00206332;0,000729818; 20; 0.292000;WHL J152.572+32.83; 5.185323;0,497973;0
 887;PSZ2 G193.90+09.41;102,7991;21,1486; 5.06113;0;0,895345;0,00445095;0,002322; -1;;;;;0
 888;PSZ2 G194.36+14.07;107,5619;22,6875; 4.94129;0;0,992674;0,00234627;0,000875319; 21; 0.289000;RXC J0710.4+2240; 5.065539;0,57817;0
 889;PSZ2 G194.68-49.76;51,3417;-9,6805; 5.71161;0;0,79515;0,00140038;0,000438701; -1;;;;;0
 890;PSZ2 G194.98+54.12;151,7502;32,0212; 5.48132;0;0,996537;0,00124176;0,000391548; 24; 0.374986;RMJ100655.7+315934.9; 5.663106;0,649686;0
 891;PSZ2 G195.03-79.43;23,8236;-23,4607; 4.67005;0;0,865684;0,00185006;0,00093966; -1;;;;;0
 892;PSZ2 G195.24+29.34;123,6579;27,3366; 4.96606;0;0,982623;0,00122814;0,000421427; 24; 0.284176;RMJ081435.5+271915.7; 4.943095;0,603071;0
 893;PSZ2 G195.39-29.08;69,3003;0,7271; 5.43679;0;0,999011;0,00161477;0,000537321; 21; 0.284200;RXCJ0437.1+0043; 5.561950;0,612509;0
 894;PSZ2 G195.60+44.06;140,0993;30,5038; 7.56083;0;0,957385;0,00209567;0,000680286; 20; 0.295200;RXC J0920.4+3030; 6.130715;0,459614;1
 895;PSZ2 G195.65-17.67;79,1681;6,5067; 4.90574;0;0,998368;0,00846673;0,0026215; 21; 0.028400;RXC J0516.6+0626; 1.660515;0,185453;0
 896;PSZ2 G195.75-24.32;73,5267;2,9623;11,78439;0;0,985954;0,00569177;0,000992763; 21; 0.203000;RXC J0454.1+0255; 7.800380;0,403368;1
 897;PSZ2 G196.65-45.51;55,7313;-8,6606; 4.91021;0;0,984697;0,00153772;0,000599514; 20;;;;;0
 898;PSZ2 G197.13+33.46;128,6143;26,9731; 4.98160;0;0,956824;0,00220782;0,00114607; 20; 0.456100;WHL J128.694+26.97; 5.866946;0,635317;0
 899;PSZ2 G198.46+46.01;142,7118;28,8476; 6.26546;0;0,911894;0,00178565;0,000630789; 24; 0.299462;RMJ093049.7+285108.0; 5.554940;0,518981;1
 900;PSZ2 G198.47-23.69;75,3424;1,1554; 5.70269;0;0,9753;0,00373998;0,0022493; 21; 0.124800;RXCJ0501.6+0110; 3.629380;0,374369;0
 901;PSZ2 G198.73+13.34;108,7047;18,521; 6.02919;0;0,310649;0,00643394;0,0017653; 20;;;;;0
 902;PSZ2 G198.80-57.57;45,5297;-15,5702; 4.82947;0;0,9594;0,00111134;0,000365953; 16;;;;;0
 903;PSZ2 G198.90+18.16;113,4539;20,3135; 5.86283;0;0,998613;0,00277407;0,00091391; 20; 0.318400;WHL J113.433+20.31; 5.842621;0,545116;0
 904;PSZ2 G199.09-16.61;81,7646;4,2177; 4.62144;0;0,998562;0,00720832;0,00381864; 21; 0.151000;RXC J0527.2+0413; 4.623632;0,754303;0
 905;PSZ2 G199.61+53.41;151,2012;29,2311; 5.40493;0;0,959288;0,00220673;0,000744172; 13; 0.371173;; 5.538029;0,576712;0
 906;PSZ2 G199.73+36.98;133,0361;25,8874; 4.60708;0;0,971172;0,000801848;0,000184318; 15;;;;;0
 907;PSZ2 G199.75+46.59;143,5387;28,0764; 4.76488;0;0,892434;0,000900683;0,000252829; 20; 0.553387;; 5.914315;0,731606;0
 908;PSZ2 G200.06+77.22;178,5581;29,2431; 5.00230;0;0,936638;0,00210848;0,00089027; 24; 0.360512;RMJ115415.7+291524.1; 4.621805;0,569733;0
 909;PSZ2 G200.63-64.71;39,1086;-19,3489; 5.13078;0;0,952155;0,00359384;0,00153594; 21; 0.090700;RXCJ0236.6-1923; 2.479620;0,30311;0
 910;PSZ2 G200.82+27.42;123,3944;22,0689; 5.86092;0;0,985712;0,00123601;0,000410597; 24; 0.382015;RMJ081327.4+220331.4; 6.093917;0,580655;0
 911;PSZ2 G200.95-28.16;72,5835;-3,0073; 6.19541;0;0,990548;0,00209991;0,000824949; 20; 0.220000;; 5.302291;0,508556;1
 912;PSZ2 G201.20-42.83;59,7072;-10,2163; 4.70046;0;0,921253;0,00193688;0,00110814; -1;;;;;0
 913;PSZ2 G201.50-27.31;73,5592;-3,019; 7.10882;0;0,991882;0,00138048;0,000204605; 21; 0.537700;MACSJ0454.1-0300; 8.304255;0,698157;1
 914;PSZ2 G201.54+30.62;126,8799;22,5542; 6.95545;0;0,984949;0,00160852;0,000466229; 25; 0.334900;ZwCl 0824.5+2244; 6.348716;0,532533;1
 915;PSZ2 G202.50+19.17;115,8559;17,5725; 4.83866;0;0,876835;0,00309243;0,00105406; 24; 0.101593;RMJ074323.1+173341.9; 2.605886;0,363161;0
 916;PSZ2 G202.61-26.26;74,962;-3,3718; 4.87432;0;0,94413;0,00127405;0,000460519; -1;;;;;0
 917;PSZ2 G202.66+66.98;166,8142;28,7965; 4.62707;0;0,997039;0,00253428;0,0014447; -1;;;;;0
 918;PSZ2 G203.18+20.84;117,7271;17,6433; 5.28183;0;0,853463;0,0058106;0,00191472; 24; 0.184015;RMJ075100.8+173753.8; 3.520769;0,467984;0
 919;PSZ2 G203.22+66.40;166,1721;28,5492; 5.01097;0;0,961995;0,000830754;0,000204318; 24; 0.579565;RMJ110444.3+283541.3; 5.887129;0,680802;0
 920;PSZ2 G203.32+08.91;106,5419;12,5539; 5.15365;0;0,983852;0,00393984;0,00180316; -1;;;;;0
 921;PSZ2 G203.71+50.82;148,7731;26,3309; 4.64763;0;0,977786;0,00199071;0,00108315; -1;;;;;0
 922;PSZ2 G204.10+16.51;113,9602;15,0979; 6.68551;0;0,989935;0,00452716;0,00207313; 10; 0.122000;ZwCl 0733.1+1514; 3.705868;0,341609;1
 923;PSZ2 G204.24+14.51;112,145;14,144; 5.87085;0;0,97079;0,0011927;0,000261867; 10; 0.345400;WHL J112.147+14.12; 6.011415;0,609579;0
 924;PSZ2 G204.73+15.88;113,6338;14,2884; 6.10697;0;0,953069;0,00139665;0,000340317; 20; 0.344000;; 6.221509;0,603268;1
 925;PSZ2 G204.91-69.71;34,6922;-22,6225; 4.77417;0;0,992554;0,00140157;0,000611738; -1;;;;;0
 926;PSZ2 G205.05-62.95;41,6076;-20,5269; 8.94762;0;0,988207;0,00465596;0,00124996; 20; 0.310000;; 7.635277;0,480611;1
 927;PSZ2 G205.48+18.70;116,5856;14,797; 4.62855;0;0,973978;0,00556855;0,00333635; 24; 0.446659;RMJ074629.7+144629.5; 5.832057;0,795571;0
 928;PSZ2 G205.56-44.20;59,8765;-13,6567; 5.76027;0;0,915825;0,00213835;0,000707617; 20;;ACO   471;;;0
 929;PSZ2 G205.65+18.10;116,0924;14,406; 5.25062;0;0,989354;0,00560203;0,0025745; 24; 0.445414;RMJ074420.6+142252.4; 6.037405;0,696528;0
 930;PSZ2 G205.90+73.76;174,5534;27,9203; 7.95128;0;0,938635;0,00162934;0,000393823; 20; 0.447400;WHL J174.518+27.97; 7.387940;0,542452;1
 931;PSZ2 G205.93-39.46;64,4064;-11,8959;13,77848;0;0,996713;0,00364879;0,000523331; 21; 0.443000;MACSJ0417.5-1154;12,250381;0,525318;1
 932;PSZ2 G206.22+24.89;122,7687;16,6288; 4.63239;0;0,988038;0,00337013;0,0014263; 21; 0.092500;RXC J0811.0+1644; 2.274809;0,307507;0
 933;PSZ2 G206.45+13.89;112,497;11,9391; 7.30373;0;0,994517;0,00160286;0,000357518; 12; 0.381000;; 7.238685;0,603491;1
 934;PSZ2 G206.55-43.22;61,1063;-13,9; 4.58402;0;0,979947;0,0010068;0,000341342; -1;;;;;0
 935;PSZ2 G206.75-33.21;70,4287;-9,7668; 4.93081;0;0,944584;0,00165764;0,000566653; 16;;;;;0
 936;PSZ2 G207.88+81.31;183,0901;27,553;10,08654;0;0,984688;0,00246135;0,000520096; 20; 0.353000;RXC J1212.3+2733; 7.503772;0,43784;1
 937;PSZ2 G208.57-44.31;60,6747;-15,6733; 4.52906;0;0,954333;0,00194988;0,00101867; -1;;;;;0
 938;PSZ2 G208.60-26.00;77,6869;-8,0202;10,27397;0;0,943794;0,00423961;0,000873695; 21; 0.219500;RXCJ0510.7-0801; 7.743840;0,475853;1
 939;PSZ2 G208.61-74.39;30,0623;-24,9067; 4.86215;0;0,97132;0,000935877;0,000249242; 20; 0.720000;; 6.253783;0,716011;0
 940;PSZ2 G208.80-30.67;73,521;-10,2263; 9.47738;0;0,981855;0,00250507;0,000598825; 21; 0.247500;RXCJ0454.1-1014; 7.255627;0,47432;1
 941;PSZ2 G209.17-80.38;23,556;-26,093; 4.79431;0;0,955258;0,0011246;0,000387709; 30; 0.159700;ABELL 0214; 3.166373;0,400004;0
 942;PSZ2 G209.53+43.32;142,0006;20,5638; 4.84260;0;0,885868;0,00382349;0,00202953; 21; 0.192000;RXC J0928.1+2032; 3.817206;0,509852;0
 943;PSZ2 G209.54-36.50;68,3766;-13,2393;12,20785;0;0,97587;0,0143071;0,00292529; 21; 0.032600;RXCJ0433.6-1315; 2.713885;0,145772;1
 944;PSZ2 G209.79+10.23;110,5963;7,4086; 9.56264;0;0,981954;0,00239132;0,000511818; 11; 0.677000;;10,727318;0,629984;1
 945;PSZ2 G210.01+50.85;149,8408;22,4723; 5.05576;0;0,976144;0,00254393;0,000938753; 30; 0.319000;GMBCG J149.91715+22.43516; 4.956008;0,628646;0
 946;PSZ2 G210.02-56.38;49,1152;-20,7779; 4.73317;0;0,988073;0,00478407;0,00274876; -1;;;;;0
 947;PSZ2 G210.08-60.96;44,4181;-22,1627; 6.69564;0;0,985914;0,00130299;0,000280837; 21; 0.322000;MACSJ0257.6-2209; 6.054954;0,562423;1
 948;PSZ2 G210.22+15.56;115,6298;9,3739; 5.48717;0;0,930077;0,00553247;0,00196979; 21; 0.062000;RXC J0742.6+0922; 2.031349;0,246809;0
 949;PSZ2 G210.37-37.00;68,1827;-14,0503; 9.84468;0;0,001494;0,0136634;0,00365326; -1;;;;;0
 950;PSZ2 G210.57-44.61;60,9467;-17,1091; 5.64529;0;0,998775;0,00263811;0,000947449; 20;;ACO   472;;;0
 951;PSZ2 G210.64+17.09;117,2072;9,6685; 7.55613;0;0,992858;0,00148431;0,000294154; 20; 0.480000;; 7.790246;0,605383;1
 952;PSZ2 G210.71+63.08;162,9235;24,9692; 7.37338;0;0,008575;0,00121905;0,000212433; -1;;;;;0
 953;PSZ2 G210.78-36.25;69,0298;-14,0494; 6.31805;0;0,999977;0,00246508;0,000922466; -1;;;;;0
 954;PSZ2 G211.21+38.66;137,8045;17,8027; 5.58758;0;0,860523;0,00137747;0,000441526; 20; 0.504900;RXC J0911.1+1746; 6.990734;0,729213;0
 955;PSZ2 G211.31-60.28;45,3098;-22,5532; 5.19619;0;0,95433;0,00198747;0,00111893; 16;;;;;0
 956;PSZ2 G212.25-53.20;52,7757;-21,0276; 5.88077;0;0,998493;0,00186804;0,00062364; 21; 0.188000;RXCJ0331.1-2100; 4.342922;0,455919;0
 957;PSZ2 G212.44+63.19;163,2184;24,2294; 4.78182;0;0,978126;0,0025931;0,00109434; 24; 0.541977;RMJ105252.4+241530.0; 5.659371;0,809484;0
 958;PSZ2 G212.50-61.38;44,3123;-23,3967; 5.36491;0;0,95205;0,00227068;0,000956347; 21; 0.504900;MACSJ0257.1-2325; 6.218674;0,703486;0
 959;PSZ2 G212.80+50.63;150,1653;20,7207; 4.67614;0;0,996569;0,00525282;0,00338519; 13; 0.218671;; 4.016582;0,448609;0
 960;PSZ2 G212.82-84.04;19,5485;-26,9588; 8.55630;0;0,948973;0,00291643;0,000759385; 21; 0.227500;RXCJ0118.1-2658; 5.679254;0,384246;1
 961;PSZ2 G212.93-54.04;52,0399;-21,6608; 4.85089;1;0,972897;0,00117898;0,00039573; 21; 0.590000;BVH2007 43; 6.215020;0,779037;0
 962;PSZ2 G213.27+78.38;179,864;26,4593; 5.26464;0;0,914752;0,00083967;0,000178785; 12; 0.316000;; 4.815767;0,566302;0
 963;PSZ2 G213.30+50.99;150,6297;20,5283; 4.50094;0;0,731386;0,00124124;0,000541709; 25; 0.320500;ACO 913; 4.708587;0,611051;0
 964;PSZ2 G213.39+80.59;182,3234;26,6591; 6.59568;0;0,945187;0,00128681;0,00038425; 20; 0.558600;WHL J182.349+26.67; 7.034222;0,627999;1
 965;PSZ2 G213.73-56.15;49,9841;-22,6848; 5.00908;0;0,982304;0,00183773;0,000852477; 16;;;;;0
 966;PSZ2 G214.08+23.15;124,1581;9,3694; 6.78618;0;0,990976;0,00223435;0,000554078; 20; 0.255700;WHL J124.171+9.392; 5.692354;0,43935;1
 967;PSZ2 G214.61-22.70;83,1017;-11,5431; 7.53973;0;0,998647;0,00620969;0,00192672; 21; 0.154000;RXCJ0532.3-1131; 5.394049;0,405978;0
 968;PSZ2 G215.19-49.65;57,0011;-21,7351; 8.31131;0;0,96348;0,00273451;0,000663786; 30; 0.239900;A3168; 5.993478;0,433971;1
 969;PSZ2 G215.24-26.10;80,1758;-13,469; 6.02551;0;0,993473;0,00168514;0,000441083; 21; 0.336000;MACSJ0520.7-1328; 6.242378;0,523509;0
 970;PSZ2 G215.25-87.14;16,0648;-27,2075; 4.75841;0;0,896113;0,000727688;0,000149434; -1;;;;;0
 971;PSZ2 G215.51+06.58;109,8933;0,7157;11,33548;0;0,995599;0,00464529;0,000903292; 21; 0.219700;RXC J0719.5+0043; 8.037874;0,417277;0
 972;PSZ2 G215.61+22.61;124,2863;7,8691; 6.54620;0;0,974843;0,00123455;0,000266907; 24; 0.249188;RMJ081710.5+075344.3; 5.194909;0,491128;1
 973;PSZ2 G215.75-32.97;73,797;-16,5573; 4.53429;0;0,918194;0,000952088;0,000342748; -1;;;;;0
 974;PSZ2 G216.25+10.10;113,3568;1,6767; 5.51826;0;0,000571;0,00279165;0,00123825; -1;;;;;0
 975;PSZ2 G216.44-29.11;77,7507;-15,6326; 5.52851;0;0,99259;0,00371845;0,0013782; 20; 0.470000;; 6.168271;0,743518;0
 976;PSZ2 G216.62+47.00;147,4592;17,1214; 9.82794;0;0,97842;0,00225046;0,000440062; 20; 0.382600;RXC J0949.8+1707; 8.238750;0,464494;1
 977;PSZ2 G216.76-41.84;65,3238;-20,3952; 6.13898;0;0,979403;0,00152764;0,000473467; 20;;ACO S  443;;;1
 978;PSZ2 G216.80+09.25;112,8516;0,7967; 5.63091;0;0,996055;0,00283605;0,00107312; 11; 0.273000;; 5.166925;0,565828;0
 979;PSZ2 G217.09+40.15;141,032;14,1663; 7.01676;0;0,942044;0,00490438;0,00134267; 20; 0.135700;RXC J0924.0+1410; 3.889829;0,354742;1
 980;PSZ2 G217.40+10.88;114,5737;1,0271; 7.77638;0;0,996885;0,00281938;0,000817135; 21; 0.189000;RXC J0738.2+0101; 5.339805;0,41284;1
 981;PSZ2 G218.54+13.26;117,2011;1,1375; 5.63154;1;0,01056;0,00160286;0,000518776; 12; 0.327000;; 5.963966;0,645382;0
 982;PSZ2 G218.58+08.71;113,1884;-1,0031; 4.62836;0;0,999212;0,0220883;0,00656396; -1;;;;;0
 983;PSZ2 G218.59+71.31;172,4648;23,8168; 7.21571;0;0,9296;0,00381007;0,00113681; 20; 0.137100;RXC J1129.8+2347; 3.591041;0,297706;1
 984;PSZ2 G218.81+35.51;137,2881;10,9852; 8.42995;0;0,994182;0,0039115;0,000940982; 20; 0.175100;RXC J0909.1+1059; 5.418206;0,390756;1
 985;PSZ2 G219.12+44.49;145,7492;14,5407; 4.77063;0;0,984647;0,00211528;0,00118731; 20; 0.340300;WHL J145.739+14.50; 5.225016;0,628076;0
 986;PSZ2 G219.45-35.90;72,047;-20,4446; 6.51679;0;0,888464;0,00750956;0,00244061; 21; 0.072000;RXCJ0448.2-2028; 2.472006;0,261637;1
 987;PSZ2 G219.88+22.83;126,2813;4,4564; 7.89559;0;0,942028;0,00868929;0,00244853; 24; 0.232813;RMJ082500.2+042548.6; 5.067926;0,435407;1
 988;PSZ2 G219.89-34.39;73,6896;-20,2805; 6.32961;0;0,91903;0,00134244;0,000382348; 20; 0.700000;; 7.916411;0,623527;1
 989;PSZ2 G220.11+22.91;126,4477;4,3036; 6.79560;0;0,985398;0,00995608;0,00338034; 20; 0.224800;RXC J0825.9+0415; 4.874734;0,412458;0
 990;PSZ2 G220.53-38.55;69,6462;-22,1037; 6.56846;0;0,975484;0,0026591;0,00121815; 21; 0.067000;RXCJ0438.9-2206; 2.394343;0,232373;1
 991;PSZ2 G220.74-58.91;47,8672;-26,9359; 4.61904;0;0,750799;0,00309273;0,00118517; 21; 0.068500;RXCJ0311.4-2653; 1.917821;0,256015;0
 992;PSZ2 G220.83+42.20;144,1466;12,4522; 5.81092;0;0,943394;0,00131302;0,000380853; 25; 0.310400;ZwCl 0934.1+1245; 5.750048;0,616109;0
 993;PSZ2 G221.06-44.05;64,0354;-24,0544; 5.14706;0;0,952255;0,00123554;0,000432759; 16;;;;;0
 994;PSZ2 G222.52+20.58;125,4495;1,2302; 5.03580;0;0,984172;0,00195992;0,00087631; 21; 0.082200;RXCJ0821.8+0112; 2.288994;0,290518;0
 995;PSZ2 G222.77+60.67;162,2073;18,8474; 5.28304;0;0,990191;0,00220462;0,0011725; 30; 0.160300;NSC J104836+185217; 3.499502;0,451845;0
 996;PSZ2 G222.78+12.84;118,7764;-2,6984; 6.86519;0;0,993971;0,00180476;0,000557438; 11; 0.369000;; 6.724890;0,587678;1
 997;PSZ2 G222.99-65.70;40,3544;-28,6594; 8.53530;0;0,983875;0,00318337;0,000668626; 21; 0.232300;RXC J0241.3-2839; 6.183716;0,400613;1
 998;PSZ2 G223.04-20.27;88,6792;-17,7383; 4.99131;0;0,946904;0,00196827;0,000813229; 11; 0.190000;ACO   551; 3.930460;0,483794;0
 999;PSZ2 G223.16-68.81;36,8096;-28,8377; 5.06301;0;0,986887;0,00216142;0,00103373; 21; 0.213800;RXC J0227.2-2851; 4.139653;0,465631;0
1000;PSZ2 G223.47+26.85;131,3706;3,4754; 4.98865;0;0,909811;0,00283925;0,00120814; 20; 0.326900;RXC J0845.5+0327; 5.271713;0,648236;0
1001;PSZ2 G223.93-60.10;46,7529;-28,6844; 9.44910;0;0,970249;0,00316916;0,000705013; 21; 0.253700;RXCJ0307.0-2840; 6.960428;0,443436;1
1002;PSZ2 G224.00+69.33;171,0046;21,4894; 8.78746;0;0,980364;0,0033973;0,000869775; 20; 0.190400;RXC J1123.9+2129; 5.274279;0,351318;1
1003;PSZ2 G224.01-11.14;97,7525;-14,8352; 6.72220;0;0,995316;0,00245603;0,000889326; 11; 0.620000;; 8.453644;0,706648;0
1004;PSZ2 G224.03-76.42;28,1127;-28,9132; 5.93903;0;0,998355;0,0033313;0,00134461; 21; 0.413000;MACSJ0152.5-2852; 5.929870;0,520573;0
1005;PSZ2 G224.37-47.33;61,0977;-27,0629; 4.69813;0;0,964429;0,0017609;0,00070342; 16;;;;;0
1006;PSZ2 G224.38-24.95;84,5847;-20,6454; 5.60935;0;0,993643;0,00291602;0,000937127; 21; 0.091500;RXCJ0538.2-2037; 2.536561;0,279292;0
1007;PSZ2 G224.40-76.54;27,968;-28,9898; 6.09079;0;0,994508;0,00451862;0,00166396; 20; 0.413000;RXC J0152.5-2853; 5.815093;0,47344;0
1008;PSZ2 G224.53-30.27;79,2672;-22,6129; 4.70443;0;0,992444;0,00250308;0,00132559; 30; 0.200138;ABELL S0519; 3.715102;0,511204;0
1009;PSZ2 G224.82+13.62;120,4237;-4,0647; 5.83357;0;0,999436;0,00189484;0,000916176; 12; 0.294000;; 5.475418;0,5528;0
1010;PSZ2 G224.86-79.51;24,5816;-28,8074; 4.97966;0;0,886925;0,000878017;0,00024525; -1;;;;;0
1011;PSZ2 G225.18-33.61;75,9984;-24,1888; 4.67816;0;0,55239;0,0118205;0,00579331; -1;;;;;0
1012;PSZ2 G225.48+29.41;134,4753;3,1744; 5.95827;0;0,98231;0,00255573;0,000949442; 20; 0.203000;ACO 732; 4.598209;0,449771;0
1013;PSZ2 G225.56-27.27;82,6507;-22,4594; 5.48184;0;0,99986;0,0013951;0,000570686; 21; 0.170600;RXCJ0530.6-2226; 3.544921;0,430722;0
1014;PSZ2 G225.76-17.35;92,572;-18,9449; 5.04040;0;0,992671;0,00118739;0,00040876; -1;;;;;0
1015;PSZ2 G225.84+41.84;145,5403;8,9731; 5.07984;0;0,948224;0,00457056;0,00380678; 20; 0.206000;RXC J0942.0+0857; 4.043000;0,409356;0
1016;PSZ2 G225.93-19.99;90,0651;-20,1243;12,41751;0;0,9946;0,00377366;0,000646459; 20; 0.460000;RXC J0600.1-2007;10,730866;0,511165;1
1017;PSZ2 G226.12-19.51;90,614;-20,1029; 4.57147;0;0,993049;0,0011058;0,000429941; -1;;;;;0
1018;PSZ2 G226.15+09.02;117,0195;-7,4467; 4.65858;0;0,984145;0,000829305;0,000192057; -1;;;;;0
1019;PSZ2 G226.16-21.95;88,2137;-21,065; 9.52230;0;0,951937;0,00726888;0,00144114; 21; 0.098900;RXCJ0552.8-2103; 3.873214;0,252005;1
1020;PSZ2 G226.18+76.79;178,8323;23,4096;14,55732;0;0,995024;0,00555295;0,000892644; 20; 0.142700;RXC J1155.3+2324; 5.947109;0,241817;1
1021;PSZ2 G226.75+48.95;152,2158;11,7897; 6.74062;0;0,926889;0,00395035;0,00159641; 21; 0.224500;RXC J1008.7+1147; 4.849551;0,409732;1
1022;PSZ2 G227.21+54.79;157,6628;14,2433; 5.69290;0;0,897503;0,00486658;0,00218607; 24; 0.326478;RMJ103034.8+141541.8; 4.867527;0,510669;0
1023;PSZ2 G227.30+09.00;117,5643;-8,4398; 4.61783;0;0,922455;0,00202629;0,000965981; -1;;;;;0
1024;PSZ2 G227.44-31.24;79,1245;-25,2856; 4.73415;0;0,942595;0,00786555;0,00255116; -1;;;;;0
1025;PSZ2 G227.59+22.98;129,8603;-1,6789; 4.59576;0;0,9932;0,00253039;0,00144706; 30; 0.280850;MaxBCG J129.82432-01.6994; 4.768429;0,66022;0
1026;PSZ2 G227.61+54.87;157,848;14,0766; 5.63651;0;0,873166;0,00127186;0,00049014; 25; 0.318800;ZwCl 1028.8+1419; 5.275887;0,539782;0
1027;PSZ2 G227.61-84.72;18,6637;-28,3465; 4.92633;0;0,955325;0,00097659;0,000326252; 16;;;;;0
1028;PSZ2 G227.63-52.28;55,917;-29,9277; 4.58425;0;0,922401;0,00177877;0,000955557; 30; 0.210900;2MASX J03433581-2955302; 3.653878;0,543651;0
1029;PSZ2 G227.89+36.58;141,7154;5,0097; 5.57671;0;0,952598;0,00123588;0,000365573; 25; 0.461600;ZwCl 0924.4+0511; 6.387644;0,670228;0
1030;PSZ2 G228.16+75.20;177,4032;22,4063;11,41752;0;0,988079;0,00239906;0,000457264; 20; 0.545000;RXC J1149.5+2224;10,417826;0,520726;1
1031;PSZ2 G228.29+55.08;158,2243;13,8249; 5.75173;0;0,974028;0,00711362;0,00258954; 25; 0.315200;ZwCl 1030.2+1408; 4.511740;0,497456;0
1032;PSZ2 G228.30-49.02;59,7058;-29,9347; 7.56157;0;0,980774;0,00282023;0,000769583; 21; 0.425000;MACSJ0358.8-2955; 7.204823;0,522445;1
1033;PSZ2 G228.35-66.31;39,6692;-30,8391; 9.08268;0;0,684952;0,0280895;0,00304307; -1;;;;;0
1034;PSZ2 G228.38+38.58;143,6419;5,6836; 4.58413;0;0,974343;0,00105631;0,000396107; 24; 0.543811;RMJ093439.0+054144.8; 6.150394;0,82199;0
1035;PSZ2 G228.50+34.95;140,5606;3,7529; 6.69323;0;0,976657;0,00264157;0,000801292; 20; 0.270100;WHL J140.532+3.766; 5.781798;0,511465;1
1036;PSZ2 G228.62+68.44;170,8008;19,6118; 5.97469;0;0,998571;0,00266536;0,00108769; 21; 0.104200;RXC J1123.2+1935; 2.910177;0,311531;0
1037;PSZ2 G229.23-17.23;94,0897;-21,9416; 9.64418;0;0,982821;0,00503167;0,0009809; 21; 0.171000;RXC J0616.3-2156; 5.250618;0,335325;1
1038;PSZ2 G229.37+49.70;153,725;10,6511; 4.90937;0;0,997803;0,00147529;0,000602522; 24; 0.203292;RMJ101449.5+103923.2; 3.911502;0,501938;0
1039;PSZ2 G229.40-15.49;95,8814;-21,4042; 4.66865;0;0,974855;0,0012153;0,000564808; -1;;;;;0
1040;PSZ2 G229.74+77.96;180,3262;23,0958;12,01073;0;0,973318;0,00360808;0,000645945; 20; 0.269000;RXC J1201.3+2306; 7.485827;0,345301;1
1041;PSZ2 G229.93+15.30;124,3635;-7,5065;17,25681;0;0,987;0,0130875;0,00171806; 21; 0.070400;RXC J0817.4-0730; 5.123790;0,198153;1
1042;PSZ2 G230.28-24.42;87,1609;-25,4832; 6.08370;0;0,995651;0,00562414;0,00207831; 21; 0.042000;RXCJ0548.6-2527; 1.530876;0,158888;1
1043;PSZ2 G230.28-28.57;82,7881;-26,8247; 9.30188;0;0,030353;0,0200836;0,00189102; -1;;;;;0
1044;PSZ2 G230.29-47.13;62,0961;-30,9911; 6.12335;0;0,952412;0,00497902;0,00162368; 21; 0.060000;RXCJ0408.2-3053; 1.843980;0,173342;1
1045;PSZ2 G230.48+71.51;174,0534;20,3245; 6.03830;0;0,974878;0,00103072;0,000231391; 24; 0.321184;RMJ113608.5+201913.0; 5.415278;0,544475;1
1046;PSZ2 G230.73+27.70;135,3726;-1,6582; 5.22304;0;0,948873;0,00155444;0,000722467; 20; 0.294350;ZwCl 0859.2-0130; 4.961756;0,571819;0
1047;PSZ2 G230.76+65.41;168,3208;17,5358; 4.60651;0;0,674715;0,00203786;0,00110573; 21; 0.170600;RXC J1113.3+1735; 3.273330;0,449049;0
1048;PSZ2 G231.05-17.32;94,7228;-23,5827; 4.94539;0;0,818402;0,00136295;0,000524922; 12; 0.403000;; 5.299086;0,626493;0
1049;PSZ2 G231.41+77.48;179,9967;22,5808; 4.53697;0;0,914405;0,00327632;0,00200834; -1;;;;;0
1050;PSZ2 G231.56+60.03;163,5756;14,6561; 7.87923;0;0,975411;0,00213273;0,000540091; 25; 0.299400;ACO 1127; 6.642860;0,491495;1
1051;PSZ2 G231.70-07.80;104,3563;-20,2215; 6.94325;1;0,012518;0,0029781;0,000983953; 20; 0.200000;; 5.442829;0,482452;0
1052;PSZ2 G231.74-70.59;34,5475;-31,6967; 6.15634;0;0,950563;0,00190402;0,000624008; 16;;;;;1
1053;PSZ2 G231.79+31.48;139,058;-0,4118; 4.90539;0;0,916687;0,000875885;0,000195516; 24; 0.332405;RMJ091617.6-002405.7; 4.867756;0,62996;0
1054;PSZ2 G232.27+12.59;123,1989;-10,8506; 4.51943;0;0,994258;0,00116155;0,000441337; -1;;;;;0
1055;PSZ2 G232.45-17.44;95,1723;-24,8617; 4.89226;0;0,954432;0,00123483;0,000505214; -1;;;;;0
1056;PSZ2 G232.84+38.13;145,111;2,4719; 5.22349;0;0,894704;0,00355267;0,00127646; 20; 0.150800;ACO 847; 3.432270;0,384676;0
1057;PSZ2 G233.05+23.67;133,0873;-5,5834; 4.74499;0;0,812506;0,00177985;0,000746833; 21; 0.192000;MS0849.7-0521; 3.714478;0,467553;0
1058;PSZ2 G233.12-26.25;86,1638;-28,5031; 5.59616;0;0,820356;0,000838104;0,000162724; -1;;;;;0
1059;PSZ2 G233.25-30.01;82,08;-29,7176; 5.60507;0;0,991614;0,00155451;0,000562042; 21; 0.158200;RXCJ0528.2-2942; 3.353268;0,334957;0
1060;PSZ2 G233.41-17.13;95,8681;-25,5952; 5.70156;0;0,900951;0,000938732;0,000212408; 20; 0.350000;; 5.307721;0,571114;0
1061;PSZ2 G233.43-15.36;97,6808;-24,9288; 4.50795;0;0,999081;0,000686728;0,000147576; -1;;;;;0
1062;PSZ2 G233.46+25.46;134,8023;-4,9223; 4.79345;0;0,873049;0,000988486;0,000305358; -1;;;;;0
1063;PSZ2 G233.68+36.14;143,8196;0,8184; 5.10404;0;0,960094;0,00110826;0,000329928; 24; 0.356823;RMJ093515.3+004746.0; 5.477380;0,647489;0
1064;PSZ2 G234.06-30.74;81,4921;-30,5875; 6.61692;0;0,953194;0,00294191;0,000906511; 20; 0.199400;ACO 3342; 4.306957;0,363706;1
1065;PSZ2 G234.09+10.45;122,2898;-13,4885; 5.14079;0;0,981005;0,000959021;0,00023586; -1;;;;;0
1066;PSZ2 G234.52+82.85;185,5694;24,3129; 4.51554;0;0,87151;0,000970676;0,000385818; 24; 0.524093;RMJ122221.6+241909.3; 5.413835;0,735484;0
1067;PSZ2 G234.59+73.01;176,0758;19,8831;11,26705;0;0,954313;0,0285429;0,00489124; 21; 0.021400;A1367; 1.667081;0,106721;1
1068;PSZ2 G235.56+23.29;134,0452;-7,7118; 6.07704;0;0,99886;0,00234646;0,0010501; 20; 0.374000;; 6.772831;0,656357;1
1069;PSZ2 G235.74-67.98;37,3375;-33,5107; 4.77831;0;0,980719;0,0114697;0,00627164; 21; 0.079200;RXCJ0229.3-3332; 2.014506;0,2851;0
1070;PSZ2 G235.96+38.21;146,5463;0,4861; 9.39624;0;0,002354;0,00523914;0,00102089; -1;;;;;0
1071;PSZ2 G236.68-37.71;73,9951;-34,2263; 5.00144;0;0,92759;0,00449862;0,00175873; 16;;;;;0
1072;PSZ2 G236.92-26.65;86,9007;-31,873;10,11679;0;0,987961;0,0036461;0,000755803; 21; 0.148300;RXCJ0547.6-3152; 4.889059;0,292369;1
1073;PSZ2 G237.41-21.34;92,9606;-30,6325; 7.39847;0;0,955449;0,00274274;0,000578486; 20;;RXC J0611.8-3036;;;1
1074;PSZ2 G237.68+57.83;163,3788;10,8158; 5.36312;0;0,93848;0,00372998;0,00140576; -1;;;;;0
1075;PSZ2 G238.34+05.94;120,565;-19,4291; 7.83665;0;0,768024;0,00387893;0,00114076; 21; 0.140000;RXC J0802.1-1926; 4.906650;0,409872;0
1076;PSZ2 G238.69+63.26;168,236;13,4853; 7.30878;0;0,969979;0,00451487;0,00154643; 20; 0.169000;RXC J1112.9+1326; 4.474355;0,359687;1
1077;PSZ2 G239.27-26.01;88,3485;-33,702;12,16475;0;0,987527;0,00338579;0,000540405; 20; 0.430000;RXC J0553.4-3342; 8.772141;0,439916;1
1078;PSZ2 G239.29+24.75;137,234;-9,6725;36,24374;0;0,99309;0,0402504;0,00271941; 21; 0.054200;RXCJ0909.1-0939; 6.853962;0,124978;1
1079;PSZ2 G239.43+47.95;155,924;4,1663; 8.38827;0;0,978464;0,00241729;0,000593839; 20; 0.285000;RXC J1023.6+0411; 6.525140;0,439288;1
1080;PSZ2 G239.66+06.80;122,0747;-20,0952; 6.90813;0;0,980123;0,00136737;0,000307516; 20; 0.300000;; 6.269273;0,573358;0
1081;PSZ2 G239.93-39.97;71,6885;-37,0584; 6.61578;0;0,938423;0,00139085;0,000449414; 20; 0.580000;; 7.089078;0,605168;1
1082;PSZ2 G239.97+03.74;119,4587;-21,9635; 6.54280;0;0,685648;0,0101494;0,00290632; 21; 0.049000;RXC J0757.9-2157; 2.212115;0,182705;0
1083;PSZ2 G240.03-19.81;95,6319;-32,4179; 5.17409;0;0,989131;0,00135027;0,000510119; -1;;;;;0
1084;PSZ2 G240.30-50.34;58,6405;-37,7511; 7.28754;0;0,997067;0,0015336;0,000426281; 21; 0.251000;BVH2007 55; 5.159399;0,429938;1
1085;PSZ2 G240.39+07.91;123,4852;-20,1045; 5.80371;0;0,957664;0,00249109;0,000741468; 20; 0.331500;; 5.606316;0,593339;0
1086;PSZ2 G240.61-60.40;46,0192;-36,9194; 5.93747;0;0,853239;0,00159242;0,00054908; 21; 0.219200;RXCJ0304.1-3656; 4.263439;0,411962;0
1087;PSZ2 G240.71-74.03;29,8348;-33,5395; 5.25646;0;0,791129;0,0015416;0,000724668; -1;;;;;0
1088;PSZ2 G240.80-46.51;63,4947;-38,1125; 5.48707;0;0,984719;0,00395392;0,00130095; 21; 0.050100;RXCJ0413.9-3805; 1.518585;0,158533;0
1089;PSZ2 G241.11-28.68;85,7378;-35,9843; 9.01615;0;0,982475;0,0021713;0,000474789; 20; 0.420000;; 7.361269;0,500951;1
1090;PSZ2 G241.41-65.88;39,263;-36,1301; 6.07334;0;0,007798;0,000876523;0,000174751; -1;;;;;0
1091;PSZ2 G241.76-30.88;83,2317;-37,0396;11,12833;0;0,998996;0,0027522;0,000502711; 21; 0.270800;RXCJ0532.9-3701; 7.004796;0,335442;1
1093;PSZ2 G241.79+50.30;158,7338;4,3824; 4.72944;0;0,977301;0,0015871;0,000843867; 20; 0.152400;ACO 1047; 3.000643;0,428506;0
1092;PSZ2 G241.79-24.01;91,4696;-35,3091;14,47328;1;0,998556;0,00313456;0,000466028; 21; 0.139200;RXCJ0605.8-3518; 5.588379;0,198432;1
1094;PSZ2 G241.91+07.79;124,2631;-21,4343; 4.59465;0;0,638251;0,00263758;0,00157951; -1;;;;;0
1096;PSZ2 G241.98+14.87;130,5005;-17,503;13,86426;0;0,990797;0,0105071;0,00171622; 21; 0.168700;RXC J0841.9-1729; 6.592571;0,309493;1
1095;PSZ2 G241.98+19.56;134,4558;-14,742; 4.51441;0;0,984995;0,00109282;0,000445129; -1;;;;;0
1097;PSZ2 G242.09+10.41;126,694;-20,1223; 5.60288;0;0,999814;0,00192665;0,000729474; 21; 0.087600;RXC J0826.7-2007; 2.572248;0,29137;0
1098;PSZ2 G242.41-37.40;75,2035;-38,6749; 6.58638;0;0,957068;0,00798678;0,00237009; 21; 0.053600;RXCJ0500.7-3840; 1.754438;0,168344;1
1099;PSZ2 G242.74-11.66;105,6922;-31,7029; 4.66123;0;0,996404;0,000792853;0,00020121; -1;;;;;0
1100;PSZ2 G243.00-65.94;38,9778;-36,7376; 9.18192;0;0,170529;0,0161012;0,00288656; -1;;;;;0
1101;PSZ2 G243.02+42.87;153,5054;-0,9589; 6.26893;0;0,968496;0,00708602;0,00293403; 21; 0.044500;RXCJ1013.6-0054; 1.706586;0,186226;1
1102;PSZ2 G243.15-73.84;29,7629;-34,2351;10,32211;0;0,976867;0,0025307;0,000425088; 20; 0.410000;RXC J0159.0-3412; 8.086372;0,483076;1
1103;PSZ2 G243.34-50.92;57,7594;-39,6382; 6.04178;0;0,978036;0,00177968;0,000729068; 20; 0.237000;; 4.112363;0,387436;1
1104;PSZ2 G243.64+67.74;173,2121;14,4722;12,04624;0;0,984283;0,00969905;0,00189491; 21; 0.083400;RXC J1132.8+1428; 3.918597;0,202585;1
1105;PSZ2 G244.11-53.59;54,2495;-39,8299; 6.73029;0;0,936362;0,00531339;0,00182486; 21; 0.103000;RXCJ0337.0-3949; 2.768320;0,256402;1
1106;PSZ2 G244.12+26.12;141,035;-12,3027; 4.61356;0;0,885796;0,000904446;0,000261316; 16;;;;;0
1107;PSZ2 G244.37-32.15;82,2012;-39,4775;11,95765;0;0,989149;0,00287512;0,000554778; 21; 0.283900;RXCJ0528.9-3927; 7.406209;0,369144;1
1108;PSZ2 G244.68+08.63;126,6638;-23,2356; 4.92711;0;0,999675;0,00252014;0,00119231; 12; 0.251000;; 4.442538;0,540938;0
1109;PSZ2 G244.71+32.50;146,3822;-8,6411;10,13235;0;0,987431;0,0043118;0,000774872; 21; 0.153500;RXCJ0945.4-0839; 5.229554;0,32011;1
1110;PSZ2 G244.74-28.59;86,7943;-39,0645; 5.95391;0;0,919937;0,0010497;0,000333883; 21; 0.319000;MACSJ0547.0-3904; 4.952251;0,510172;0
1111;PSZ2 G244.77+59.80;167,2226;9,0878; 4.86181;0;0,942607;0,00140609;0,00059746; 24; 0.465920;RMJ110855.4+090601.6; 5.841240;0,726217;0
1112;PSZ2 G245.47-53.62;54,0609;-40,6237; 8.78639;0;0,997999;0,0036711;0,00100319; 21; 0.172900;RXCJ0336.3-4037; 4.420207;0,302361;1
1113;PSZ2 G245.66-07.40;111,7015;-32,4179; 4.92609;0;0,95634;0,00160777;0,000641536; -1;;;;;0
1114;PSZ2 G245.70-33.75;80,3841;-40,8341; 5.11733;0;0,929713;0,00302132;0,00153765; 21; 0.075600;RXCJ0521.4-4049; 1.942717;0,243982;0
1115;PSZ2 G246.36-30.27;85,0375;-40,7934; 4.58786;0;0,917544;0,00336064;0,00160523; 21; 0.035800;RXCJ0540.1-4050; 1.126739;0,158577;0
1116;PSZ2 G246.41+13.14;131,7067;-21,9838; 4.93577;1;0,819777;0,00312116;0,00180364; 12; 0.436000;; 5.711579;0,692732;0
1117;PSZ2 G246.45-07.68;111,8393;-33,231; 5.48760;0;0,191406;0,0011856;0,000460091; -1;;;;;0
1118;PSZ2 G246.49-35.31;78,4405;-41,6913; 4.63435;0;0,576708;0,000603845;0,000130082; 30; 0.081000;APMCC 583; 1.453552;0,171639;0
1119;PSZ2 G246.50-26.09;90,4256;-39,9851;10,94088;0;0,980629;0,0129435;0,00225027; 21; 0.046800;RXCJ0601.7-3959; 2.383844;0,158062;1
1120;PSZ2 G246.86-12.29;107,0409;-35,6274; 7.86160;0;0,005164;0,0131457;0,0027297; -1;;;;;0
1121;PSZ2 G246.91+24.65;141,5201;-15,1874; 4.80306;0;0,969529;0,000861144;0,000228522; -1;;;;;0
1122;PSZ2 G247.14+25.88;142,6283;-14,5478; 5.36977;0;0,908588;0,0025325;0,0011017; -1;;;;;0
1123;PSZ2 G247.19-23.31;94,1341;-39,8328; 8.33042;0;0,953798;0,00273959;0,000770877; 21; 0.152000;RXCJ0616.5-3948; 4.078645;0,301964;1
1124;PSZ2 G247.56-56.06;50,584;-41,3497; 5.94363;0;0,952733;0,00323683;0,00124621; 21; 0.064300;RXCJ0322.3-4121; 1.801650;0,193486;0
1125;PSZ2 G247.69-25.06;92,0963;-40,7577; 4.98759;0;0,966581;0,000660628;0,000143391; 20; 0.343700;; 4.321514;0,538809;0
1126;PSZ2 G247.97+33.52;148,9872;-10,0296; 4.72809;0;0,959293;0,0032489;0,00146839; 21; 0.163400;RXCJ0956.4-1004; 3.219992;0,450086;0
1127;PSZ2 G247.99-26.37;90,4974;-41,3513; 4.50738;0;0,996799;0,00105718;0,000441644; 22; 0.230000;SPT-CLJ0601-4122; 3.434011;0,451305;0
1128;PSZ2 G248.95-20.71;98,0224;-40,6087; 5.53129;0;0,895903;0,000904149;0,000279062; -1;;;;;0
1129;PSZ2 G249.06+31.00;147,7215;-12,4053; 5.35620;0;0,998308;0,00138574;0,000483187; 16;;;;;0
1130;PSZ2 G249.14+28.98;146,2414;-13,8224; 5.95531;0;0,957487;0,002208;0,000663128; 20;;;;;0
1131;PSZ2 G249.38+33.26;149,6018;-11,069; 9.42253;0;0,988858;0,00389635;0,000941796; 21; 0.166900;RXCJ0958.3-1103; 5.406621;0,325463;1
1132;PSZ2 G249.52+18.21;137,9845;-21,1877; 4.88633;0;0,96811;0,00261586;0,00126562; 20;;ACO  3415;;;0
1134;PSZ2 G249.80+04.56;126,1724;-29,7419; 5.43062;0;0,994911;0,00154872;0,000573205; 20; 0.420000;; 6.516751;0,524411;0
1133;PSZ2 G249.80-68.11;35,2524;-38,4781; 4.66045;1;0,804057;0,00115404;0,000500311; 21; 0.228000;RXCJ0220.9-3829; 3.754492;0,521484;0
1135;PSZ2 G249.87-21.65;97,1954;-41,7119; 6.36683;0;0,998911;0,00255666;0,000832069; 21; 0.175900;RXCJ0628.8-4143; 3.842515;0,364576;1
1136;PSZ2 G249.91-39.86;72,4471;-44,6898; 7.88920;0;0,976818;0,00369968;0,000966364; 21; 0.150100;RXCJ0449.9-4440; 3.607781;0,243815;1
1137;PSZ2 G250.04+24.14;143,0649;-17,6714; 6.80014;0;0,962112;0,00173679;0,000487378; 20; 0.400000;; 6.647714;0,515591;1
1138;PSZ2 G250.17+73.53;179,2461;16,5344; 5.15519;1;0,240728;0,0583156;0,00746867; 13; 0.275148;; 3.351863;0,813961;0
1139;PSZ2 G250.29-17.29;102,8332;-40,6309; 5.71184;0;0,952453;0,00125337;0,000369112; 20; 0.270000;SPT-CLJ0651-4037; 4.520432;0,48195;0
1141;PSZ2 G250.43-09.02;112,6019;-37,3537; 6.44407;0;0,000035;0,00259592;0,00116433; -1;;;;;0
1140;PSZ2 G250.43-41.42;70,2458;-45,0703; 4.99339;0;0,974649;0,00225451;0,00107421; 30; 0.150000;ABELL 3284; 2.639722;0,334907;0
1142;PSZ2 G250.47-33.97;80,7593;-44,7921; 4.60823;0;0,999906;0,002471;0,00130262; -1;;;;;0
1143;PSZ2 G250.59-25.03;93,0396;-43,2913; 4.97251;0;0,987533;0,00108279;0,000334477; 20; 0.550000;SPT-CLJ0612-4317; 5.092966;0,620617;0
1144;PSZ2 G250.68+40.76;155,7864;-6,6055; 4.72318;0;0,942644;0,00162147;0,000680194; 30; 0.254400;ABELL 1001; 4.088041;0,530973;0
1145;PSZ2 G250.73+22.85;142,5033;-19; 4.83717;0;0,741687;0,00158414;0,000752527; -1;;;;;0
1146;PSZ2 G250.89-36.24;77,5981;-45,3292;12,38804;0;0,954507;0,00483986;0,00084033; 21; 0.200000;RXCJ0510.2-4519; 5.737083;0,29008;1
1147;PSZ2 G251.13-78.15;24,077;-34,003; 4.56596;0;0,745913;0,000878486;0,00025923; 20; 0.304000;; 4.167236;0,547281;0
1148;PSZ2 G251.21-16.74;103,9363;-41,2525; 4.71468;0;0,861986;0,00206168;0,000910888; -1;;;;;0
1149;PSZ2 G251.55-42.78;68,2533;-45,8395; 4.78426;0;0,946989;0,00198561;0,00110842; -1;;;;;0
1150;PSZ2 G252.23-50.62;57,0665;-45,2452; 5.65221;0;0,99458;0,00125645;0,000507479; 22; 0.358200;SPT-CLJ0348-4515; 4.557039;0,445157;0
1151;PSZ2 G252.45+73.44;179,6442;16,0051; 5.56832;0;0,276618;0,0277283;0,00409614; -1;;;;;0
1152;PSZ2 G252.51+20.02;141,4441;-22,1319; 4.88803;0;0,959971;0,000770261;0,000157644; -1;;;;;0
1154;PSZ2 G252.95+18.94;140,8792;-23,1607; 5.71463;0;0,953573;0,00117314;0,000354449; 20;;;;;0
1153;PSZ2 G252.95-41.35;70,2323;-46,958; 5.48901;0;0,883588;0,00108354;0,00045232; 22; 0.350000;SPT-CLJ0440-4657; 4.320621;0,430459;0
1155;PSZ2 G252.99-56.09;49,4507;-44,265;10,48372;0;0,96408;0,00696689;0,00148539; 21; 0.075200;RXCJ0317.9-4414; 2.927327;0,172008;1
1156;PSZ2 G253.04+36.83;154,3266;-10,6939; 7.47610;0;0,97965;0,00386734;0,00135277; 21; 0.058600;RXCJ1017.3-1040; 2.303061;0,193295;1
1157;PSZ2 G253.13+57.49;168,5549;4,3509; 6.58375;0;0,936427;0,00175209;0,000572791; 25; 0.229300;ACO 1208; 4.837296;0,448637;1
1158;PSZ2 G253.21+34.25;152,6028;-12,644; 5.20008;0;0,913002;0,00135761;0,000481436; 21; 0.306200;MS1008.1-1224; 4.942294;0,566023;0
1159;PSZ2 G253.43+30.57;150,092;-15,4101; 4.93754;0;0,896258;0,00188076;0,000803631; -1;;;;;0
1160;PSZ2 G253.44-10.93;112,1382;-40,8546; 7.07503;0;0,043787;0,00112987;0,000161442; -1;;;;;0
1161;PSZ2 G253.48-33.72;81,4626;-47,2623; 9.35934;0;0,976219;0,00151586;0,000364536; 21; 0.191300;RXCJ0525.8-4715; 4.669704;0,312977;1
1162;PSZ2 G253.95+39.12;156,454;-9,5223; 4.65785;0;0,725576;0,000905627;0,000294015; -1;;;;;0
1163;PSZ2 G254.08-58.45;46,0816;-44,0305; 6.38309;0;0,972646;0,00119002;0,000346065; 22; 0.458410;SPT-CLJ0304-4401; 6.222445;0,572122;1
1164;PSZ2 G254.10+19.95;142,4823;-23,273; 4.79738;0;0,90576;0,000737122;0,000149272; -1;;;;;0
1165;PSZ2 G254.46-14.44;108,4358;-43,247; 7.44677;0;0,999225;0,0011121;0,000207319; 20; 0.550000;; 7.333130;0,459474;0
1166;PSZ2 G254.51-27.32;90,9944;-47,2303; 7.37069;0;0,907909;0,00123116;0,000353184; 20; 0.274400;SPT-CLJ0603-4714; 4.884377;0,389514;1
1167;PSZ2 G254.52+08.27;132,8767;-31,2645; 5.23650;0;0,591119;0,00109966;0,000323749; -1;;;;;0
1168;PSZ2 G254.52+62.52;172,4883;7,5847; 4.84758;0;0,01711;0,0110559;0,00263644; -1;;;;;0
1169;PSZ2 G254.64-45.20;64,3914;-47,7988; 5.22600;0;0,993284;0,0012326;0,000521203; 22; 0.581050;SPT-CLJ0417-4748; 4.810139;0,571999;0
1170;PSZ2 G254.66-34.45;80,4916;-48,2848; 4.64048;0;0,958605;0,00183095;0,000992421; 22; 0.296000;SPT-CLJ0522-4818; 3.721907;0,486617;0
1171;PSZ2 G254.73-30.52;86,3555;-47,9577; 5.21417;0;0,99143;0,00430576;0,00169229; 21; 0.125400;RXCJ0545.5-4756; 2.277109;0,267093;0
1172;PSZ2 G254.90+33.92;153,414;-13,8474; 4.81828;0;0,879849;0,00214051;0,000989846; 21; 0.151700;RXCJ1013.5-1350; 3.183589;0,409126;0
1173;PSZ2 G254.92+82.31;186,7141;21,8575; 4.74900;0;0,829838;0,0016107;0,000790656; 24; 0.437266;RMJ122651.1+214952.3; 5.146897;0,632683;0
1174;PSZ2 G254.96+55.88;168,2173;2,4837; 5.98593;0;0,961704;0,00205365;0,00079812; 20; 0.078000;RXC J1113.3+0231; 2.320351;0,24688;0
1175;PSZ2 G255.07+54.84;167,576;1,6596; 5.39891;0;0,974064;0,000948742;0,000253796; 13; 0.088740;; 2.156570;0,237746;0
1176;PSZ2 G255.32-56.27;48,614;-45,4308; 4.64747;0;0,846281;0,00262752;0,0012458; 21; 0.071800;RXCJ0314.3-4525; 1.741252;0,255331;0
1177;PSZ2 G255.51+49.96;164,5697;-2,1906; 4.81896;0;0,982842;0,00195771;0,00104558; 24; 0.340297;RMJ105820.4-021039.8; 4.986330;0,627257;0
1178;PSZ2 G255.52-35.66;78,7066;-49,0458; 5.84428;0;0,942302;0,00376292;0,00145913; 21; 0.091200;RXCJ0514.6-4903; 2.136073;0,233577;0
1179;PSZ2 G255.60-46.18;62,7892;-48,303; 9.09555;0;0,994071;0,00156386;0,00032444; 22; 0.423513;SPT-CLJ0411-4819; 6.324114;0,414605;1
1180;PSZ2 G255.64-25.30;94,2368;-47,7907; 7.12433;0;0,94609;0,00156547;0,000355637; 21; 0.116400;RXCJ0616.8-4748; 2.884005;0,251919;1
1181;PSZ2 G256.24+34.83;154,8869;-13,9284; 6.97663;0;0,972896;0,00302657;0,000911469; 20; 0.152752;ACO 976; 4.091564;0,343937;1
1182;PSZ2 G256.38+44.04;161,1366;-7,06; 5.64979;0;0,996694;0,00211255;0,000899848; 21; 0.134200;RXCJ1044.5-0704; 3.184168;0,354294;0
1183;PSZ2 G256.41+32.31;153,2546;-15,8915; 4.95299;0;0,880001;0,00156784;0,000596703; -1;;;;;0
1184;PSZ2 G256.53-65.70;36,4624;-41,9214;11,94251;0;0,987371;0,00466694;0,000780942; 21; 0.219500;RXCJ0225.9-4154; 6.082010;0,282542;1
1185;PSZ2 G256.67+42.05;159,9925;-8,7127; 5.08247;0;0,986156;0,00485043;0,00214143; 21; 0.065000;RXCJ1039.7-0841; 1.802152;0,243103;0
1186;PSZ2 G257.09+55.61;168,9493;1,4961; 7.76743;0;0,993362;0,00170084;0,000473257; 21; 0.349900;RXCJ1115.8+0129; 6.863782;0,528804;1
1187;PSZ2 G257.32-22.19;99,3256;-48,484;10,89251;0;0,994275;0,00359267;0,000652005; 21; 0.202600;RXCJ0637.3-4828; 5.306530;0,272638;1
1188;PSZ2 G257.51+57.54;170,3627;2,8422; 5.31298;0;0,993594;0,00342256;0,00147684; 21; 0.046800;RXC J1121.7+0249; 1.516245;0,189916;0
1189;PSZ2 G257.72+17.85;143,4454;-27,2005; 5.78756;0;0,997238;0,00217847;0,000819102; 20; 0.297000;ACO S  616; 5.359890;0,594239;0
1190;PSZ2 G258.33-38.54;74,1536;-51,2433; 4.99348;0;0,963055;0,00100106;0,000381404; 22; 0.561539;SPT-CLJ0456-5116; 5.223244;0,638612;0
1191;PSZ2 G259.22-19.10;104,6237;-49,2119; 5.63359;0;0,952057;0,00132734;0,000598701; 20; 0.157000;ACO  3406; 3.079501;0,348779;0
1192;PSZ2 G259.30+84.41;188,6753;23,0249; 5.44421;0;0,999064;0,00236369;0,00119158; 24; 0.328669;RMJ123446.1+230101.0; 4.891413;0,52135;0
1193;PSZ2 G259.58-51.07;54,5571;-49,585; 4.85114;0;0,939239;0,00234702;0,001095; 22; 0.530000;SPT-CLJ0337-4928; 4.874622;0,565943;0
1194;PSZ2 G259.98-18.44;105,9715;-49,6655; 6.28042;0;0,989193;0,00221717;0,000788976; 20; 0.313000;; 4.972069;0,472631;1
1195;PSZ2 G259.98-63.43;38,0782;-44,3612;12,98369;0;0,991109;0,00310973;0,000444118; 21; 0.283600;RXCJ0232.2-4420; 7.541107;0,334554;1
1196;PSZ2 G260.52-54.50;49,3629;-48,8314; 5.96244;0;0,826834;0,00451666;0,00151015; 20; 0.164197;RXC J0317.7-4848; 2.971452;0,336688;0
1197;PSZ2 G260.63-28.94;89,8929;-52,8249; 7.75235;0;0,95688;0,00074948;0,000161124; 23; 0.600900;ACT-CLJ0559-5249; 5.959494;0,395762;1
1198;PSZ2 G260.76-31.27;86,0725;-53,1805; 4.60947;0;0,841944;0,000801469;0,00036328; 30; 0.250000;SCSO J054407-530924; 3.102154;0,392862;0
1199;PSZ2 G260.80+06.71;136,2993;-37,025; 7.25886;0;0,989431;0,00417092;0,00102484; -1;;;;;0
1200;PSZ2 G260.85-62.19;39,272;-45,3555; 6.39723;0;0,999356;0,00236117;0,000729715; 20; 0.190000;ACO  3036; 3.756779;0,355842;1
1201;PSZ2 G261.09-66.14;34,5973;-43,2499; 4.52401;0;0,927794;0,000701473;0,000203058; 22; 0.560000;SPT-CLJ0218-4315; 5.098695;0,642162;0
1202;PSZ2 G261.11+34.90;158,0989;-16,4441; 4.68003;0;0,665517;0,000741413;0,000161692; -1;;;;;0
1203;PSZ2 G261.28-36.47;77,3435;-53,6958; 5.06873;0;0,878392;0,00108239;0,000464901; 22; 0.460720;SPT-CLJ0509-5342; 4.177817;0,502258;0
1204;PSZ2 G261.67-10.97;117,3343;-48,0421; 5.88441;0;0,999965;0,00160279;0,000605544; -1;;;;;0
1205;PSZ2 G261.88+62.85;175,3356;5,7093; 5.15629;0;0,932198;0,00230388;0,00099046; 20; 0.097400;WHL J175.299+5.734; 2.410853;0,296589;0
1206;PSZ2 G262.01-32.98;83,2732;-54,3245; 4.62306;0;0,719101;0,000813785;0,000378727; 30; 0.230000;SCSO J053327-542016; 3.024320;0,400684;0
1207;PSZ2 G262.23+34.48;158,5915;-17,3442; 5.22177;0;0,878175;0,000929283;0,000300957; 20; 0.210000;; 3.761109;0,447531;0
1208;PSZ2 G262.27-35.38;79,147;-54,5343;22,8774;0;0,986111;0,00529581;0,000468162; 21; 0.295200;RXCJ0516.6-5430; 8.759690;0,239603;1
1209;PSZ2 G262.36-25.15;96,58;-53,689;13,75561;0;0,97167;0,016102;0,00339671; 21; 0.051400;RXCJ0626.3-5341; 2.818299;0,143339;1
1210;PSZ2 G262.73-40.92;69,5954;-54,3208;12,70308;0;0,981458;0,00266734;0,000378131; 20; 0.421000;ACT-CLJ0438-54194; 7.461370;0,356333;1
1211;PSZ2 G262.83+25.77;153,2577;-24,5036; 5.42441;0;0,979432;0,00257204;0,00105615; 30; 0.180124;ABELL 0955; 3.731257;0,426894;0
1212;PSZ2 G262.95+45.74;165,8967;-8,5865; 5.16428;0;0,983191;0,00264724;0,000961122; 20; 0.154000;RX J1103.5-0835; 3.321900;0,365201;0
1213;PSZ2 G263.03-56.19;46,0852;-49,3557; 4.65900;0;0,980127;0,000874549;0,000334541; 20; 0.392000;ACT-CL-J0304-4921; 4.703534;0,605344;0
1214;PSZ2 G263.14-23.41;99,7245;-53,9814;12,7595;0;0,988855;0,0046767;0,000883383; 21; 0.226600;RXCJ0638.7-5358; 6.825979;0,342652;1
1215;PSZ2 G263.19-25.19;96,786;-54,43;16,47452;0;0,972901;0,0470216;0,00557517; 21; 0.050600;RXCJ0627.2-5428; 3.212099;0,18448;1
1216;PSZ2 G263.24-33.18;82,9537;-55,3589; 6.40279;0;0,896742;0,000924581;0,000306492; 20; 0.300000;; 4.013870;0,372107;1
1217;PSZ2 G263.65+27.87;155,3216;-23,3149; 5.18700;0;0,989769;0,000999737;0,00031165; -1;;;;;0
1218;PSZ2 G263.68-22.55;101,3694;-54,2294;21,67021;0;0,990458;0,00785426;0,00100061; 21; 0.164400;RXCJ0645.4-5413; 7.964058;0,232075;1
1219;PSZ2 G263.96+40.64;163,5169;-13,1794; 4.58127;0;0,995468;0,0010388;0,000392099; -1;;;;;0
1220;PSZ2 G264.40+19.49;150,0211;-30,2735; 8.20430;0;0,937699;0,00313874;0,00106446; 20; 0.240000;PLCKESZG264.41+19.; 5.754921;0,444687;1
1221;PSZ2 G264.52-17.77;109,4666;-53,4518; 5.82595;0;0,979768;0,000779263;0,000143462; -1;;;;;0
1222;PSZ2 G264.60-51.07;52,6622;-52,5024;10,82445;0;0,993401;0,00925097;0,00189499; 20; 0.440000;RXC J0330.8-5228; 6.929423;0,384181;1
1223;PSZ2 G264.83+35.84;161,2343;-17,5011; 5.75353;0;0,971606;0,0014615;0,000448987; 16;;;;;0
1224;PSZ2 G264.92+44.70;166,4557;-10,2348; 5.25604;0;0,983891;0,001517;0,000614068; 30; 0.466000;MACS J1105.7-1014; 6.084023;0,593684;0
1225;PSZ2 G265.02-48.96;55,6956;-53,6109;19,84387;0;0,992148;0,0192687;0,00217697; 21; 0.059000;RXCJ0342.8-5338; 4.224610;0,147206;1
1226;PSZ2 G265.10-59.50;40,9116;-48,5601; 6.67815;0;0,964462;0,00257833;0,000735814; 22; 0.500100;SPT-CLJ0243-4833; 6.140066;0,542103;1
1227;PSZ2 G265.21-24.83;98,0712;-56,1474; 7.29305;0;0,922384;0,00287379;0,00126347; 21; 0.054000;RXCJ0631.3-5610; 1.836738;0,171807;1
1228;PSZ2 G265.35+08.06;141,4942;-39,3761; 5.12015;0;0,99995;0,00775514;0,00472392; -1;;;;;0
1229;PSZ2 G265.49-30.50;87,9125;-57,1722; 5.16603;0;0,74869;0,00113438;0,000510484; 22; 0.423000;SPT-CLJ0551-5709; 4.118898;0,403117;0
1230;PSZ2 G265.60-46.87;58,7615;-54,7467; 5.16639;0;0,900219;0,00103666;0,00038817; -1;;;;;0
1231;PSZ2 G265.86-19.93;106,7537;-55,3942; 5.77096;0;0,999969;0,00108283;0,000416137; 20; 0.296000;ACT-CL-J0707-5522; 4.641226;0,49021;0
1232;PSZ2 G266.04-21.25;104,6319;-55,9617;28,3826;0;0,993075;0,00652762;0,000534794; 21; 0.296500;RXCJ0658.5-5556;13,100348;0,287495;1
1233;PSZ2 G266.50-25.31;97,656;-57,3855; 5.01812;0;0,390383;0,000678268;0,000240735; -1;;;;;0
1234;PSZ2 G266.54-27.31;93,9844;-57,764; 7.76146;0;0,998925;0,00110572;0,000301449; 20; 0.972000;SPT-CLJ0615-5746; 6.773721;0,486999;1
1235;PSZ2 G266.83+25.08;155,9715;-27,2522;11,65561;0;0,984534;0,0041917;0,000730498; 21; 0.254200;RXCJ1023.8-2715; 7.367692;0,363718;1
1236;PSZ2 G266.84-14.42;116,1972;-54,1109; 5.20334;0;0,995142;0,00316156;0,00138651; 21; 0.074000;RXC J0745.1-5404; 2.125561;0,220186;0
1237;PSZ2 G267.30-46.19;59,1299;-56,0793; 5.06818;0;0,985409;0,00252674;0,00117325; -1;;;;;0
1238;PSZ2 G267.55+09.14;144,5157;-40,0882; 5.43664;0;0,000754;0,00121041;0,000377912; -1;;;;;0
1239;PSZ2 G268.07+09.39;145,2401;-40,2459; 4.72959;0;0,920105;0,00353484;0,00219748; -1;;;;;0
1240;PSZ2 G268.30+28.89;159,5989;-24,8842; 5.41146;0;0,903551;0,00379465;0,00135376; 21; 0.123000;RXCJ1038.4-2454; 2.832914;0,329354;0
1241;PSZ2 G268.34-43.64;63,037;-57,6624; 4.59516;0;0,737512;0,00231783;0,00143204; 22; 0.340000;SPT-CLJ0412-5743; 4.395870;0,595402;0
1242;PSZ2 G268.51-28.14;92,8242;-59,5986; 4.63619;0;0,899557;0,000875121;0,000456299; 20; 0.460000;SPT-CLJ0611-5938; 4.058944;0,456525;0
1243;PSZ2 G269.02+22.27;155,9567;-30,7058; 5.01869;0;0,913504;0,00189549;0,000865376; 20; 0.357500;; 5.083533;0,627546;0
1244;PSZ2 G269.02+46.30;169,7936;-10,3987; 4.66698;0;0,897764;0,000824519;0,000218433; -1;;;;;0
1245;PSZ2 G269.03+44.22;168,7247;-12,2032; 6.44437;0;0,961497;0,00369938;0,00115282; 20; 0.191200;ACO  1211; 4.211417;0,435718;1
1246;PSZ2 G269.31-49.87;52,1759;-55,7203;10,46915;0;0,978302;0,00477147;0,00115742; 21; 0.085300;RXCJ0328.6-5542; 3.262202;0,198426;1
1247;PSZ2 G269.36-47.20;56,4315;-56,9703; 5.48195;0;0,77026;0,00981828;0,00228791; 21; 0.057000;RXCJ0346.1-5702; 1.534310;0,243767;0
1248;PSZ2 G269.57+15.70;151,7926;-36,3172; 5.05612;0;0,784615;0,00104139;0,000348569; 16;;;;;0
1249;PSZ2 G269.82-64.35;33,2231;-47,2004; 5.18555;0;0,927021;0,00339569;0,00120741; 21; 0.115000;RXC J0212.8-4707; 2.276113;0,310668;0
1250;PSZ2 G270.07-20.02;109,0293;-59,1584; 5.42398;0;0,971456;0,00085058;0,000263715; -1;;;;;0
1251;PSZ2 G270.37+69.42;181,8074;9,3969; 4.77902;0;0,997827;0,00192711;0,000833609; 24; 0.291776;RMJ120709.6+092344.2; 4.545863;0,562847;0
1252;PSZ2 G270.45-14.50;118,9005;-57,2499; 4.85093;0;0,988486;0,00196419;0,000691843; -1;;;;;0
1253;PSZ2 G270.63-35.67;77,4809;-61,2875; 7.93404;0;0,978577;0,00107858;0,00026555; 20; 0.313000;SPT-CLJ0509-6118; 5.343153;0,339046;1
1254;PSZ2 G270.78+36.83;166,0474;-19,2574; 4.98782;0;0,934916;0,00180288;0,00100215; 16;;;;;0
1255;PSZ2 G270.88+37.23;166,3312;-18,9486; 5.48861;0;0,991201;0,00403092;0,00229061; -1;;;;;0
1256;PSZ2 G270.93-58.78;38,9468;-51,3623; 8.95593;0;0,987837;0,00205674;0,000467438; 20; 0.278000;ACT-CL-J0235-5121; 5.950873;0,362664;1
1257;PSZ2 G270.95-31.78;85,583;-61,8726; 5.73271;0;0,976611;0,0030518;0,00138192; 20; 0.140000;; 2.347187;0,275779;0
1258;PSZ2 G271.04-12.16;123,1561;-56,5993; 5.27638;0;0,99106;0,0015781;0,000662717; -1;;;;;0
1259;PSZ2 G271.15+21.10;157,0897;-32,7955; 4.99570;0;0,973668;0,00107617;0,000387035; -1;;;;;0
1260;PSZ2 G271.18-30.95;87,346;-62,0727;14,08465;0;0,985035;0,00185991;0,000298235; 20; 0.370000;SPT-CLJ0549-6205; 7.373215;0,30501;1
1261;PSZ2 G271.28-36.11;76,392;-61,7411; 5.59393;0;0,98468;0,00191039;0,000745158; 22; 0.250000;SPT-CLJ0505-6145; 3.807303;0,344707;0
1262;PSZ2 G271.53+36.41;166,3725;-19,9188; 5.19262;0;0,932335;0,00332312;0,0012664; -1;;;;;0
1263;PSZ2 G271.53-56.57;41,3687;-53,0422;10,418;0;0,978025;0,00186498;0,000328406; 20; 0.300000;ACO S 295; 6.775245;0,367776;1
1264;PSZ2 G271.55+26.00;160,5608;-28,8802; 5.01512;0;0,993486;0,00112277;0,000391632; -1;;;;;0
1265;PSZ2 G271.60-12.50;123,143;-57,2417;10,68943;0;0,997474;0,0109961;0,00230927; 21; 0.062000;RXC J0812.5-5714; 3.506744;0,179781;0
1266;PSZ2 G272.08-29.06;91,487;-62,7972; 7.13737;0;0,96898;0,00216017;0,000620107; 20; 0.097737;ACO S 567; 2.221938;0,170459;1
1267;PSZ2 G272.08-40.16;67,8092;-61,407;39,99466;0;0,992716;0,0426569;0,00298409; 21; 0.058900;RXCJ0431.4-6126; 6.636994;0,113849;1
1268;PSZ2 G272.11-11.50;125,188;-57,1344; 9.75352;0;0,994416;0,0208651;0,00468133; 21; 0.061000;RXC J0820.9-5704; 2.481668;0,129014;0
1269;PSZ2 G272.16+33.47;165,3066;-22,7289; 7.24736;0;0,987552;0,0041133;0,00107828; 21; 0.141600;RXCJ1101.2-2243; 3.825506;0,337788;1
1270;PSZ2 G272.65+32.50;165,1711;-23,7773; 4.64608;0;0,992687;0,00147372;0,000562192; 16;;;;;0
1271;PSZ2 G272.85+48.79;173,3036;-9,4594; 5.34703;0;0,990495;0,00130698;0,000441818; 20; 0.420000;; 5.754681;0,611512;0
1272;PSZ2 G272.88+19.14;157,4212;-35,3258; 8.05733;0;0,873815;0,009476;0,00291843; 20; 0.011054;ACO S 636; 0.826242;0,065717;1
1273;PSZ2 G273.54-30.28;88,8475;-64,1052; 8.43175;0;0,965834;0,00125549;0,000333634; 22; 0.345370;SPT-CLJ0555-6406; 5.635880;0,391871;1
1274;PSZ2 G273.59+63.27;180,1091;3,3485;12,56745;0;0,988213;0,00661294;0,00103729; 20; 0.133900;RXC J1200.4+0320; 5.538075;0,259453;1
1275;PSZ2 G273.69-68.38;27,6651;-45,2368; 5.18995;0;0,999638;0,00517552;0,00168848; 22; 0.320000;SPT-CLJ0150-4511; 3.609938;0,5026;0
1276;PSZ2 G274.73-16.79;118,613;-61,96; 5.64857;0;0,876887;0,00185238;0,000670652; -1;;;;;0
1277;PSZ2 G274.73-32.20;84,3037;-65,0584; 4.97242;0;0,989469;0,00125401;0,000529347; 22; 0.200000;SPT-CLJ0537-6504; 3.361467;0,338682;0
1278;PSZ2 G275.24-40.42;65,5394;-63,5877; 4.85358;0;0,510747;0,00073443;0,000246379; -1;;;;;0
1279;PSZ2 G275.45-28.87;92,2771;-65,7314; 5.81357;0;0,997772;0,0068922;0,00249168; 20;;QW 0608-657;;;0
1280;PSZ2 G275.64-49.09;49,2568;-59,6072; 4.69901;0;0,999353;0,00383797;0,00193449; 22; 0.469000;SPT-CLJ0317-5935; 4.432160;0,466667;0
1281;PSZ2 G275.73-06.12;137,0152;-56,6951; 5.75290;0;0,995229;0,00190398;0,000618855; -1;;;;;0
1282;PSZ2 G276.09-41.53;62,6639;-63,7411; 6.28379;0;0,907424;0,0041386;0,00115907; 22; 0.140000;SPT-CLJ0411-6340; 2.878028;0,267431;0
1283;PSZ2 G276.14-07.68;135,3478;-58,0304; 5.65201;0;0,999936;0,00239889;0,00105242; -1;;;;;0
1284;PSZ2 G276.46-21.52;110,1691;-65,2939; 6.91600;0;0,918481;0,00177174;0,000524945; -1;;;;;0
1285;PSZ2 G276.75-59.82;34,3294;-52,7183; 5.44363;0;0,966307;0,00205668;0,000908279; 21; 0.343200;RXCJ0217.2-5244; 4.482963;0,482562;0
1286;PSZ2 G277.38+47.07;175,3675;-12,299; 4.94882;0;0,993007;0,00205423;0,000786938; 21; 0.119500;RXCJ1141.4-1216; 2.807710;0,368487;0
1287;PSZ2 G277.76-51.74;43,5685;-58,9608;15,06104;0;0,98727;0,00328109;0,000440988; 20; 0.438000;SPT-CLJ0254-5857; 9.692608;0,368847;1
1288;PSZ2 G277.93+12.34;158,0674;-43,666; 5.09167;0;0,981455;0,00186758;0,00089802; -1;;;;;0
1289;PSZ2 G278.32-18.77;117,917;-65,904; 5.11450;0;0,934893;0,000854249;0,00029816; -1;;;;;0
1290;PSZ2 G278.33-41.53;60,9319;-65,242; 7.34364;0;0,93018;0,00253929;0,000881595; 22; 0.120000;ACO 3216; 3.360079;0,307464;1
1291;PSZ2 G278.56+10.74;157,6282;-45,3503; 4.78613;0;0,871617;0,00103209;0,000388974; -1;;;;;0
1292;PSZ2 G278.58+39.16;172,9856;-19,9144;12,1556;0;0,999199;0,0037337;0,00059949; 21; 0.307500;RXCJ1131.9-1955; 8.971329;0,458754;1
1293;PSZ2 G278.74-45.26;53,2084;-63,5469; 6.03076;0;0,001663;0,00068988;0,000118793; 16;;;;;0
1294;PSZ2 G278.79+08.54;156,2233;-47,3374; 7.07014;0;0,999964;0,00145264;0,000372352; -1;;;;;0
1295;PSZ2 G278.87+16.70;162,0431;-40,3359; 5.37325;0;0,995123;0,001326;0,000457837; -1;;;;;0
1296;PSZ2 G278.91-15.76;124,9708;-64,9912; 4.90440;0;0,086317;0,00163617;0,000744647; -1;;;;;0
1297;PSZ2 G278.92+31.06;169,7376;-27,4578; 5.17825;0;0,985571;0,00107228;0,000324291; -1;;;;;0
1298;PSZ2 G278.94-17.62;121,0917;-65,9301; 5.12814;0;0,707083;0,0018266;0,00122485; -1;;;;;0
1299;PSZ2 G279.02+81.24;189,118;19,0782; 4.86395;0;0,583472;0,00276162;0,00115895; 30; 0.180000;NSCS J123631+190301; 3.384779;0,469569;0
1300;PSZ2 G279.51-44.85;53,2472;-64,2313; 5.08776;0;0,869507;0,00105483;0,000440042; 20; 0.078558;ACO S 362; 1.698003;0,212707;0
1301;PSZ2 G279.79+39.09;173,8796;-20,3403; 7.28580;0;0,994785;0,00275322;0,000764882; 20; 0.290000;; 6.118639;0,437946;1
1302;PSZ2 G280.17+47.83;177,4469;-12,2966;12,7185;0;0,975893;0,00672529;0,00114066; 21; 0.155700;RXCJ1149.7-1219; 6.055300;0,299841;1
1303;PSZ2 G280.21+14.57;162,2179;-42,8303; 5.11199;0;0,938943;0,00433979;0,00155707; 30; 0.057987;ABELL S0648; 1.779906;0,238685;0
1304;PSZ2 G280.23-53.84;38,6821;-58,4917; 5.88068;0;0,886769;0,00100332;0,00035628; 20; 0.415000;SPT-CLJ0234-5831; 4.792248;0,527781;0
1305;PSZ2 G280.39-10.48;136,6507;-63,036; 4.99876;0;0,999555;0,00138463;0,000606224; -1;;;;;0
1306;PSZ2 G280.76-52.30;40,2142;-59,8555; 4.52323;0;0,973184;0,00497351;0,00294485; 22; 0.590000;SPT-CLJ0240-5952; 4.876684;0,599783;0
1307;PSZ2 G280.78-52.22;40,3064;-59,9276; 4.82310;0;0,79308;0,00559158;0,00151116; -1;;;;;0
1308;PSZ2 G281.09-42.51;56,2994;-66,5015; 5.01703;0;0,940303;0,00116404;0,000509403; 20; 0.380000;; 4.476924;0,546226;0
1309;PSZ2 G281.26-46.90;47,8488;-63,9067; 6.00791;0;0,998422;0,00108992;0,000351629; 20; 0.284000;SPT-CLJ0311-6354; 4.355146;0,437171;1
1310;PSZ2 G281.48-08.34;141,6462;-62,3463; 6.51783;0;0,969199;0,00106907;0,000315316; -1;;;;;0
1311;PSZ2 G282.11+38.61;175,5;-21,4377; 5.05420;0;0,886301;0,00170816;0,000712252; 16;;;;;0
1312;PSZ2 G282.12+54.04;180,7298;-6,8583; 9.67954;0;0,999675;0,00428565;0,000968468; 21; 0.126800;RXCJ1202.9-0650; 4.654243;0,305992;1
1313;PSZ2 G282.14+38.29;175,4051;-21,7456; 4.90220;0;0,96451;0,00219044;0,00115212; 12; 0.327000;; 4.843995;0,582984;0
1314;PSZ2 G282.28+49.94;179,5033;-10,7755; 6.59224;0;0,996247;0,00114012;0,000239077; 20; 0.660000;; 7.802004;0,646548;0
1315;PSZ2 G282.32-40.15;60,2229;-68,5513; 4.56336;0;0,123888;0,000995127;0,000515475; -1;;;;;0
1316;PSZ2 G282.67+20.83;168,5496;-38,1837; 9.07332;0;0,917922;0,00323974;0,000806993; 21; 0.130600;RXCJ1114.1-3811; 4.447756;0,292212;0
1317;PSZ2 G282.96+14.23;165,299;-44,3202; 4.61148;0;0,991487;0,00128413;0,000620971; 16;;;;;0
1318;PSZ2 G283.16-22.91;111,744;-71,6234; 8.64684;0;0,91993;0,00209883;0,000494244; 20; 0.450000;PLCKESZG283.16-22.; 6.751481;0,454571;0
1319;PSZ2 G283.26+77.37;188,4885;15,1756; 5.99637;1;0,984423;0,00164164;0,000625016; 13; 0.281640;; 5.282574;0,549014;0
1320;PSZ2 G283.91+73.87;187,5549;11,7964; 8.39307;0;0,729693;0,0196147;0,00708504; 21; 0.085200;RXC J1229.9+1147; 2.988091;0,231506;1
1321;PSZ2 G284.30-26.75;99,8762;-73,4026; 4.73162;0;0,748285;0,000546871;0,000160827; -1;;;;;0
1322;PSZ2 G284.41+52.45;181,5622;-8,7887;13,60221;0;0,988772;0,00394709;0,000617829; 21; 0.441400;RXCJ1206.2-0848;11,176133;0,476213;1
1323;PSZ2 G284.59+70.84;186,8635;8,8326; 4.77845;0;0,987388;0,00475175;0,00305468; 21; 0.089600;RXC J1227.4+0849; 2.200535;0,284276;0
1324;PSZ2 G284.97-23.69;110,8395;-73,4393;15,65867;0;0,99094;0,00380471;0,00055216; 20; 0.390000;; 8.392523;0,333284;0
1325;PSZ2 G285.18+16.11;169,0743;-43,4528; 5.84028;0;0,947564;0,00447384;0,00174897; -1;;;;;0
1326;PSZ2 G285.28-47.35;42,538;-65,4994; 5.09994;0;0,980692;0,00108146;0,000467301; -1;;;;;0
1327;PSZ2 G285.52-62.23;26,2624;-53,0405; 9.44991;0;0,996712;0,00524684;0,00111459; 21; 0.116800;RXCJ0145.0-5300; 3.635552;0,242619;1
1329;PSZ2 G285.63+72.75;187,7147;10,5758;10,88553;0;0,977599;0,003721;0,000795734; 20; 0.165000;RXC J1230.7+1033; 5.607035;0,325598;1
1328;PSZ2 G285.63-17.23;131,044;-71,2022; 9.79633;0;0,974117;0,00166723;0,000361197; 20; 0.350000;; 6.641870;0,400039;1
1330;PSZ2 G285.80-26.46;101,4233;-74,7065; 6.64420;0;0,99583;0,00159932;0,000792254; 20;;ACO  3405;;;0
1331;PSZ2 G285.85-46.36;43,4112;-66,5062; 4.75986;0;0,996028;0,00242832;0,0013957; -1;;;;;0
1332;PSZ2 G285.87-74.93;18,6957;-41,4134; 6.67447;0;0,997043;0,00191176;0,000547293; 20; 0.213000;SPT-CLJ0114-4123; 4.495955;0,420387;1
1333;PSZ2 G286.07-42.75;49,7588;-69,2222; 4.92986;0;0,995192;0,00379958;0,00187322; -1;;;;;0
1334;PSZ2 G286.28-38.36;59,8047;-72,0971; 8.73423;0;0,604127;0,00276137;0,00078366; 20; 0.307000;; 5.940131;0,38694;1
1335;PSZ2 G286.32-30.62;85,3794;-75,0626; 4.97583;0;0,971375;0,00145349;0,000588125; -1;;;;;0
1336;PSZ2 G286.39+64.06;185,7032;2,1158; 4.85210;0;0,99844;0,00250786;0,00102979; 24; 0.228986;RMJ122241.3+020558.9; 4.098035;0,485076;0
1337;PSZ2 G286.62-31.24;82,8402;-75,1931;11,89962;0;0,991567;0,00300543;0,000537914; 20; 0.210000;; 5.683848;0,243097;1
1338;PSZ2 G286.66-23.93;111,5332;-74,9867; 5.46404;0;0,968881;0,00134305;0,000504948; -1;;;;;0
1339;PSZ2 G286.68+23.18;173,9996;-37,2921; 5.33946;0;0,94453;0,00145772;0,000566671; 20; 0.300000;; 5.043166;0,49776;0
1340;PSZ2 G286.75-37.35;61,9423;-72,9616; 8.21417;0;0,974456;0,00222049;0,000628202; 20; 0.470000;; 6.785440;0,48982;1
1341;PSZ2 G286.98+32.90;177,7061;-28,0855;22,65637;0;0,995759;0,00833104;0,000774848; 20; 0.390000;;14,692611;0,391745;1
1342;PSZ2 G287.00-35.24;68,1017;-74,1685; 5.66762;0;0,951061;0,00136347;0,00057194; 20; 0.430000;; 5.226339;0,521019;0
1343;PSZ2 G287.05-23.21;114,5879;-75,1234; 5.17341;0;0,964659;0,00159947;0,000710957; 21; 0.111000;RXCJ0738.1-7506; 2.166549;0,254779;0
1344;PSZ2 G287.22+18.13;172,5177;-42,2433; 8.23349;0;0,9613;0,00276141;0,000686813; 21; 0.155000;RXC J1130.0-4213; 4.442432;0,325747;1
1345;PSZ2 G287.25+34.96;178,5734;-26,164; 5.44786;0;0,999845;0,0040707;0,00175439; 12; 0.349000;; 5.421593;0,55593;0
1346;PSZ2 G287.46+81.12;190,3714;18,5523; 7.43163;0;0,982963;0,00315665;0,00088212; 21; 0.073000;RXC J1241.3+1834; 2.628514;0,223079;1
1347;PSZ2 G287.54+58.63;184,907;-3,2841; 4.75093;0;0,889995;0,00246288;0,00104999; 24; 0.305033;RMJ121937.2-031834.2; 4.226160;0,619404;0
1348;PSZ2 G287.55-14.25;141,6886;-70,7315; 5.10112;0;0,991255;0,000715874;0,000211464; -1;;;;;0
1349;PSZ2 G287.56-28.32;94,2895;-76,3514; 7.20884;0;0,971454;0,00174923;0,0004666; 20; 0.363000;; 4.795627;0,427674;1
1350;PSZ2 G287.72+26.46;176,3204;-34,4428; 7.21489;0;0,991898;0,0061306;0,00202021; 21; 0.069700;RXCJ1145.3-3425; 2.578626;0,226006;1
1351;PSZ2 G287.96-32.99;74,8492;-75,8018;11,74542;0;0,951981;0,00264793;0,000420312; 20; 0.250000;; 6.183183;0,25593;1
1352;PSZ2 G288.06-46.73;39,8015;-67,1621; 4.56500;0;0,816568;0,00107994;0,000556115; -1;;;;;0
1353;PSZ2 G288.08-14.81;141,5745;-71,4852; 7.77626;0;0,999172;0,00123732;0,000320781; 20; 0.290000;; 5.197617;0,394546;0
1354;PSZ2 G288.15-39.04;55,1105;-72,8593; 6.32265;0;0,981829;0,00170798;0,000786317; 20; 0.480000;; 5.874903;0,541255;1
1355;PSZ2 G288.27+39.97;180,8254;-21,5248;13,31787;0;0,985237;0,00614664;0,000898847; 21; 0.199200;RXCJ1203.2-2131; 7.162284;0,280444;1
1356;PSZ2 G288.63-37.66;58,061;-74,0086;21,26239;0;0,987305;0,00984006;0,000952347; 21; 0.127000;MS0353.3-7411; 6.440878;0,191418;1
1357;PSZ2 G288.87-32.97;73,7616;-76,5163; 4.91481;0;0,972636;0,00237478;0,000962766; 16;;;;;0
1358;PSZ2 G289.13+72.19;188,6158;9,7815; 8.79077;0;0,994612;0,00399067;0,000938655; 20; 0.229000;RXC J1234.2+0947; 5.876935;0,389943;1
1359;PSZ2 G289.16+55.27;185,0117;-6,7569; 4.58134;0;0,984001;0,00342434;0,00200918; 20; 0.410000;; 5.373662;0,657836;0
1360;PSZ2 G289.30-28.95;91,0689;-77,8446; 5.19027;0;0,965982;0,00142873;0,000577241; -1;;;;;0
1361;PSZ2 G289.50+32.71;179,9769;-28,8047; 4.97183;0;0,982669;0,00497244;0,00265263; -1;;;;;0
1362;PSZ2 G289.50-47.49;36,6101;-67,0819; 5.30401;0;0,97416;0,00279729;0,00125708; -1;;;;;0
1363;PSZ2 G290.19+30.16;179,9529;-31,4267; 6.42656;0;0,952683;0,00555679;0,00160953; 21; 0.068500;RXCJ1200.0-3124; 2.252392;0,223447;1
1364;PSZ2 G290.38+37.57;181,9786;-24,236; 4.65398;0;0,97802;0,000838575;0,000198899; -1;;;;;0
1365;PSZ2 G290.83-45.84;36,8519;-68,9655; 4.88279;0;0,670329;0,000870797;0,00029459; -1;;;;;0
1366;PSZ2 G291.34+14.70;176,4088;-46,682; 4.55553;0;0,812819;0,00169662;0,000702815; -1;;;;;0
1367;PSZ2 G291.34-55.31;26,3163;-60,588; 6.86223;0;0,990978;0,00179484;0,000451386; 21; 0.180500;RXCJ0145.2-6033; 3.686927;0,290013;1
1368;PSZ2 G292.04+22.91;179,9441;-38,8609; 5.59450;0;0,969317;0,00172509;0,000580483; -1;;;;;0
1369;PSZ2 G292.22-43.33;38,2313;-71,6195; 5.12637;0;0,979377;0,00105101;0,000412179; -1;;;;;0
1370;PSZ2 G292.40-57.11;23,9907;-59,0932; 4.92588;0;0,999667;0,00244174;0,00115594; 22; 0.490000;SPT-CLJ0135-5904; 4.787014;0,539972;0
1371;PSZ2 G292.56+21.97;180,3;-39,8837;11,69977;0;0,947363;0,00554023;0,00093829; 20; 0.300000;; 7.926002;0,439428;0
1372;PSZ2 G292.69-18.32;143,7571;-77,1034; 4.96346;0;0,29203;0,000932386;0,000356515; -1;;;;;0
1373;PSZ2 G292.74+33.49;183,188;-28,6121; 5.12740;0;0,88854;0,00181845;0,000678643; 30; 0.081570;ABELL 3506; 2.066264;0,258973;0
1374;PSZ2 G292.77-23.80;120,5493;-80,2479; 5.84627;0;0,919212;0,000715203;0,000121628; -1;;;;;0
1375;PSZ2 G292.84-16.57;149,2667;-75,9083; 7.97342;0;0,990457;0,00160089;0,000511679; -1;;;;;0
1376;PSZ2 G293.01-65.78;19,2872;-50,8488; 7.22222;0;0,940006;0,0023231;0,000640981; 20;;ACO  2893;;;1
1377;PSZ2 G293.09+43.20;185,2897;-19,0906; 5.07061;0;0,971067;0,000828344;0,000162566; -1;;;;;0
1378;PSZ2 G293.12-70.85;17,468;-45,9242; 6.98052;0;0,917363;0,00624011;0,00213849; 21; 0.023800;RXCJ0110.0-4555; 1.143805;0,110559;1
1379;PSZ2 G293.17-14.35;155,4661;-74,3156; 4.86264;0;0,963647;0,000719595;0,000149626; -1;;;;;0
1380;PSZ2 G293.35+07.33;176,4226;-54,3099; 5.32772;0;0,979265;0,00333085;0,0010564; 21; 0.155000;RXC J1145.6-5420; 3.884921;0,352238;0
1381;PSZ2 G293.35-10.50;162,5449;-71,0898; 4.77974;0;0,884893;0,00251936;0,00111634; -1;;;;;0
1382;PSZ2 G293.63+08.25;177,2786;-53,489; 5.79794;0;0,984567;0,00299482;0,00105666; -1;;;;;0
1383;PSZ2 G293.80-40.77;39,4301;-74,4142; 4.54827;0;0,920856;0,0010546;0,000545901; -1;;;;;0
1384;PSZ2 G293.92-17.26;150,8497;-77,0984; 5.07806;0;0,207333;0,00214888;0,00105779; -1;;;;;0
1385;PSZ2 G294.28-19.03;146,561;-78,659; 7.25244;0;0,188612;0,00157526;0,000518749; -1;;;;;0
1386;PSZ2 G294.31-14.18;159,304;-74,7606; 5.10200;0;0,007969;0,00535025;0,00106536; -1;;;;;0
1387;PSZ2 G294.36-29.53;83,1319;-82,0848; 6.28114;0;0,975874;0,000951364;0,000315156; 20; 0.620000;; 5.843174;0,545455;0
1388;PSZ2 G294.37-14.33;159,2047;-74,9175; 8.87115;0;0,298043;0,00461209;0,000938213; -1;;;;;0
1389;PSZ2 G294.45-13.94;160,193;-74,6249; 4.77347;0;0,002557;0,00216833;0,00114248; -1;;;;;0
1390;PSZ2 G294.64+30.15;184,398;-32,1677; 5.13815;0;0,979446;0,00101285;0,000299798; 16;;;;;0
1391;PSZ2 G294.68-37.01;45,991;-77,9032;14,36911;0;0,976158;0,00440149;0,000761119; 21; 0.274200;RXCJ0303.7-7752; 6.993430;0,294403;1
1392;PSZ2 G294.89-37.19;44,8426;-77,8629; 5.35206;0;0,90498;0,00709432;0,00131213; 20; 0.470000;; 4.826870;0,650032;0
1393;PSZ2 G295.00-37.76;42,9758;-77,4498; 4.59584;0;0,853184;0,000519985;0,000119442; -1;;;;;0
1394;PSZ2 G295.19-56.99;21,2058;-59,6325; 5.99310;0;0,845176;0,00317309;0,00254106; 20; 0.217000;SPT-CLJ0124-5937; 3.850401;0,338881;0
1395;PSZ2 G295.25-21.55;139,7605;-81,057; 7.64841;0;0,993736;0,00224915;0,000742235; 20; 0.610000;; 8.077119;0,623891;0
1396;PSZ2 G295.27+32.25;185,3699;-30,1683; 4.78508;0;0,972846;0,00149819;0,000634767; 16;;;;;0
1397;PSZ2 G295.34+23.34;183,8908;-38,9929; 9.76087;0;0,973433;0,00799336;0,00151695; 21; 0.119000;RXCJ1215.4-3900; 4.230577;0,284846;1
1398;PSZ2 G295.36+24.29;184,0871;-38,0594; 4.64184;0;0,903972;0,000904279;0,000306996; -1;;;;;0
1399;PSZ2 G295.61-17.50;156,2506;-78,2432; 5.84868;0;0,014977;0,00183946;0,00062129; -1;;;;;0
1400;PSZ2 G295.63-51.96;23,3587;-64,5679; 8.73352;0;0,973346;0,00130538;0,000266568; 20; 0.333000;SPT-CLJ0133-6434; 6.087434;0,429557;1
1401;PSZ2 G295.92-39.39;36,5378;-76,4195; 5.29261;0;0,977547;0,000577776;0,000108184; -1;;;;;0
1402;PSZ2 G296.27-52.05;22,4121;-64,5792; 6.82109;0;0,998413;0,00136646;0,000388382; 20; 0.326400;RXC J0129.4-6432; 5.311265;0,456816;1
1403;PSZ2 G296.42-32.49;57,7603;-82,2162; 9.50203;0;0,988967;0,00502938;0,00123998; 21; 0.061300;RXCJ0351.1-8212; 2.461210;0,170254;1
1404;PSZ2 G296.59-10.50;171,9015;-72,3373; 4.81530;0;0,99935;0,00177019;0,000786581; -1;;;;;0
1405;PSZ2 G296.88-17.07;162,5493;-78,4985; 5.22031;0;0,181237;0,0127024;0,00792733; -1;;;;;0
1406;PSZ2 G296.91-07.00;175,908;-69,0843; 7.10162;0;0,998915;0,00414805;0,00123614; 20; 0.310000;; 7.500602;0,539255;0
1407;PSZ2 G297.16-44.90;25,9135;-71,6325; 5.46878;0;0,939015;0,00069415;0,000154714; 16;;;;;0
1408;PSZ2 G297.31-34.68;43,9911;-81,0392; 5.18834;0;0,328627;0,00267297;0,000783773; -1;;;;;0
1409;PSZ2 G297.64-11.94;173,7429;-74,0285; 6.46493;0;0,010406;0,00345041;0,00120593; -1;;;;;0
1410;PSZ2 G297.84+26.03;187,166;-36,6148; 6.23564;0;0,949114;0,00352964;0,00100913; 16;;;;;1
1411;PSZ2 G297.91+31.43;187,8533;-31,2422; 4.96302;0;0,92778;0,00233234;0,00136513; -1;;;;;0
1412;PSZ2 G297.97-67.74;15,7362;-49,2717;13,08221;0;0,988733;0,00191422;0,000265956; 20; 0.870000;ACT-CLJ0102-49151;10,75359;0,478165;1
1413;PSZ2 G298.56+13.53;186,3643;-49,1153; 8.14353;0;0,973163;0,0017537;0,000393126; 20; 0.640000;; 8.803801;0,637421;0
1414;PSZ2 G299.38-57.32;16,6512;-59,7005; 4.76312;0;0,989432;0,00115724;0,000495292; 22; 0.348114;SPT-CLJ0106-5943; 4.364765;0,557749;0
1415;PSZ2 G299.54+17.83;188,3018;-44,9185; 6.02125;0;0,982823;0,00140594;0,000488884; -1;;;;;1
1416;PSZ2 G299.68-60.21;15,8068;-56,8424; 5.11683;0;0,97334;0,000772294;0,000245424; -1;;;;;0
1417;PSZ2 G300.98+14.38;190,018;-48,4395; 6.43877;0;0,957268;0,00312788;0,00109429; 21; 0.152000;RXC J1240.2-4825; 4.164417;0,402765;0
1418;PSZ2 G301.11+60.05;191,9529;-2,8003; 6.10587;0;0,982826;0,00192438;0,000698308; 20; 0.179700;RXC J1247.7-0247; 4.417233;0,456303;0
1419;PSZ2 G301.90+20.17;191,5501;-42,6827; 5.26161;0;0,903818;0,00164939;0,00068513; 20;;ACO S  709;;;0
1420;PSZ2 G302.41+21.60;192,217;-41,2653; 9.50365;0;0,809785;0,0679271;0,0121262; 21; 0.011400;RXCJ1248.7-4118; 1.324722;0,080864;1
1421;PSZ2 G302.49+21.53;192,3139;-41,3303; 8.36482;0;0,903436;0,04738;0,0111648; 21; 0.011400;; 1.265525;0,107624;0
1422;PSZ2 G302.85-88.63;12,8615;-28,4978; 6.59417;0;0,960456;0,00192002;0,000698759; 21; 0.112500;RXC J0051.3-2831; 3.104015;0,290028;1
1423;PSZ2 G303.00+20.86;192,9472;-42,0058; 4.62035;0;0,968655;0,0017434;0,000848451; 20;;;;;0
1424;PSZ2 G303.03-68.49;12,8044;-48,6367; 4.84964;0;0,949754;0,00299283;0,00138609; 21; 0.187300;RXC J0051.1-4833; 3.214194;0,425165;0
1425;PSZ2 G303.54+36.49;193,4108;-26,3694; 4.91256;0;0,998685;0,00231746;0,00105064; 30; 0.221153;ABELL 1633; 4.208759;0,474132;0
1426;PSZ2 G303.56+47.54;193,3026;-15,322; 5.17788;0;0,959103;0,00628179;0,00264273; 21; 0.046200;RXCJ1253.2-1522; 1.702444;0,201609;0
1427;PSZ2 G303.72-48.28;11,3984;-68,8371; 5.21374;0;0,950141;0,00172815;0,000702993; 20;;ACO S  75;;;0
1429;PSZ2 G303.75+33.70;193,6424;-29,1621;10,77025;0;0,94307;0,0288772;0,00510131; 21; 0.054400;RXCJ1254.6-2913; 2.869498;0,190494;1
1428;PSZ2 G303.75-32.86;6,0181;-84,2207; 5.12938;0;0,023748;0,00153394;0,00062631; -1;;;;;0
1430;PSZ2 G303.98-18.29;199,3557;-81,1092; 4.83872;0;0,007211;0,00100636;0,000302853; -1;;;;;0
1431;PSZ2 G304.44+32.48;194,3411;-30,3669;12,40034;0;0,990476;0,0177708;0,00447185; 21; 0.055400;RXCJ1257.2-3022; 3.452855;0,190898;1
1432;PSZ2 G304.65-31.66;354,9464;-85,218; 8.28185;0;0,999464;0,00419928;0,000873396; 21; 0.193400;RXCJ2340.1-8510; 4.709839;0,274896;1
1434;PSZ2 G304.84+69.84;193,5236;6,9788; 4.72224;0;0,968944;0,000785655;0,000169485; 20; 0.346000;WHL J193.505+7.028; 4.817952;0,622549;0
1433;PSZ2 G304.84-41.40;7,0699;-75,634;11,2193;0;0,991911;0,00181344;0,000344356; 20; 0.410000;PLCKESZG304.84-41.; 7.645609;0,345438;1
1435;PSZ2 G304.91+45.43;194,3179;-17,4108;16,11598;0;0,924183;0,0253175;0,00346191; 21; 0.047300;RXCJ1257.1-1724; 3.688718;0,157765;1
1436;PSZ2 G304.95-18.60;205,5794;-81,2788; 4.64659;0;0,004847;0,00161906;0,000615498; -1;;;;;0
1437;PSZ2 G305.14-33.60;357,0184;-83,2463; 5.29016;0;0,103658;0,00152578;0,000750348; -1;;;;;0
1438;PSZ2 G305.39-40.24;4,6578;-76,7277; 5.07610;0;0,95569;0,00215547;0,00117028; 16;;;;;0
1439;PSZ2 G305.55-42.77;5,7782;-74,2064; 5.55634;0;0,832164;0,00307526;0,00135128; -1;;;;;0
1440;PSZ2 G305.59-54.80;9,5578;-62,2546; 5.26117;0;0,999657;0,00188371;0,00077919; -1;;;;;0
1441;PSZ2 G305.76+44.79;194,9768;-18,033; 5.71714;0;0,970078;0,0011165;0,000257809; -1;;;;;0
1442;PSZ2 G305.88-44.56;5,8866;-72,4041; 8.63036;0;0,962964;0,00128486;0,000288989; 20; 0.300000;; 5.688925;0,402616;1
1443;PSZ2 G305.96-25.45;251,919;-86,8107; 6.64376;0;0,949653;0,00153902;0,000511336; -1;;;;;0
1444;PSZ2 G305.96-37.15;359,2901;-79,6525; 6.72116;0;0,924986;0,00378085;0,00129061; -1;;;;;1
1445;PSZ2 G306.02+34.47;195,7518;-28,33; 5.63451;0;0,9704;0,00269048;0,00112579; 20; 0.221200;; 4.996375;0,55581;0
1446;PSZ2 G306.22-53.56;8,4858;-63,4495; 4.50315;0;0,99253;0,00107918;0,000531626; 22; 0.597129;SPT-CLJ0033-6326; 5.170574;0,693647;0
1447;PSZ2 G306.23+11.92;197,9731;-50,8189; 5.02782;0;0,985381;0,00135198;0,000512876; -1;;;;;0
1448;PSZ2 G306.50+38.50;195,9278;-24,2807; 7.61472;0;0,976194;0,00415785;0,000963733; 21; 0.128800;RXCJ1303.7-2415; 4.275730;0,364418;0
1449;PSZ2 G306.62-41.25;1,6583;-75,5472; 5.18556;0;0,99842;0,00126874;0,000511386; -1;;;;;0
1450;PSZ2 G306.66+61.06;194,6654;-1,7497;12,02371;0;0,969616;0,0079667;0,00149917; 21; 0.084500;RXCJ1258.6-0145; 4.446865;0,240766;1
1451;PSZ2 G306.77+58.61;194,8673;-4,2009;15,4475;0;0,986556;0,0121571;0,00159619; 21; 0.084500;RXCJ1259.3-0411; 5.074183;0,176684;1
1452;PSZ2 G307.23+16.35;198,8399;-46,3162; 5.32683;0;0,98304;0,000989461;0,000184048; -1;;;;;0
1453;PSZ2 G307.56-10.74;208,6607;-73,044; 9.97799;0;0,960691;0,00654849;0,00188544; 20; 0.250000;; 7.745479;0,50595;0
1454;PSZ2 G307.72-77.87;11,5624;-39,2073; 5.78155;0;0,852148;0,00124348;0,000431135; 20; 0.453000;; 6.035635;0,621573;0
1455;PSZ2 G308.04-15.48;216,0946;-77,4267; 4.65930;0;0,967932;0,00111093;0,000401279; -1;;;;;0
1456;PSZ2 G308.33-20.21;229,6124;-81,503;10,69527;0;0,982239;0,00356746;0,000904447; 20; 0.480000;;10,3187;0,570543;0
1457;PSZ2 G308.44+24.24;199,278;-38,3558; 7.10029;0;0,985766;0,00219983;0,000573335; 21; 0.255300;RXCJ1317.1-3821; 6.286082;0,548044;1
1458;PSZ2 G308.64+60.26;195,6929;-2,484; 4.53094;0;0,991863;0,00389237;0,00206912; 21; 0.084700;RXCJ1302.8-0230; 2.222319;0,316916;0
1459;PSZ2 G308.85-50.61;3,5682;-66,0802; 5.80819;0;0,769738;0,000876383;0,000224479; 21; 0.159900;RXCJ0014.3-6604; 3.030337;0,328876;0
1460;PSZ2 G309.39+13.26;202,5016;-49,1231; 5.56859;0;0,995841;0,00143516;0,00040233; 20; 0.280000;; 5.710883;0,615878;0
1461;PSZ2 G309.43-72.86;10,1943;-44,1328; 6.45908;0;0,968609;0,00143905;0,000451168; 22; 0.350000;SPT-CLJ0040-4407; 5.820646;0,54414;1
1462;PSZ2 G309.49+37.31;198,6313;-25,2657; 8.20374;0;0,997439;0,00193154;0,000499082; 21; 0.243900;RXCJ1314.4-2515; 6.716546;0,528581;1
1463;PSZ2 G309.62-19.95;234,8254;-80,5657; 7.35125;0;0,0101;0,00184065;0,000411177; -1;;;;;0
1464;PSZ2 G310.22+23.02;201,5512;-39,3545; 4.72333;0;0,917537;0,0017121;0,000689762; -1;;;;;0
1465;PSZ2 G310.81+83.91;193,7525;21,0948; 8.28912;0;0,006168;0,00925794;0,00177781; -1;;;;;0
1466;PSZ2 G311.18-47.76;357,6798;-68,3802; 4.85079;0;0,997201;0,00167109;0,000651561; -1;;;;;0
1467;PSZ2 G311.23-23.00;255,9131;-81,4289; 4.89304;0;0,055838;0,00217478;0,00113115; -1;;;;;0
1468;PSZ2 G311.33-48.50;358,1152;-67,6485; 5.28048;0;0,918772;0,00268149;0,0010075; -1;;;;;0
1469;PSZ2 G311.62-42.31;350,0519;-73,2378; 4.61992;0;0,995279;0,00211251;0,00121989; 21; 0.098400;RXCJ2319.6-7313; 1.950878;0,280212;0
1470;PSZ2 G311.91-78.80;10,6511;-38,1642; 5.20807;0;0,919006;0,000918018;0,000337015; 20; 0.219345;ACO 2812; 3.646767;0,433244;0
1471;PSZ2 G311.98+30.71;201,9932;-31,5125;18,56985;0;0,996597;0,0447683;0,00503944; 21; 0.048000;RXCJ1327.9-3130; 4.786142;0,165624;1
1472;PSZ2 G312.35+17.84;205,3896;-44,104; 4.64904;0;0,994389;0,00208637;0,00102533; -1;;;;;0
1473;PSZ2 G312.48-28.86;296,6917;-81,3869; 5.56126;0;0,998898;0,00321178;0,00118821; -1;;;;;0
1474;PSZ2 G312.62+35.05;201,7701;-27,1498;10,92422;0;0,955864;0,0248145;0,00417943; 21; 0.045800;RXCJ1326.9-2710; 2.888308;0,167574;1
1475;PSZ2 G312.63-66.40;6,8029;-50,2686; 6.92578;0;0,99744;0,0036464;0,00116686; 21; 0.144800;RXCJ0027.3-5015; 3.542888;0,332807;1
1476;PSZ2 G312.94+55.38;198,5684;-7,0412; 4.60305;0;0,964033;0,00159217;0,000739645; 21; 0.189200;RXCJ1314.2-0659; 3.832989;0,536452;0
1477;PSZ2 G313.00-30.01;303,2835;-80,7011; 6.21216;0;0,999087;0,0102284;0,003916; 21; 0.138000;RXCJ2014.2-8038; 3.754782;0,432393;0
1479;PSZ2 G313.33+30.29;203,4175;-31,7179; 6.59686;0;0,988229;0,0351873;0,0147904; 21; 0.049000;RXCJ1333.6-3139; 2.443000;0,213369;1
1478;PSZ2 G313.33+61.13;197,8603;-1,3364;16,74117;0;0,987111;0,00613085;0,000807985; 20; 0.183200;RXC J1311.5-0120; 8.768981;0,336874;1
1480;PSZ2 G313.55+41.93;201,2666;-20,2411; 5.03199;0;0,905811;0,00298219;0,0011151; 21; 0.192600;RXCJ1325.1-2014; 4.043344;0,513753;0
1481;PSZ2 G313.84+19.21;206,886;-42,4603; 6.63218;0;0,983837;0,0024638;0,000725406; 20; 0.282500;; 6.694419;0,539894;1
1482;PSZ2 G313.88-17.11;240,4389;-75,7574;16,63657;0;0,996803;0,00860508;0,00101958; 21; 0.153000;RXC J1601.7-7544; 8.025071;0,264335;1
1483;PSZ2 G314.26-55.35;359,7065;-60,5965; 5.94317;0;0,875404;0,00227688;0,000665885; 21; 0.098900;RXCJ2359.3-6042; 2.261127;0,226984;0
1484;PSZ2 G314.46+13.54;209,6776;-47,8116;14,9011;0;0,994307;0,0223643;0,00296282; 21; 0.074000;RXC J1358.9-4750; 5.285008;0,255471;0
1485;PSZ2 G314.77-28.57;293,4761;-79,4366; 8.21795;0;0,000396;0,0194626;0,00398862; -1;;;;;0
1486;PSZ2 G314.96+10.06;211,9007;-51,021;15,49399;0;0,990317;0,0200123;0,00279237; 21; 0.096600;RXC J1407.8-5100; 6.831312;0,314851;0
1487;PSZ2 G315.36+38.54;203,4202;-23,3042; 6.32460;0;0,894639;0,00297212;0,0013706; 21; 0.126400;RXCJ1333.6-2317; 3.883662;0,398859;1
1488;PSZ2 G315.56-37.04;328,9119;-75,4309; 8.07025;0;0,990678;0,00186837;0,000446924; 20; 0.233000;; 5.692326;0,432994;1
1489;PSZ2 G315.66-28.64;293,5013;-78,6476; 8.21382;0;0,011628;0,0121711;0,00243268; -1;;;;;0
1490;PSZ2 G315.68-18.04;247,8374;-75,1437;17,05772;0;0,996786;0,0134848;0,0014179; 21; 0.105000;RXC J1631.6-7507; 6.424092;0,220528;1
1491;PSZ2 G315.71-83.81;11,2292;-33,1467; 4.55228;0;0,891769;0,00263889;0,00128202; -1;;;;;0
1492;PSZ2 G316.31+28.53;206,8725;-32,8747;18,85321;0;0,995473;0,0382687;0,00374283; 21; 0.039100;RXCJ1347.4-3250; 4.627691;0,138223;1
1493;PSZ2 G316.43+54.02;200,8194;-8,013; 5.18380;0;0,728043;0,00104182;0,000247485; -1;;;;;0
1494;PSZ2 G316.51-33.21;313,5504;-76,7867; 4.86085;0;0,956384;0,00101421;0,000333197; -1;;;;;0
1495;PSZ2 G316.89-32.24;309,0955;-76,8456; 5.18287;0;0,961764;0,00255216;0,00125166; -1;;;;;0
1496;PSZ2 G317.52+59.94;200,1132;-2,0996; 4.51434;0;0,999762;0,00235717;0,00114744; 13; 0.315551;; 5.084684;0,741649;0
1497;PSZ2 G317.58-17.82;251,3732;-73,5923; 4.93655;0;0,971232;0,00657247;0,00235326; 21; 0.069000;RXC J1645.4-7334; 2.059166;0,270816;0
1498;PSZ2 G317.79+26.63;208,992;-34,367; 5.76145;0;0,451323;0,00416936;0,0017943; -1;;;;;0
1499;PSZ2 G318.05-58.88;358,7029;-56,5519; 5.00342;0;0,852607;0,00217796;0,000926702; 22; 0.530000;SPT-CLJ2354-5633; 5.028991;0,569737;0
1500;PSZ2 G318.14-29.57;296,7757;-76,4034; 7.45623;0;0,945165;0,00431429;0,00139503; 21; 0.217000;RXCJ1947.3-7623; 5.887117;0,474927;0
1501;PSZ2 G318.25+73.24;197,3109;10,9017; 5.33476;0;0,963898;0,00270114;0,00140165; 20; 0.425500;WHL J197.343+10.85; 6.126018;0,655889;0
1502;PSZ2 G318.46+83.79;194,638;21,1366; 9.40104;0;0,003883;0,0138175;0,00187392; -1;;;;;0
1503;PSZ2 G318.54-07.62;232,9243;-65,5214; 4.50377;0;0,993977;0,0024611;0,00114101; -1;;;;;0
1504;PSZ2 G318.62+58.55;200,9819;-3,3189; 4.85596;0;0,895937;0,0020437;0,000999291; 24; 0.219595;RMJ132413.2-031751.5; 4.418548;0,596715;0
1505;PSZ2 G319.16+26.63;210,4069;-34,0109; 4.76907;0;0,762553;0,00547429;0,00307842; -1;;;;;0
1506;PSZ2 G319.19-48.59;346,7538;-65,1009; 5.41720;0;0,991336;0,00203971;0,00085475; 22; 0.529800;SPT-CLJ2306-6505; 5.546910;0,557088;0
1507;PSZ2 G319.27-19.57;259,5763;-73,2266; 5.02407;0;0,994827;0,00229055;0,000883895; 20; 0.260000;; 4.597099;0,553796;0
1508;PSZ2 G319.41-27.54;288,3036;-75,362; 4.66161;0;0,999735;0,00606055;0,00350861; 21; 0.072600;RXCJ1912.6-7517; 2.249766;0,336092;0
1509;PSZ2 G319.64-65.11;1,8784;-50,56; 5.43311;0;0,943385;0,00489804;0,00232065; -1;;;;;0
1510;PSZ2 G320.94+83.69;194,946;21,1157; 7.32185;0;0,040647;0,006983;0,00154472; -1;;;;;0
1511;PSZ2 G321.08-17.96;257,9283;-70,9264; 4.51812;0;0,942023;0,00089507;0,000295031; -1;;;;;0
1512;PSZ2 G321.30+50.63;204,5938;-10,5554; 4.63419;0;0,959705;0,00522618;0,00340415; 16;;;;;0
1513;PSZ2 G321.94+75.57;197,6433;13,4177; 4.65786;0;0,972541;0,00373581;0,0022138; -1;;;;;0
1514;PSZ2 G321.98-47.96;342,4564;-64,4152;13,6725;0;0,993987;0,00609849;0,00103369; 21; 0.094000;RXCJ2249.9-6425; 4.023152;0,176678;1
1515;PSZ2 G322.44+20.29;216,6179;-38,9512; 5.25618;0;0,862602;0,00106707;0,000217542; -1;;;;;0
1516;PSZ2 G322.63-49.15;343,5306;-63,2452; 7.85920;0;0,989972;0,00251507;0,000716745; 21; 0.211200;RXCJ2254.0-6315; 4.651399;0,322949;1
1517;PSZ2 G322.74-42.10;330,7661;-67,9635; 4.82680;0;0,911717;0,000816351;0,000287125; -1;;;;;0
1518;PSZ2 G322.77+59.52;202,7771;-1,8055; 8.68979;0;0,94665;0,0117144;0,0026997; 20; 0.085200;RXC J1330.8-0152; 3.226144;0,244942;1
1519;PSZ2 G323.08-63.98;358,9955;-50,9141; 5.68213;0;0,980953;0,00386643;0,00140804; 22; 0.319600;SPT-CLJ2355-5055; 4.569305;0,525153;0
1520;PSZ2 G323.30+63.66;201,7478;2,2119; 8.56836;0;0,977439;0,00407733;0,001018; 20; 0.259000;ZwCl 1324.6+0229; 6.424766;0,419557;1
1521;PSZ2 G323.31+27.37;214,2706;-32,0827; 5.67793;0;0,916774;0,00234712;0,000900568; -1;;;;;0
1522;PSZ2 G323.39+81.61;195,954;19,2421; 5.51465;0;0,865336;0,00647564;0,0019257; 20; 0.064300;RXC J1303.7+1916; 1.859241;0,254416;0
1523;PSZ2 G323.70-25.45;282,4324;-71,3248; 5.73794;0;0,951993;0,00102453;0,000236857; -1;;;;;0
1524;PSZ2 G323.77-33.80;308,3536;-70,8782; 5.35239;0;0,975602;0,00146623;0,000655647; -1;;;;;0
1525;PSZ2 G323.96+43.81;208,5255;-16,4826; 4.97385;0;0,672358;0,00362196;0,00185468; -1;;;;;0
1526;PSZ2 G324.04+48.79;206,8863;-11,7626;11,50636;0;0,992792;0,0025031;0,000404841; 21; 0.451600;RXCJ1347.5-1144;11,029433;0,568343;1
1527;PSZ2 G324.54-44.97;334,5048;-65,177; 8.58427;0;0,99536;0,00427437;0,00101731; 21; 0.095100;RXCJ2218.0-6511; 3.003284;0,223201;1
1528;PSZ2 G324.59-11.52;249,5789;-64,3594;32,40285;0;0,992847;0,0871314;0,00899872; 21; 0.050800;RXC J1638.2-6420; 7.939415;0,15273;0
1529;PSZ2 G324.69+62.17;202,8289;0,9957; 5.18634;0;0,917492;0,00214375;0,000948731; 24; 0.359299;RMJ133111.4+010003.2; 5.607998;0,642814;0
1530;PSZ2 G324.99-49.26;341,2653;-62,1011; 6.15017;0;0,998044;0,00228588;0,000777932; 22; 0.580000;SPT-CLJ2245-6206; 5.993725;0,523448;1
1531;PSZ2 G325.17-07.05;243,3763;-60,8736; 6.76834;0;0,999999;0,0354978;0,0059187; 21; 0.015700;RXC J1614.3-6052; 2.396106;0,18833;0
1532;PSZ2 G325.19+49.12;207,4979;-11,1993; 4.62055;0;0,979717;0,0021211;0,00106437; -1;;;;;0
1533;PSZ2 G325.25-33.72;307,2512;-69,7017; 4.65407;0;0,988347;0,00127143;0,000519114; -1;;;;;0
1534;PSZ2 G325.70+17.34;221,861;-40,3457; 8.74540;0;0,977894;0,00434499;0,00120795; 20; 0.315500;; 7.569986;0,508679;1
1535;PSZ2 G325.86-33.56;306,4916;-69,2387; 4.51756;0;0,908266;0,00101361;0,00042209; -1;;;;;0
1536;PSZ2 G325.99-59.48;353,0964;-53,9657; 5.85560;0;0,938024;0,00130801;0,000481804; 22; 0.402000;SPT-CLJ2332-5358; 5.615111;0,574531;0
1537;PSZ2 G326.01+17.21;222,2803;-40,3275; 4.64979;0;0,997481;0,00568613;0,00308384; 30; 0.062000;ABELL S0774; 2.120057;0,237908;0
1538;PSZ2 G326.71+50.30;208,0082;-9,7483; 4.50661;0;0,745704;0,0111266;0,00695212; 21; 0.202100;RXCJ1352.2-0945; 4.042493;0,524841;0
1539;PSZ2 G326.73+54.80;206,375;-5,5498; 5.91758;0;0,999714;0,00283148;0,00110852; 20;;;;;0
1540;PSZ2 G327.27+11.05;227,8356;-45,1025; 7.24656;0;0,550816;0,0014186;0,000190105; -1;;;;;0
1541;PSZ2 G327.29+09.99;228,6528;-45,9927; 7.53576;0;0,99924;0,00888296;0,00213082; 21; 0.058000;RXC J1514.6-4558; 2.968433;0,250756;0
1542;PSZ2 G327.53+25.88;219,0463;-31,9332; 5.19684;0;0,965832;0,00530613;0,00266852; 20; 0.303800;; 5.516123;0,669884;0
1543;PSZ2 G327.66-54.26;345,9076;-57,3802; 5.81072;0;0,747011;0,00089856;0,00021973; -1;;;;;0
1544;PSZ2 G328.05+15.79;225,437;-40,6348; 5.58051;0;0,983348;0,00340974;0,00189341; -1;;;;;0
1545;PSZ2 G328.24+18.21;224,0897;-38,4416; 6.38054;0;0,995901;0,00642529;0,0031874; 21; 0.115000;RXC J1456.2-3826; 3.502504;0,34659;1
1546;PSZ2 G328.31-09.71;251,6509;-60,3984;10,23338;0;0,993798;0,00623743;0,00191457; 21; 0.148000;RXC J1646.6-6023; 6.214705;0,403606;0
1547;PSZ2 G328.58-25.25;284,0177;-66,9405; 5.27100;0;0,981672;0,00135971;0,000456824; 21; 0.179700;RXCJ1855.8-6654; 3.823897;0,440834;0
1548;PSZ2 G328.96+71.97;200,8033;10,7282; 5.85160;0;0,853343;0,00202385;0,001106; -1;;;;;0
1549;PSZ2 G329.29+29.18;218,9842;-28,2837; 5.05773;0;0,966686;0,0038692;0,00139302; -1;;;;;0
1550;PSZ2 G329.36-09.90;253,2597;-59,7165;13,8364;0;0,994545;0,016205;0,00251916; 21; 0.048000;RXC J1653.0-5943; 3.669181;0,180827;0
1551;PSZ2 G329.48-22.67;278,248;-65,5528; 6.16602;0;0,939824;0,00141123;0,000362105; 20;;;;;1
1552;PSZ2 G329.53-54.73;345,1035;-56,2769; 5.77081;0;0,973505;0,0023334;0,000867696; 20; 0.152800;ACO  3950; 3.209470;0,359595;0
1553;PSZ2 G329.57-17.96;268,0001;-63,813; 5.97524;0;0,911493;0,00182581;0,000602905; 21; 0.133000;RXC J1752.0-6348; 3.419472;0,351414;0
1554;PSZ2 G330.07+28.11;220,2318;-28,9273; 5.35565;0;0,981542;0,00231875;0,00081521; 16;;;;;0
1555;PSZ2 G330.53-40.56;320,5243;-63,5959; 4.68190;0;0,942764;0,0015424;0,000706365; 22; 0.217000;SPT-CLJ2121-6335; 3.701717;0,481946;0
1556;PSZ2 G331.10+40.81;214,8295;-17,2045; 5.77876;0;0,915826;0,00150992;0,000417633; 20; 0.299200;WHL J214.833-17.18; 5.987760;0,641103;0
1557;PSZ2 G331.12+62.31;205,5502;2,2563; 6.06633;0;0,891934;0,00486581;0,0018702; 21; 0.076500;RXCJ1342.0+0213; 2.455589;0,244691;1
1558;PSZ2 G331.96-45.74;329,5525;-60,4127; 6.18453;0;0,988789;0,0115555;0,00387772; 21; 0.075000;RXCJ2158.4-6023; 2.084438;0,242717;1
1559;PSZ2 G332.11-23.63;281,8545;-63,467; 4.80771;0;0,999931;0,0118305;0,00612821; -1;;;;;0
1560;PSZ2 G332.23-46.37;330,4691;-59,9399;19,68729;0;0,99289;0,0103749;0,00119861; 21; 0.098000;RXCJ2201.9-5956; 5.770868;0,179193;1
1561;PSZ2 G332.29-23.57;281,7984;-63,2898; 5.22767;0;0,995277;0,00932824;0,00199109; 21; 0.014600;RXC J1847.3-6320; 0.785076;0,100614;0
1562;PSZ2 G332.36+62.19;206,1236;2,389; 5.25274;0;0,957472;0,00148936;0,000570667; 24; 0.376445;RMJ134431.8+022244.3; 5.947719;0,673206;0
1563;PSZ2 G332.87-19.26;273,3002;-61,4589;12,16918;0;0,989049;0,00542387;0,000839877; 21; 0.147000;RXC J1813.3-6127; 5.917648;0,311026;1
1564;PSZ2 G333.59+73.19;201,5451;12,4218; 5.82636;0;0,986845;0,00106004;0,000248736; 21; 0.204000;RXC J1326.2+1230; 4.095102;0,445175;0
1565;PSZ2 G333.89-43.60;324,4571;-60,1201; 8.24170;0;0,962418;0,00196792;0,000529934; 20; 0.318000;SPT-CLJ2138-6008; 6.658943;0,471533;1
1566;PSZ2 G335.14+30.70;223,1025;-24,4982; 7.97688;0;0,982294;0,00722558;0,00218219; 20;;ACO  1977;;;0
1567;PSZ2 G335.58-46.44;328,5284;-57,863;14,59793;0;0,99194;0,012637;0,00173075; 21; 0.076000;RXCJ2154.1-5751; 4.186411;0,164524;1
1568;PSZ2 G336.01-51.27;335,9837;-55,3103; 5.69140;0;0,967674;0,00634518;0,00215152; 21; 0.079100;RXCJ2224.4-5515; 2.037933;0,225244;0
1569;PSZ2 G336.60-55.43;341,5717;-52,7221;14,02867;0;0,992101;0,00785395;0,00113685; 21; 0.096500;RXCJ2246.3-5243; 4.279627;0,169755;1
1570;PSZ2 G336.95-45.75;326,6281;-57,2773; 7.18506;0;0,942629;0,00984611;0,00283751; 21; 0.076000;RXCJ2146.3-5717; 2.473550;0,214531;1
1571;PSZ2 G337.01+38.30;220,266;-17,2071; 4.93692;0;0,964312;0,00182658;0,00077624; 16;;;;;0
1572;PSZ2 G337.12-66.02;353,7726;-45,708; 7.45101;0;0,970347;0,00117079;0,000242412; 22; 0.547261;SPT-CLJ2335-4544; 7.120644;0,559743;1
1573;PSZ2 G337.14-25.98;288,6194;-59,4722; 8.20064;0;0,975915;0,00329468;0,000866265; 30; 0.260000;PLCK G337.1-26.0; 6.584915;0,473729;1
1574;PSZ2 G337.23-12.59;265,3503;-54,7811; 6.08205;0;0,995992;0,00351487;0,00129897; -1;;;;;0
1575;PSZ2 G337.90+23.58;229,8026;-29,0701; 7.78943;0;0,07911;0,00226798;0,000440299; -1;;;;;0
1576;PSZ2 G337.91-12.15;265,2563;-53,9835; 6.67659;0;0,992048;0,0025507;0,000745555; -1;;;;;0
1577;PSZ2 G337.92-64.34;351,6723;-46,6118; 4.60963;0;0,988676;0,00173207;0,000861637; -1;;;;;0
1578;PSZ2 G337.95+22.70;230,4399;-29,7549; 6.03163;0;0,046538;0,00255669;0,00109031; -1;;;;;0
1579;PSZ2 G337.99-33.61;303,6793;-59,2175; 4.96941;0;0,948366;0,00093625;0,000218041; -1;;;;;0
1580;PSZ2 G338.04+23.65;229,8801;-28,9405; 6.05953;0;0,034178;0,0047892;0,00126359; -1;;;;;0
1581;PSZ2 G338.21+23.46;230,1449;-29,0008; 6.07903;0;0,82818;0,00163098;0,000319861; -1;;;;;0
1582;PSZ2 G338.25+22.60;230,7619;-29,6805; 5.79289;0;0,018684;0,0129503;0,00629735; -1;;;;;0
1583;PSZ2 G338.52+22.97;230,7419;-29,2307; 6.10741;0;0,032178;0,00301047;0,000905573; -1;;;;;0
1584;PSZ2 G339.47+63.56;208,2927;5,1673; 5.81381;0;0,875952;0,00506388;0,00273947; 21; 0.078800;RXC J1353.0+0509; 2.506246;0,268795;0
1585;PSZ2 G339.63-69.34;356,1849;-42,7169; 9.22504;0;0,971162;0,00160304;0,00030007; 22; 0.596000;SPT-CLJ2344-4243; 8.861940;0,560028;1
1586;PSZ2 G339.74-51.08;333,759;-53,3557; 4.60878;0;0,92095;0,000687123;0,000162736; -1;;;;;0
1587;PSZ2 G340.09+22.89;232,1195;-28,4241;11,35395;0;0,032983;0,00765527;0,00156314; -1;;;;;0
1588;PSZ2 G340.35-42.80;320,1065;-55,9378; 4.96002;0;0,090652;0,00136253;0,000589591; -1;;;;;0
1589;PSZ2 G340.36+60.58;210,2529;2,8708;15,63451;0;0,991746;0,00483211;0,000667726; 20; 0.252800;RXC J1401.0+0252; 9.750274;0,360971;1
1590;PSZ2 G340.46-52.20;335,0802;-52,4518; 6.44101;0;0,916111;0,00423736;0,00140283; 21; 0.102000;BVH2007 230; 2.535663;0,236691;1
1591;PSZ2 G340.88-33.36;303,0839;-56,8148;26,76462;0;0,994106;0,0520956;0,0035477; 21; 0.055600;RXCJ2012.5-5649; 7.035854;0,051292;1
1592;PSZ2 G340.94+35.07;224,8939;-18,1728;10,48678;0;0,979951;0,00561382;0,000941595; 21; 0.235700;RXCJ1459.4-1811; 7.795695;0,45145;1
1593;PSZ2 G340.97+34.18;225,4561;-18,8788; 4.51858;0;0,820847;0,00106517;0,00030863; -1;;;;;0
1594;PSZ2 G341.09-33.15;302,6889;-56,6366; 6.31977;0;0,954536;0,05801;0,00445776; -1;;;;;0
1595;PSZ2 G341.16+34.81;225,2115;-18,2753; 6.19867;0;0,987951;0,00230422;0,000787905; 20; 0.390000;ACO S  783; 7.421017;0,644114;0
1596;PSZ2 G341.19-36.12;308,0656;-56,4352; 6.35170;0;0,998578;0,00166628;0,000540914; 20; 0.284000;SPT-CLJ2032-5627; 5.744352;0,561162;1
1597;PSZ2 G341.44-40.19;315,2556;-55,7166; 5.93693;0;0,91548;0,00199019;0,00106005; 22; 0.250000;SPT-CLJ2101-5542; 4.765805;0,447422;0
1598;PSZ2 G341.69+50.67;216,3349;-4,9949; 4.84531;0;0,986383;0,0012744;0,000461153; 12; 0.330000;; 5.463793;0,704073;0
1599;PSZ2 G342.32+23.51;233,4872;-26,6588; 4.58750;0;0,997859;0,0161531;0,00378662; -1;;;;;0
1600;PSZ2 G342.33-34.93;305,8533;-55,5751; 9.32386;0;0,973777;0,00266634;0,000606477; 21; 0.232000;RXCJ2023.4-5535; 6.677995;0,448999;1
1601;PSZ2 G342.45+24.14;233,155;-26,0996;15,71413;0;0,034706;0,00727415;0,000823187; -1;;;;;0
1602;PSZ2 G342.51-50.97;332,3826;-51,8228; 5.10203;0;0,995776;0,00402574;0,00188519; 21; 0.106500;RXCJ2209.3-5148; 2.368898;0,327805;0
1603;PSZ2 G342.62-39.60;313,9721;-54,915; 4.99840;0;0,96195;0,0024324;0,000936773; 21; 0.139000;RXCJ2055.8-5455; 3.009487;0,327177;0
1604;PSZ2 G342.82-30.48;298,0496;-55,0635;10,50134;0;0,97911;0,0132379;0,00251274; 21; 0.060000;RXCJ1952.2-5503; 3.244582;0,181262;1
1605;PSZ2 G343.33+83.19;197,6043;21,8705; 6.64070;0;0,909048;0,0019167;0,00062544; 24; 0.279734;RMJ131022.2+215005.6; 5.810870;0,524997;1
1606;PSZ2 G343.46+52.65;216,1078;-2,7398; 4.89943;0;0,960357;0,00126376;0,000442544; 16;;;;;0
1607;PSZ2 G343.68+24.10;234,1435;-25,4147; 5.64388;0;0,034154;0,00298649;0,000905666; -1;;;;;0
1608;PSZ2 G343.92+22.67;235,3521;-26,3669; 6.20506;0;0,022765;0,002719;0,000780227; -1;;;;;0
1609;PSZ2 G344.99-81.88;6,3813;-33,0059; 5.23020;0;0,962188;0,00606537;0,00239777; 21; 0.049100;RXCJ0025.5-3302; 1.454706;0,177969;0
1610;PSZ2 G345.32-59.97;343,5941;-46,3583; 6.58532;0;0,964961;0,00176961;0,000618427; 22; 0.270000;SPT-CLJ2254-4620; 5.092779;0,474724;1
1611;PSZ2 G345.38-25.32;290,008;-52,0565; 4.60644;0;0,960597;0,00140012;0,000655591; -1;;;;;0
1612;PSZ2 G345.38-39.32;313,0548;-52,8366; 6.83755;0;0,821654;0,00921727;0,00265906; 30; 0.044831;ABELL 3716S; 1.807948;0,178593;1
1613;PSZ2 G345.82-34.29;304,7042;-52,7152; 5.82347;0;0,990309;0,0150881;0,0087284; 21; 0.050500;RXCJ2018.7-5242; 1.840419;0,207275;0
1614;PSZ2 G346.30-30.35;298,31;-52,0665; 5.22542;0;0,99922;0,00684901;0,00477398; 21; 0.106900;RXCJ1953.0-5201; 2.949260;0,385026;0
1615;PSZ2 G346.36-77.71;2,4866;-35,6649; 4.90224;0;0,919565;0,00122763;0,000581247; 30; 0.120083;ABELL 2730; 2.464465;0,357732;0
1616;PSZ2 G346.61+35.06;228,7524;-15,3566;12,8659;0;0,999732;0,00725182;0,00112609; 21; 0.222600;RXCJ1514.9-1523; 8.860777;0,40548;1
1617;PSZ2 G346.86-45.38;322,4488;-50,7771; 5.24539;0;0,970135;0,00166066;0,000671044; 21; 0.079600;RXCJ2129.8-5048; 2.027428;0,256376;0
1618;PSZ2 G347.17-27.36;293,723;-50,878; 9.81386;0;0,988432;0,00276526;0,000627184; 21; 0.237100;RXCJ1934.7-5053; 7.185605;0,441376;1
1619;PSZ2 G347.27-52.46;332,8312;-48,5355; 4.52687;0;0,946992;0,00064615;0,000155366; 22; 0.240000;SPT-CLJ2211-4833; 3.422418;0,477812;0
1620;PSZ2 G347.58-35.35;306,4545;-51,2771; 5.71393;0;0,987305;0,00168772;0,000724065; 22; 0.220000;ACO S  871; 4.326421;0,429352;0
1621;PSZ2 G347.96+80.46;200,0335;20,2121; 4.73457;0;0,925269;0,00172631;0,000806071; -1;;;;;0
1622;PSZ2 G348.43-25.50;291,2405;-49,4085; 7.00197;0;0,889921;0,00252418;0,00069351; 20; 0.250000;; 5.812987;0,493302;1
1623;PSZ2 G348.46-64.83;348,4781;-42,6726; 4.68209;0;0,976683;0,00255674;0,00141718; 21; 0.056400;RXCJ2313.9-4244; 1.464350;0,219628;0
1624;PSZ2 G348.90-67.37;351,2844;-41,2118; 9.08764;0;0,999313;0,00337733;0,000840106; 22; 0.358000;ACO S 1121; 7.193831;0,485491;1
1625;PSZ2 G349.12+67.62;209,1004;10,7825; 4.96268;0;0,967211;0,00137983;0,000542849; 24; 0.246965;RMJ135620.4+104724.2; 4.257032;0,513952;0
1626;PSZ2 G349.18+38.66;227,9724;-11,2785; 5.15074;0;0,997081;0,00403692;0,00150264; -1;;;;;0
1627;PSZ2 G349.46-59.95;342,2153;-44,526;20,73035;0;0,99174;0,00478506;0,000482269; 21; 0.347500;RXCJ2248.7-4431;11,35923;0,343524;1
1628;PSZ2 G349.50-06.85;266,9918;-41,4479; 7.60605;0;0,933041;0,00593135;0,00130861; -1;;;;;0
1629;PSZ2 G350.12+45.29;224,1126;-5,8176; 5.91961;0;0,988239;0,00251757;0,000906367; 21; 0.220000;RXCJ1456.3-0549; 5.314840;0,551774;0
1630;PSZ2 G351.76-54.71;334,6925;-45,2857; 6.62519;0;0,921992;0,00304204;0,000851934; 20; 0.610000;SPT-CLJ2218-4519; 6.288818;0,659295;1
1631;PSZ2 G352.05-24.01;290,2472;-45,8599; 4.50566;0;0,999128;0,000956682;0,000274222; 20; 0.798000;; 6.578038;0,822044;0
1632;PSZ2 G352.28-77.66;1,4897;-34,7015;10,16829;0;0,990495;0,00575455;0,00119921; 21; 0.114700;RXCJ0006.0-3443; 4.001657;0,248869;1
1633;PSZ2 G353.36-26.49;294,1021;-45,2954; 4.72876;0;0,98645;0,00141094;0,000606958; -1;;;;;0
1634;PSZ2 G355.07+46.20;226,0227;-2,7984; 8.69539;0;0,987251;0,00324815;0,000764953; 21; 0.215300;RXCJ1504.1-0248; 6.666208;0,480016;1
1635;PSZ2 G355.07+55.32;219,614;3,6809; 4.98620;0;0,961439;0,00290431;0,00118812; 24; 0.219392;RMJ143821.9+034013.2; 4.280166;0,530438;0
1636;PSZ2 G355.22-70.03;352,8318;-37,9115; 4.67757;0;0,985107;0,00106986;0,000466003; -1;;;;;0
1637;PSZ2 G355.50+54.72;220,2123;3,4347; 4.53362;0;0,925062;0,00842189;0,0038108; 21; 0.026300;RXC J1440.6+0328; 1.103187;0,181714;0
1638;PSZ2 G356.04-49.50;326,7123;-43,9239; 4.91385;0;0,967015;0,00285525;0,00157904; 21; 0.062000;RXCJ2146.9-4354; 1.666392;0,227945;0
1639;PSZ2 G356.05+70.99;208,5009;14,9025; 5.07538;0;0,875962;0,00250475;0,00114397; 21; 0.125100;RXC J1354.0+1455; 2.945922;0,37173;0
1640;PSZ2 G356.21-43.11;317,834;-44,4344; 5.16629;0;0,99473;0,00335334;0,00190959; -1;;;;;0
1641;PSZ2 G356.25-76.07;359,2638;-34,7883;10,37627;0;0,985637;0,0107815;0,00272553; 21; 0.047500;RXCJ2357.0-3445; 2.468719;0,163126;1
1642;PSZ2 G356.53+28.66;239,6132;-14,1607; 5.14644;0;0,996631;0,00268454;0,00091238; 21; 0.097000;RXCJ1558.3-1410; 2.950506;0,301437;0
1643;PSZ2 G356.88-11.33;276,5106;-37,0974; 5.10584;0;0,998265;0,00176605;0,000859474; -1;;;;;0
1644;PSZ2 G357.43+69.50;209,9648;14,2505; 9.51518;0;0,997602;0,00535347;0,00128547; 25; 0.209000;ZwCl 1357.4+1430; 5.656355;0,352171;1
1645;PSZ2 G357.75-41.77;315,9295;-43,3259; 4.87659;0;0,996266;0,00282406;0,00127377; 21; 0.048700;RXCJ2103.4-4319; 1.546678;0,220982;0
1646;PSZ2 G358.21-87.49;10,5193;-28,5334; 9.10412;0;0,957432;0,00364209;0,000775964; 21; 0.108200;RXCJ0042.1-2832; 3.647853;0,238356;1
1647;PSZ2 G358.34-47.31;323,4857;-42,6664; 5.96189;0;0,981382;0,00261458;0,00087522; 20; 0.200000;RXC J2134.0-4240; 4.206624;0,383748;0
1648;PSZ2 G358.80-10.83;276,9624;-35,1774; 4.65976;0;0,936456;0,000927198;0,000210952; -1;;;;;0
1649;PSZ2 G358.94-70.57;352,7803;-36,5498; 6.05340;0;0,960899;0,00405;0,00144785; 21; 0.095700;RXCJ2331.2-3630; 2.523271;0,246912;1
1650;PSZ2 G358.98-67.26;348,9266;-37,7791; 9.88427;0;0,968665;0,00434688;0,000977858; 21; 0.178600;RXCJ2315.7-3746; 5.224710;0,317408;1
1651;PSZ2 G359.07-32.12;303,0189;-41,4869; 7.64275;0;0,999684;0,00335436;0,000917275; 21; 0.149600;RXCJ2012.0-4129; 4.721086;0,392048;1
1652;PSZ2 G359.60-08.72;275,0918;-33,5317; 4.74027;0;0,932487;0,00250723;0,0012215; -1;;;;;0
1653;PSZ2 G359.67-07.23;273,5496;-32,791; 6.71094;0;0,592032;0,00140459;0,000168955; -1;;;;;0
